Processing http://archive.ambermd.org/2020/01/
[Attempt 1] Failed to fetch http://archive.ambermd.org/2020/01/: 404 Client Error: Not Found for url: http://archive.ambermd.org/2020/01/
[Attempt 2] Failed to fetch http://archive.ambermd.org/2020/01/: 404 Client Error: Not Found for url: http://archive.ambermd.org/2020/01/
[Attempt 3] Failed to fetch http://archive.ambermd.org/2020/01/: 404 Client Error: Not Found for url: http://archive.ambermd.org/2020/01/
Failed to fetch http://archive.ambermd.org/2020/01/ after 3 retries.
Found 0 messages
Processing http://archive.ambermd.org/2020/02/
[Attempt 1] Failed to fetch http://archive.ambermd.org/2020/02/: 404 Client Error: Not Found for url: http://archive.ambermd.org/2020/02/
[Attempt 2] Failed to fetch http://archive.ambermd.org/2020/02/: 404 Client Error: Not Found for url: http://archive.ambermd.org/2020/02/
[Attempt 3] Failed to fetch http://archive.ambermd.org/2020/02/: 404 Client Error: Not Found for url: http://archive.ambermd.org/2020/02/
Failed to fetch http://archive.ambermd.org/2020/02/ after 3 retries.
Found 0 messages
Processing http://archive.ambermd.org/2020/03/
[Attempt 1] Failed to fetch http://archive.ambermd.org/2020/03/: 404 Client Error: Not Found for url: http://archive.ambermd.org/2020/03/
[Attempt 2] Failed to fetch http://archive.ambermd.org/2020/03/: 404 Client Error: Not Found for url: http://archive.ambermd.org/2020/03/
[Attempt 3] Failed to fetch http://archive.ambermd.org/2020/03/: 404 Client Error: Not Found for url: http://archive.ambermd.org/2020/03/
Failed to fetch http://archive.ambermd.org/2020/03/ after 3 retries.
Found 0 messages
Processing http://archive.ambermd.org/2020/04/
[Attempt 1] Failed to fetch http://archive.ambermd.org/2020/04/: 404 Client Error: Not Found for url: http://archive.ambermd.org/2020/04/
[Attempt 2] Failed to fetch http://archive.ambermd.org/2020/04/: 404 Client Error: Not Found for url: http://archive.ambermd.org/2020/04/
[Attempt 3] Failed to fetch http://archive.ambermd.org/2020/04/: 404 Client Error: Not Found for url: http://archive.ambermd.org/2020/04/
Failed to fetch http://archive.ambermd.org/2020/04/ after 3 retries.
Found 0 messages
Processing http://archive.ambermd.org/2020/05/
[Attempt 1] Failed to fetch http://archive.ambermd.org/2020/05/: 404 Client Error: Not Found for url: http://archive.ambermd.org/2020/05/
[Attempt 2] Failed to fetch http://archive.ambermd.org/2020/05/: 404 Client Error: Not Found for url: http://archive.ambermd.org/2020/05/
[Attempt 3] Failed to fetch http://archive.ambermd.org/2020/05/: 404 Client Error: Not Found for url: http://archive.ambermd.org/2020/05/
Failed to fetch http://archive.ambermd.org/2020/05/ after 3 retries.
Found 0 messages
Processing http://archive.ambermd.org/2020/06/
[Attempt 1] Failed to fetch http://archive.ambermd.org/2020/06/: 404 Client Error: Not Found for url: http://archive.ambermd.org/2020/06/
[Attempt 2] Failed to fetch http://archive.ambermd.org/2020/06/: 404 Client Error: Not Found for url: http://archive.ambermd.org/2020/06/
[Attempt 3] Failed to fetch http://archive.ambermd.org/2020/06/: 404 Client Error: Not Found for url: http://archive.ambermd.org/2020/06/
Failed to fetch http://archive.ambermd.org/2020/06/ after 3 retries.
Found 0 messages
Processing http://archive.ambermd.org/2020/07/
[Attempt 1] Failed to fetch http://archive.ambermd.org/2020/07/: 404 Client Error: Not Found for url: http://archive.ambermd.org/2020/07/
[Attempt 2] Failed to fetch http://archive.ambermd.org/2020/07/: 404 Client Error: Not Found for url: http://archive.ambermd.org/2020/07/
[Attempt 3] Failed to fetch http://archive.ambermd.org/2020/07/: 404 Client Error: Not Found for url: http://archive.ambermd.org/2020/07/
Failed to fetch http://archive.ambermd.org/2020/07/ after 3 retries.
Found 0 messages
Processing http://archive.ambermd.org/2020/08/
[Attempt 1] Failed to fetch http://archive.ambermd.org/2020/08/: 404 Client Error: Not Found for url: http://archive.ambermd.org/2020/08/
[Attempt 2] Failed to fetch http://archive.ambermd.org/2020/08/: 404 Client Error: Not Found for url: http://archive.ambermd.org/2020/08/
[Attempt 3] Failed to fetch http://archive.ambermd.org/2020/08/: 404 Client Error: Not Found for url: http://archive.ambermd.org/2020/08/
Failed to fetch http://archive.ambermd.org/2020/08/ after 3 retries.
Found 0 messages
Processing http://archive.ambermd.org/2020/09/
[Attempt 1] Failed to fetch http://archive.ambermd.org/2020/09/: 404 Client Error: Not Found for url: http://archive.ambermd.org/2020/09/
[Attempt 2] Failed to fetch http://archive.ambermd.org/2020/09/: 404 Client Error: Not Found for url: http://archive.ambermd.org/2020/09/
[Attempt 3] Failed to fetch http://archive.ambermd.org/2020/09/: 404 Client Error: Not Found for url: http://archive.ambermd.org/2020/09/
Failed to fetch http://archive.ambermd.org/2020/09/ after 3 retries.
Found 0 messages
Processing http://archive.ambermd.org/2020/10/
[Attempt 1] Failed to fetch http://archive.ambermd.org/2020/10/: 404 Client Error: Not Found for url: http://archive.ambermd.org/2020/10/
[Attempt 2] Failed to fetch http://archive.ambermd.org/2020/10/: 404 Client Error: Not Found for url: http://archive.ambermd.org/2020/10/
[Attempt 3] Failed to fetch http://archive.ambermd.org/2020/10/: 404 Client Error: Not Found for url: http://archive.ambermd.org/2020/10/
Failed to fetch http://archive.ambermd.org/2020/10/ after 3 retries.
Found 0 messages
Processing http://archive.ambermd.org/2020/11/
[Attempt 1] Failed to fetch http://archive.ambermd.org/2020/11/: 404 Client Error: Not Found for url: http://archive.ambermd.org/2020/11/
[Attempt 2] Failed to fetch http://archive.ambermd.org/2020/11/: 404 Client Error: Not Found for url: http://archive.ambermd.org/2020/11/
[Attempt 3] Failed to fetch http://archive.ambermd.org/2020/11/: 404 Client Error: Not Found for url: http://archive.ambermd.org/2020/11/
Failed to fetch http://archive.ambermd.org/2020/11/ after 3 retries.
Found 0 messages
Processing http://archive.ambermd.org/2020/12/
[Attempt 1] Failed to fetch http://archive.ambermd.org/2020/12/: 404 Client Error: Not Found for url: http://archive.ambermd.org/2020/12/
[Attempt 2] Failed to fetch http://archive.ambermd.org/2020/12/: 404 Client Error: Not Found for url: http://archive.ambermd.org/2020/12/
[Attempt 3] Failed to fetch http://archive.ambermd.org/2020/12/: 404 Client Error: Not Found for url: http://archive.ambermd.org/2020/12/
Failed to fetch http://archive.ambermd.org/2020/12/ after 3 retries.
Found 0 messages
Processing http://archive.ambermd.org/2021/01/
[Attempt 1] Failed to fetch http://archive.ambermd.org/2021/01/: 404 Client Error: Not Found for url: http://archive.ambermd.org/2021/01/
[Attempt 2] Failed to fetch http://archive.ambermd.org/2021/01/: 404 Client Error: Not Found for url: http://archive.ambermd.org/2021/01/
[Attempt 3] Failed to fetch http://archive.ambermd.org/2021/01/: 404 Client Error: Not Found for url: http://archive.ambermd.org/2021/01/
Failed to fetch http://archive.ambermd.org/2021/01/ after 3 retries.
Found 0 messages
Processing http://archive.ambermd.org/2021/02/
[Attempt 1] Failed to fetch http://archive.ambermd.org/2021/02/: 404 Client Error: Not Found for url: http://archive.ambermd.org/2021/02/
[Attempt 2] Failed to fetch http://archive.ambermd.org/2021/02/: 404 Client Error: Not Found for url: http://archive.ambermd.org/2021/02/
[Attempt 3] Failed to fetch http://archive.ambermd.org/2021/02/: 404 Client Error: Not Found for url: http://archive.ambermd.org/2021/02/
Failed to fetch http://archive.ambermd.org/2021/02/ after 3 retries.
Found 0 messages
Processing http://archive.ambermd.org/2021/03/
[Attempt 1] Failed to fetch http://archive.ambermd.org/2021/03/: 404 Client Error: Not Found for url: http://archive.ambermd.org/2021/03/
[Attempt 2] Failed to fetch http://archive.ambermd.org/2021/03/: 404 Client Error: Not Found for url: http://archive.ambermd.org/2021/03/
[Attempt 3] Failed to fetch http://archive.ambermd.org/2021/03/: 404 Client Error: Not Found for url: http://archive.ambermd.org/2021/03/
Failed to fetch http://archive.ambermd.org/2021/03/ after 3 retries.
Found 0 messages
Processing http://archive.ambermd.org/2021/04/
[Attempt 1] Failed to fetch http://archive.ambermd.org/2021/04/: 404 Client Error: Not Found for url: http://archive.ambermd.org/2021/04/
[Attempt 2] Failed to fetch http://archive.ambermd.org/2021/04/: 404 Client Error: Not Found for url: http://archive.ambermd.org/2021/04/
[Attempt 3] Failed to fetch http://archive.ambermd.org/2021/04/: 404 Client Error: Not Found for url: http://archive.ambermd.org/2021/04/
Failed to fetch http://archive.ambermd.org/2021/04/ after 3 retries.
Found 0 messages
Processing http://archive.ambermd.org/2021/05/
[Attempt 1] Failed to fetch http://archive.ambermd.org/2021/05/: 404 Client Error: Not Found for url: http://archive.ambermd.org/2021/05/
[Attempt 2] Failed to fetch http://archive.ambermd.org/2021/05/: 404 Client Error: Not Found for url: http://archive.ambermd.org/2021/05/
[Attempt 3] Failed to fetch http://archive.ambermd.org/2021/05/: 404 Client Error: Not Found for url: http://archive.ambermd.org/2021/05/
Failed to fetch http://archive.ambermd.org/2021/05/ after 3 retries.
Found 0 messages
Processing http://archive.ambermd.org/2021/06/
[Attempt 1] Failed to fetch http://archive.ambermd.org/2021/06/: 404 Client Error: Not Found for url: http://archive.ambermd.org/2021/06/
[Attempt 2] Failed to fetch http://archive.ambermd.org/2021/06/: 404 Client Error: Not Found for url: http://archive.ambermd.org/2021/06/
[Attempt 3] Failed to fetch http://archive.ambermd.org/2021/06/: 404 Client Error: Not Found for url: http://archive.ambermd.org/2021/06/
Failed to fetch http://archive.ambermd.org/2021/06/ after 3 retries.
Found 0 messages
Processing http://archive.ambermd.org/2021/07/
[Attempt 1] Failed to fetch http://archive.ambermd.org/2021/07/: 404 Client Error: Not Found for url: http://archive.ambermd.org/2021/07/
[Attempt 2] Failed to fetch http://archive.ambermd.org/2021/07/: 404 Client Error: Not Found for url: http://archive.ambermd.org/2021/07/
[Attempt 3] Failed to fetch http://archive.ambermd.org/2021/07/: 404 Client Error: Not Found for url: http://archive.ambermd.org/2021/07/
Failed to fetch http://archive.ambermd.org/2021/07/ after 3 retries.
Found 0 messages
Processing http://archive.ambermd.org/2021/08/
[Attempt 1] Failed to fetch http://archive.ambermd.org/2021/08/: 404 Client Error: Not Found for url: http://archive.ambermd.org/2021/08/
[Attempt 2] Failed to fetch http://archive.ambermd.org/2021/08/: 404 Client Error: Not Found for url: http://archive.ambermd.org/2021/08/
[Attempt 3] Failed to fetch http://archive.ambermd.org/2021/08/: 404 Client Error: Not Found for url: http://archive.ambermd.org/2021/08/
Failed to fetch http://archive.ambermd.org/2021/08/ after 3 retries.
Found 0 messages
Processing http://archive.ambermd.org/2021/09/
[Attempt 1] Failed to fetch http://archive.ambermd.org/2021/09/: 404 Client Error: Not Found for url: http://archive.ambermd.org/2021/09/
[Attempt 2] Failed to fetch http://archive.ambermd.org/2021/09/: 404 Client Error: Not Found for url: http://archive.ambermd.org/2021/09/
[Attempt 3] Failed to fetch http://archive.ambermd.org/2021/09/: 404 Client Error: Not Found for url: http://archive.ambermd.org/2021/09/
Failed to fetch http://archive.ambermd.org/2021/09/ after 3 retries.
Found 0 messages
Processing http://archive.ambermd.org/2021/10/
[Attempt 1] Failed to fetch http://archive.ambermd.org/2021/10/: 404 Client Error: Not Found for url: http://archive.ambermd.org/2021/10/
[Attempt 2] Failed to fetch http://archive.ambermd.org/2021/10/: 404 Client Error: Not Found for url: http://archive.ambermd.org/2021/10/
[Attempt 3] Failed to fetch http://archive.ambermd.org/2021/10/: 404 Client Error: Not Found for url: http://archive.ambermd.org/2021/10/
Failed to fetch http://archive.ambermd.org/2021/10/ after 3 retries.
Found 0 messages
Processing http://archive.ambermd.org/2021/11/
[Attempt 1] Failed to fetch http://archive.ambermd.org/2021/11/: 404 Client Error: Not Found for url: http://archive.ambermd.org/2021/11/
[Attempt 2] Failed to fetch http://archive.ambermd.org/2021/11/: 404 Client Error: Not Found for url: http://archive.ambermd.org/2021/11/
[Attempt 3] Failed to fetch http://archive.ambermd.org/2021/11/: 404 Client Error: Not Found for url: http://archive.ambermd.org/2021/11/
Failed to fetch http://archive.ambermd.org/2021/11/ after 3 retries.
Found 0 messages
Processing http://archive.ambermd.org/2021/12/
[Attempt 1] Failed to fetch http://archive.ambermd.org/2021/12/: 404 Client Error: Not Found for url: http://archive.ambermd.org/2021/12/
[Attempt 2] Failed to fetch http://archive.ambermd.org/2021/12/: 404 Client Error: Not Found for url: http://archive.ambermd.org/2021/12/
[Attempt 3] Failed to fetch http://archive.ambermd.org/2021/12/: 404 Client Error: Not Found for url: http://archive.ambermd.org/2021/12/
Failed to fetch http://archive.ambermd.org/2021/12/ after 3 retries.
Found 0 messages
Processing http://archive.ambermd.org/2022/01/
[Attempt 1] Failed to fetch http://archive.ambermd.org/2022/01/: 404 Client Error: Not Found for url: http://archive.ambermd.org/2022/01/
[Attempt 2] Failed to fetch http://archive.ambermd.org/2022/01/: 404 Client Error: Not Found for url: http://archive.ambermd.org/2022/01/
[Attempt 3] Failed to fetch http://archive.ambermd.org/2022/01/: 404 Client Error: Not Found for url: http://archive.ambermd.org/2022/01/
Failed to fetch http://archive.ambermd.org/2022/01/ after 3 retries.
Found 0 messages
Processing http://archive.ambermd.org/2022/02/
[Attempt 1] Failed to fetch http://archive.ambermd.org/2022/02/: 404 Client Error: Not Found for url: http://archive.ambermd.org/2022/02/
[Attempt 2] Failed to fetch http://archive.ambermd.org/2022/02/: 404 Client Error: Not Found for url: http://archive.ambermd.org/2022/02/
[Attempt 3] Failed to fetch http://archive.ambermd.org/2022/02/: 404 Client Error: Not Found for url: http://archive.ambermd.org/2022/02/
Failed to fetch http://archive.ambermd.org/2022/02/ after 3 retries.
Found 0 messages
Processing http://archive.ambermd.org/2022/03/
[Attempt 1] Failed to fetch http://archive.ambermd.org/2022/03/: 404 Client Error: Not Found for url: http://archive.ambermd.org/2022/03/
[Attempt 2] Failed to fetch http://archive.ambermd.org/2022/03/: 404 Client Error: Not Found for url: http://archive.ambermd.org/2022/03/
[Attempt 3] Failed to fetch http://archive.ambermd.org/2022/03/: 404 Client Error: Not Found for url: http://archive.ambermd.org/2022/03/
Failed to fetch http://archive.ambermd.org/2022/03/ after 3 retries.
Found 0 messages
Processing http://archive.ambermd.org/2022/04/
[Attempt 1] Failed to fetch http://archive.ambermd.org/2022/04/: 404 Client Error: Not Found for url: http://archive.ambermd.org/2022/04/
[Attempt 2] Failed to fetch http://archive.ambermd.org/2022/04/: 404 Client Error: Not Found for url: http://archive.ambermd.org/2022/04/
[Attempt 3] Failed to fetch http://archive.ambermd.org/2022/04/: 404 Client Error: Not Found for url: http://archive.ambermd.org/2022/04/
Failed to fetch http://archive.ambermd.org/2022/04/ after 3 retries.
Found 0 messages
Processing http://archive.ambermd.org/2022/05/
[Attempt 1] Failed to fetch http://archive.ambermd.org/2022/05/: 404 Client Error: Not Found for url: http://archive.ambermd.org/2022/05/
[Attempt 2] Failed to fetch http://archive.ambermd.org/2022/05/: 404 Client Error: Not Found for url: http://archive.ambermd.org/2022/05/
[Attempt 3] Failed to fetch http://archive.ambermd.org/2022/05/: 404 Client Error: Not Found for url: http://archive.ambermd.org/2022/05/
Failed to fetch http://archive.ambermd.org/2022/05/ after 3 retries.
Found 0 messages
Processing http://archive.ambermd.org/2022/06/
[Attempt 1] Failed to fetch http://archive.ambermd.org/2022/06/: 404 Client Error: Not Found for url: http://archive.ambermd.org/2022/06/
[Attempt 2] Failed to fetch http://archive.ambermd.org/2022/06/: 404 Client Error: Not Found for url: http://archive.ambermd.org/2022/06/
[Attempt 3] Failed to fetch http://archive.ambermd.org/2022/06/: 404 Client Error: Not Found for url: http://archive.ambermd.org/2022/06/
Failed to fetch http://archive.ambermd.org/2022/06/ after 3 retries.
Found 0 messages
Processing http://archive.ambermd.org/2022/07/
[Attempt 1] Failed to fetch http://archive.ambermd.org/2022/07/: 404 Client Error: Not Found for url: http://archive.ambermd.org/2022/07/
[Attempt 2] Failed to fetch http://archive.ambermd.org/2022/07/: 404 Client Error: Not Found for url: http://archive.ambermd.org/2022/07/
[Attempt 3] Failed to fetch http://archive.ambermd.org/2022/07/: 404 Client Error: Not Found for url: http://archive.ambermd.org/2022/07/
Failed to fetch http://archive.ambermd.org/2022/07/ after 3 retries.
Found 0 messages
Processing http://archive.ambermd.org/2022/08/
[Attempt 1] Failed to fetch http://archive.ambermd.org/2022/08/: 404 Client Error: Not Found for url: http://archive.ambermd.org/2022/08/
[Attempt 2] Failed to fetch http://archive.ambermd.org/2022/08/: 404 Client Error: Not Found for url: http://archive.ambermd.org/2022/08/
[Attempt 3] Failed to fetch http://archive.ambermd.org/2022/08/: 404 Client Error: Not Found for url: http://archive.ambermd.org/2022/08/
Failed to fetch http://archive.ambermd.org/2022/08/ after 3 retries.
Found 0 messages
Processing http://archive.ambermd.org/2022/09/
[Attempt 1] Failed to fetch http://archive.ambermd.org/2022/09/: 404 Client Error: Not Found for url: http://archive.ambermd.org/2022/09/
[Attempt 2] Failed to fetch http://archive.ambermd.org/2022/09/: 404 Client Error: Not Found for url: http://archive.ambermd.org/2022/09/
[Attempt 3] Failed to fetch http://archive.ambermd.org/2022/09/: 404 Client Error: Not Found for url: http://archive.ambermd.org/2022/09/
Failed to fetch http://archive.ambermd.org/2022/09/ after 3 retries.
Found 0 messages
Processing http://archive.ambermd.org/2022/10/
[Attempt 1] Failed to fetch http://archive.ambermd.org/2022/10/: 404 Client Error: Not Found for url: http://archive.ambermd.org/2022/10/
[Attempt 2] Failed to fetch http://archive.ambermd.org/2022/10/: 404 Client Error: Not Found for url: http://archive.ambermd.org/2022/10/
[Attempt 3] Failed to fetch http://archive.ambermd.org/2022/10/: 404 Client Error: Not Found for url: http://archive.ambermd.org/2022/10/
Failed to fetch http://archive.ambermd.org/2022/10/ after 3 retries.
Found 0 messages
Processing http://archive.ambermd.org/2022/11/
[Attempt 1] Failed to fetch http://archive.ambermd.org/2022/11/: 404 Client Error: Not Found for url: http://archive.ambermd.org/2022/11/
[Attempt 2] Failed to fetch http://archive.ambermd.org/2022/11/: 404 Client Error: Not Found for url: http://archive.ambermd.org/2022/11/
[Attempt 3] Failed to fetch http://archive.ambermd.org/2022/11/: 404 Client Error: Not Found for url: http://archive.ambermd.org/2022/11/
Failed to fetch http://archive.ambermd.org/2022/11/ after 3 retries.
Found 0 messages
Processing http://archive.ambermd.org/2022/12/
[Attempt 1] Failed to fetch http://archive.ambermd.org/2022/12/: 404 Client Error: Not Found for url: http://archive.ambermd.org/2022/12/
[Attempt 2] Failed to fetch http://archive.ambermd.org/2022/12/: 404 Client Error: Not Found for url: http://archive.ambermd.org/2022/12/
[Attempt 3] Failed to fetch http://archive.ambermd.org/2022/12/: 404 Client Error: Not Found for url: http://archive.ambermd.org/2022/12/
Failed to fetch http://archive.ambermd.org/2022/12/ after 3 retries.
Found 0 messages
Processing http://archive.ambermd.org/2023/01/
[Attempt 1] Failed to fetch http://archive.ambermd.org/2023/01/: 404 Client Error: Not Found for url: http://archive.ambermd.org/2023/01/
[Attempt 2] Failed to fetch http://archive.ambermd.org/2023/01/: 404 Client Error: Not Found for url: http://archive.ambermd.org/2023/01/
[Attempt 3] Failed to fetch http://archive.ambermd.org/2023/01/: 404 Client Error: Not Found for url: http://archive.ambermd.org/2023/01/
Failed to fetch http://archive.ambermd.org/2023/01/ after 3 retries.
Found 0 messages
Processing http://archive.ambermd.org/2023/02/
[Attempt 1] Failed to fetch http://archive.ambermd.org/2023/02/: 404 Client Error: Not Found for url: http://archive.ambermd.org/2023/02/
[Attempt 2] Failed to fetch http://archive.ambermd.org/2023/02/: 404 Client Error: Not Found for url: http://archive.ambermd.org/2023/02/
[Attempt 3] Failed to fetch http://archive.ambermd.org/2023/02/: 404 Client Error: Not Found for url: http://archive.ambermd.org/2023/02/
Failed to fetch http://archive.ambermd.org/2023/02/ after 3 retries.
Found 0 messages
Processing http://archive.ambermd.org/2023/03/
[Attempt 1] Failed to fetch http://archive.ambermd.org/2023/03/: 404 Client Error: Not Found for url: http://archive.ambermd.org/2023/03/
[Attempt 2] Failed to fetch http://archive.ambermd.org/2023/03/: 404 Client Error: Not Found for url: http://archive.ambermd.org/2023/03/
[Attempt 3] Failed to fetch http://archive.ambermd.org/2023/03/: 404 Client Error: Not Found for url: http://archive.ambermd.org/2023/03/
Failed to fetch http://archive.ambermd.org/2023/03/ after 3 retries.
Found 0 messages
Processing http://archive.ambermd.org/2023/04/
[Attempt 1] Failed to fetch http://archive.ambermd.org/2023/04/: 404 Client Error: Not Found for url: http://archive.ambermd.org/2023/04/
[Attempt 2] Failed to fetch http://archive.ambermd.org/2023/04/: 404 Client Error: Not Found for url: http://archive.ambermd.org/2023/04/
[Attempt 3] Failed to fetch http://archive.ambermd.org/2023/04/: 404 Client Error: Not Found for url: http://archive.ambermd.org/2023/04/
Failed to fetch http://archive.ambermd.org/2023/04/ after 3 retries.
Found 0 messages
Processing http://archive.ambermd.org/2023/05/
[Attempt 1] Failed to fetch http://archive.ambermd.org/2023/05/: 404 Client Error: Not Found for url: http://archive.ambermd.org/2023/05/
[Attempt 2] Failed to fetch http://archive.ambermd.org/2023/05/: 404 Client Error: Not Found for url: http://archive.ambermd.org/2023/05/
[Attempt 3] Failed to fetch http://archive.ambermd.org/2023/05/: 404 Client Error: Not Found for url: http://archive.ambermd.org/2023/05/
Failed to fetch http://archive.ambermd.org/2023/05/ after 3 retries.
Found 0 messages
Processing http://archive.ambermd.org/2023/06/
[Attempt 1] Failed to fetch http://archive.ambermd.org/2023/06/: 404 Client Error: Not Found for url: http://archive.ambermd.org/2023/06/
[Attempt 2] Failed to fetch http://archive.ambermd.org/2023/06/: 404 Client Error: Not Found for url: http://archive.ambermd.org/2023/06/
[Attempt 3] Failed to fetch http://archive.ambermd.org/2023/06/: 404 Client Error: Not Found for url: http://archive.ambermd.org/2023/06/
Failed to fetch http://archive.ambermd.org/2023/06/ after 3 retries.
Found 0 messages
Processing http://archive.ambermd.org/2023/07/
[Attempt 1] Failed to fetch http://archive.ambermd.org/2023/07/: 404 Client Error: Not Found for url: http://archive.ambermd.org/2023/07/
[Attempt 2] Failed to fetch http://archive.ambermd.org/2023/07/: 404 Client Error: Not Found for url: http://archive.ambermd.org/2023/07/
[Attempt 3] Failed to fetch http://archive.ambermd.org/2023/07/: 404 Client Error: Not Found for url: http://archive.ambermd.org/2023/07/
Failed to fetch http://archive.ambermd.org/2023/07/ after 3 retries.
Found 0 messages
Processing http://archive.ambermd.org/2023/08/
[Attempt 1] Failed to fetch http://archive.ambermd.org/2023/08/: 404 Client Error: Not Found for url: http://archive.ambermd.org/2023/08/
[Attempt 2] Failed to fetch http://archive.ambermd.org/2023/08/: 404 Client Error: Not Found for url: http://archive.ambermd.org/2023/08/
[Attempt 3] Failed to fetch http://archive.ambermd.org/2023/08/: 404 Client Error: Not Found for url: http://archive.ambermd.org/2023/08/
Failed to fetch http://archive.ambermd.org/2023/08/ after 3 retries.
Found 0 messages
Processing http://archive.ambermd.org/2023/09/
[Attempt 1] Failed to fetch http://archive.ambermd.org/2023/09/: 404 Client Error: Not Found for url: http://archive.ambermd.org/2023/09/
[Attempt 2] Failed to fetch http://archive.ambermd.org/2023/09/: 404 Client Error: Not Found for url: http://archive.ambermd.org/2023/09/
[Attempt 3] Failed to fetch http://archive.ambermd.org/2023/09/: 404 Client Error: Not Found for url: http://archive.ambermd.org/2023/09/
Failed to fetch http://archive.ambermd.org/2023/09/ after 3 retries.
Found 0 messages
Processing http://archive.ambermd.org/2023/10/
[Attempt 1] Failed to fetch http://archive.ambermd.org/2023/10/: 404 Client Error: Not Found for url: http://archive.ambermd.org/2023/10/
[Attempt 2] Failed to fetch http://archive.ambermd.org/2023/10/: 404 Client Error: Not Found for url: http://archive.ambermd.org/2023/10/
[Attempt 3] Failed to fetch http://archive.ambermd.org/2023/10/: 404 Client Error: Not Found for url: http://archive.ambermd.org/2023/10/
Failed to fetch http://archive.ambermd.org/2023/10/ after 3 retries.
Found 0 messages
Processing http://archive.ambermd.org/2023/11/
[Attempt 1] Failed to fetch http://archive.ambermd.org/2023/11/: 404 Client Error: Not Found for url: http://archive.ambermd.org/2023/11/
[Attempt 2] Failed to fetch http://archive.ambermd.org/2023/11/: 404 Client Error: Not Found for url: http://archive.ambermd.org/2023/11/
[Attempt 3] Failed to fetch http://archive.ambermd.org/2023/11/: 404 Client Error: Not Found for url: http://archive.ambermd.org/2023/11/
Failed to fetch http://archive.ambermd.org/2023/11/ after 3 retries.
Found 0 messages
Processing http://archive.ambermd.org/2023/12/
[Attempt 1] Failed to fetch http://archive.ambermd.org/2023/12/: 404 Client Error: Not Found for url: http://archive.ambermd.org/2023/12/
[Attempt 2] Failed to fetch http://archive.ambermd.org/2023/12/: 404 Client Error: Not Found for url: http://archive.ambermd.org/2023/12/
[Attempt 3] Failed to fetch http://archive.ambermd.org/2023/12/: 404 Client Error: Not Found for url: http://archive.ambermd.org/2023/12/
Failed to fetch http://archive.ambermd.org/2023/12/ after 3 retries.
Found 0 messages
Processing http://archive.ambermd.org/2024/01/
[Attempt 1] Failed to fetch http://archive.ambermd.org/2024/01/: 404 Client Error: Not Found for url: http://archive.ambermd.org/2024/01/
[Attempt 2] Failed to fetch http://archive.ambermd.org/2024/01/: 404 Client Error: Not Found for url: http://archive.ambermd.org/2024/01/
[Attempt 3] Failed to fetch http://archive.ambermd.org/2024/01/: 404 Client Error: Not Found for url: http://archive.ambermd.org/2024/01/
Failed to fetch http://archive.ambermd.org/2024/01/ after 3 retries.
Found 0 messages
Processing http://archive.ambermd.org/2024/02/
[Attempt 1] Failed to fetch http://archive.ambermd.org/2024/02/: 404 Client Error: Not Found for url: http://archive.ambermd.org/2024/02/
[Attempt 2] Failed to fetch http://archive.ambermd.org/2024/02/: 404 Client Error: Not Found for url: http://archive.ambermd.org/2024/02/
[Attempt 3] Failed to fetch http://archive.ambermd.org/2024/02/: 404 Client Error: Not Found for url: http://archive.ambermd.org/2024/02/
Failed to fetch http://archive.ambermd.org/2024/02/ after 3 retries.
Found 0 messages
Processing http://archive.ambermd.org/2024/03/
[Attempt 1] Failed to fetch http://archive.ambermd.org/2024/03/: 404 Client Error: Not Found for url: http://archive.ambermd.org/2024/03/
[Attempt 2] Failed to fetch http://archive.ambermd.org/2024/03/: 404 Client Error: Not Found for url: http://archive.ambermd.org/2024/03/
[Attempt 3] Failed to fetch http://archive.ambermd.org/2024/03/: 404 Client Error: Not Found for url: http://archive.ambermd.org/2024/03/
Failed to fetch http://archive.ambermd.org/2024/03/ after 3 retries.
Found 0 messages
Processing http://archive.ambermd.org/2024/04/
[Attempt 1] Failed to fetch http://archive.ambermd.org/2024/04/: 404 Client Error: Not Found for url: http://archive.ambermd.org/2024/04/
[Attempt 2] Failed to fetch http://archive.ambermd.org/2024/04/: 404 Client Error: Not Found for url: http://archive.ambermd.org/2024/04/
[Attempt 3] Failed to fetch http://archive.ambermd.org/2024/04/: 404 Client Error: Not Found for url: http://archive.ambermd.org/2024/04/
Failed to fetch http://archive.ambermd.org/2024/04/ after 3 retries.
Found 0 messages
Processing http://archive.ambermd.org/2024/05/
[Attempt 1] Failed to fetch http://archive.ambermd.org/2024/05/: 404 Client Error: Not Found for url: http://archive.ambermd.org/2024/05/
[Attempt 2] Failed to fetch http://archive.ambermd.org/2024/05/: 404 Client Error: Not Found for url: http://archive.ambermd.org/2024/05/
[Attempt 3] Failed to fetch http://archive.ambermd.org/2024/05/: 404 Client Error: Not Found for url: http://archive.ambermd.org/2024/05/
Failed to fetch http://archive.ambermd.org/2024/05/ after 3 retries.
Found 0 messages
Processing http://archive.ambermd.org/2024/06/
[Attempt 1] Failed to fetch http://archive.ambermd.org/2024/06/: 404 Client Error: Not Found for url: http://archive.ambermd.org/2024/06/
[Attempt 2] Failed to fetch http://archive.ambermd.org/2024/06/: 404 Client Error: Not Found for url: http://archive.ambermd.org/2024/06/
[Attempt 3] Failed to fetch http://archive.ambermd.org/2024/06/: 404 Client Error: Not Found for url: http://archive.ambermd.org/2024/06/
Failed to fetch http://archive.ambermd.org/2024/06/ after 3 retries.
Found 0 messages
Processing http://archive.ambermd.org/2024/07/
[Attempt 1] Failed to fetch http://archive.ambermd.org/2024/07/: 404 Client Error: Not Found for url: http://archive.ambermd.org/2024/07/
[Attempt 2] Failed to fetch http://archive.ambermd.org/2024/07/: 404 Client Error: Not Found for url: http://archive.ambermd.org/2024/07/
[Attempt 3] Failed to fetch http://archive.ambermd.org/2024/07/: 404 Client Error: Not Found for url: http://archive.ambermd.org/2024/07/
Failed to fetch http://archive.ambermd.org/2024/07/ after 3 retries.
Found 0 messages
Processing http://archive.ambermd.org/2024/08/
[Attempt 1] Failed to fetch http://archive.ambermd.org/2024/08/: 404 Client Error: Not Found for url: http://archive.ambermd.org/2024/08/
[Attempt 2] Failed to fetch http://archive.ambermd.org/2024/08/: 404 Client Error: Not Found for url: http://archive.ambermd.org/2024/08/
[Attempt 3] Failed to fetch http://archive.ambermd.org/2024/08/: 404 Client Error: Not Found for url: http://archive.ambermd.org/2024/08/
Failed to fetch http://archive.ambermd.org/2024/08/ after 3 retries.
Found 0 messages
Processing http://archive.ambermd.org/2024/09/
[Attempt 1] Failed to fetch http://archive.ambermd.org/2024/09/: 404 Client Error: Not Found for url: http://archive.ambermd.org/2024/09/
[Attempt 2] Failed to fetch http://archive.ambermd.org/2024/09/: 404 Client Error: Not Found for url: http://archive.ambermd.org/2024/09/
[Attempt 3] Failed to fetch http://archive.ambermd.org/2024/09/: 404 Client Error: Not Found for url: http://archive.ambermd.org/2024/09/
Failed to fetch http://archive.ambermd.org/2024/09/ after 3 retries.
Found 0 messages
Processing http://archive.ambermd.org/2024/10/
[Attempt 1] Failed to fetch http://archive.ambermd.org/2024/10/: 404 Client Error: Not Found for url: http://archive.ambermd.org/2024/10/
[Attempt 2] Failed to fetch http://archive.ambermd.org/2024/10/: 404 Client Error: Not Found for url: http://archive.ambermd.org/2024/10/
[Attempt 3] Failed to fetch http://archive.ambermd.org/2024/10/: 404 Client Error: Not Found for url: http://archive.ambermd.org/2024/10/
Failed to fetch http://archive.ambermd.org/2024/10/ after 3 retries.
Found 0 messages
Processing http://archive.ambermd.org/2024/11/
[Attempt 1] Failed to fetch http://archive.ambermd.org/2024/11/: 404 Client Error: Not Found for url: http://archive.ambermd.org/2024/11/
[Attempt 2] Failed to fetch http://archive.ambermd.org/2024/11/: 404 Client Error: Not Found for url: http://archive.ambermd.org/2024/11/
[Attempt 3] Failed to fetch http://archive.ambermd.org/2024/11/: 404 Client Error: Not Found for url: http://archive.ambermd.org/2024/11/
Failed to fetch http://archive.ambermd.org/2024/11/ after 3 retries.
Found 0 messages
Processing http://archive.ambermd.org/2024/12/
[Attempt 1] Failed to fetch http://archive.ambermd.org/2024/12/: 404 Client Error: Not Found for url: http://archive.ambermd.org/2024/12/
[Attempt 2] Failed to fetch http://archive.ambermd.org/2024/12/: 404 Client Error: Not Found for url: http://archive.ambermd.org/2024/12/
[Attempt 3] Failed to fetch http://archive.ambermd.org/2024/12/: 404 Client Error: Not Found for url: http://archive.ambermd.org/2024/12/
Failed to fetch http://archive.ambermd.org/2024/12/ after 3 retries.
Found 0 messages
Processing http://archive.ambermd.org/2025/01/
[Attempt 1] Failed to fetch http://archive.ambermd.org/2025/01/: 404 Client Error: Not Found for url: http://archive.ambermd.org/2025/01/
[Attempt 2] Failed to fetch http://archive.ambermd.org/2025/01/: 404 Client Error: Not Found for url: http://archive.ambermd.org/2025/01/
[Attempt 3] Failed to fetch http://archive.ambermd.org/2025/01/: 404 Client Error: Not Found for url: http://archive.ambermd.org/2025/01/
Failed to fetch http://archive.ambermd.org/2025/01/ after 3 retries.
Found 0 messages
Processing http://archive.ambermd.org/2025/02/
[Attempt 1] Failed to fetch http://archive.ambermd.org/2025/02/: 404 Client Error: Not Found for url: http://archive.ambermd.org/2025/02/
[Attempt 2] Failed to fetch http://archive.ambermd.org/2025/02/: 404 Client Error: Not Found for url: http://archive.ambermd.org/2025/02/
[Attempt 3] Failed to fetch http://archive.ambermd.org/2025/02/: 404 Client Error: Not Found for url: http://archive.ambermd.org/2025/02/
Failed to fetch http://archive.ambermd.org/2025/02/ after 3 retries.
Found 0 messages
Processing http://archive.ambermd.org/2025/03/
[Attempt 1] Failed to fetch http://archive.ambermd.org/2025/03/: 404 Client Error: Not Found for url: http://archive.ambermd.org/2025/03/
[Attempt 2] Failed to fetch http://archive.ambermd.org/2025/03/: 404 Client Error: Not Found for url: http://archive.ambermd.org/2025/03/
[Attempt 3] Failed to fetch http://archive.ambermd.org/2025/03/: 404 Client Error: Not Found for url: http://archive.ambermd.org/2025/03/
Failed to fetch http://archive.ambermd.org/2025/03/ after 3 retries.
Found 0 messages
Processing http://archive.ambermd.org/2025/04/
[Attempt 1] Failed to fetch http://archive.ambermd.org/2025/04/: 404 Client Error: Not Found for url: http://archive.ambermd.org/2025/04/
[Attempt 2] Failed to fetch http://archive.ambermd.org/2025/04/: 404 Client Error: Not Found for url: http://archive.ambermd.org/2025/04/
[Attempt 3] Failed to fetch http://archive.ambermd.org/2025/04/: 404 Client Error: Not Found for url: http://archive.ambermd.org/2025/04/
Failed to fetch http://archive.ambermd.org/2025/04/ after 3 retries.
Found 0 messages
Processing http://archive.ambermd.org/2025/05/
[Attempt 1] Failed to fetch http://archive.ambermd.org/2025/05/: 404 Client Error: Not Found for url: http://archive.ambermd.org/2025/05/
[Attempt 2] Failed to fetch http://archive.ambermd.org/2025/05/: 404 Client Error: Not Found for url: http://archive.ambermd.org/2025/05/
[Attempt 3] Failed to fetch http://archive.ambermd.org/2025/05/: 404 Client Error: Not Found for url: http://archive.ambermd.org/2025/05/
Failed to fetch http://archive.ambermd.org/2025/05/ after 3 retries.
Found 0 messages
Processing http://archive.ambermd.org/2025/06/
[Attempt 1] Failed to fetch http://archive.ambermd.org/2025/06/: 404 Client Error: Not Found for url: http://archive.ambermd.org/2025/06/
[Attempt 2] Failed to fetch http://archive.ambermd.org/2025/06/: 404 Client Error: Not Found for url: http://archive.ambermd.org/2025/06/
[Attempt 3] Failed to fetch http://archive.ambermd.org/2025/06/: 404 Client Error: Not Found for url: http://archive.ambermd.org/2025/06/
Failed to fetch http://archive.ambermd.org/2025/06/ after 3 retries.
Found 0 messages
Processing http://archive.ambermd.org/2025/07/
[Attempt 1] Failed to fetch http://archive.ambermd.org/2025/07/: 404 Client Error: Not Found for url: http://archive.ambermd.org/2025/07/
[Attempt 2] Failed to fetch http://archive.ambermd.org/2025/07/: 404 Client Error: Not Found for url: http://archive.ambermd.org/2025/07/
[Attempt 3] Failed to fetch http://archive.ambermd.org/2025/07/: 404 Client Error: Not Found for url: http://archive.ambermd.org/2025/07/
Failed to fetch http://archive.ambermd.org/2025/07/ after 3 retries.
Found 0 messages
Processing http://archive.ambermd.org/2025/08/
[Attempt 1] Failed to fetch http://archive.ambermd.org/2025/08/: 404 Client Error: Not Found for url: http://archive.ambermd.org/2025/08/
[Attempt 2] Failed to fetch http://archive.ambermd.org/2025/08/: 404 Client Error: Not Found for url: http://archive.ambermd.org/2025/08/
[Attempt 3] Failed to fetch http://archive.ambermd.org/2025/08/: 404 Client Error: Not Found for url: http://archive.ambermd.org/2025/08/
Failed to fetch http://archive.ambermd.org/2025/08/ after 3 retries.
Found 0 messages
Processing http://archive.ambermd.org/2025/09/
[Attempt 1] Failed to fetch http://archive.ambermd.org/2025/09/: 404 Client Error: Not Found for url: http://archive.ambermd.org/2025/09/
[Attempt 2] Failed to fetch http://archive.ambermd.org/2025/09/: 404 Client Error: Not Found for url: http://archive.ambermd.org/2025/09/
[Attempt 3] Failed to fetch http://archive.ambermd.org/2025/09/: 404 Client Error: Not Found for url: http://archive.ambermd.org/2025/09/
Failed to fetch http://archive.ambermd.org/2025/09/ after 3 retries.
Found 0 messages
Processing http://archive.ambermd.org/2025/10/
[Attempt 1] Failed to fetch http://archive.ambermd.org/2025/10/: 404 Client Error: Not Found for url: http://archive.ambermd.org/2025/10/
[Attempt 2] Failed to fetch http://archive.ambermd.org/2025/10/: 404 Client Error: Not Found for url: http://archive.ambermd.org/2025/10/
[Attempt 3] Failed to fetch http://archive.ambermd.org/2025/10/: 404 Client Error: Not Found for url: http://archive.ambermd.org/2025/10/
Failed to fetch http://archive.ambermd.org/2025/10/ after 3 retries.
Found 0 messages
Processing http://archive.ambermd.org/2025/11/
[Attempt 1] Failed to fetch http://archive.ambermd.org/2025/11/: 404 Client Error: Not Found for url: http://archive.ambermd.org/2025/11/
[Attempt 2] Failed to fetch http://archive.ambermd.org/2025/11/: 404 Client Error: Not Found for url: http://archive.ambermd.org/2025/11/
[Attempt 3] Failed to fetch http://archive.ambermd.org/2025/11/: 404 Client Error: Not Found for url: http://archive.ambermd.org/2025/11/
Failed to fetch http://archive.ambermd.org/2025/11/ after 3 retries.
Found 0 messages
Processing http://archive.ambermd.org/2025/12/
[Attempt 1] Failed to fetch http://archive.ambermd.org/2025/12/: 404 Client Error: Not Found for url: http://archive.ambermd.org/2025/12/
[Attempt 2] Failed to fetch http://archive.ambermd.org/2025/12/: 404 Client Error: Not Found for url: http://archive.ambermd.org/2025/12/
[Attempt 3] Failed to fetch http://archive.ambermd.org/2025/12/: 404 Client Error: Not Found for url: http://archive.ambermd.org/2025/12/
Failed to fetch http://archive.ambermd.org/2025/12/ after 3 retries.
Found 0 messages
[SUCCESS] http://archive.ambermd.org/
Processing 2020 Jan → http://archive.ambermd.org/202001/
[SUCCESS] http://archive.ambermd.org/202001/
[SUCCESS] http://archive.ambermd.org/202001/0000.html
Saved 2020-Jan-0000
[SUCCESS] http://archive.ambermd.org/202001/0005.html
Saved 2020-Jan-0005
[SUCCESS] http://archive.ambermd.org/202001/0001.html
Saved 2020-Jan-0001
[SUCCESS] http://archive.ambermd.org/202001/0002.html
Saved 2020-Jan-0002
[SUCCESS] http://archive.ambermd.org/202001/0004.html
Saved 2020-Jan-0004
[SUCCESS] http://archive.ambermd.org/202001/0006.html
Saved 2020-Jan-0006
[SUCCESS] http://archive.ambermd.org/202001/0003.html
Saved 2020-Jan-0003
[SUCCESS] http://archive.ambermd.org/202001/0007.html
Saved 2020-Jan-0007
[SUCCESS] http://archive.ambermd.org/202001/0057.html
Saved 2020-Jan-0057
[SUCCESS] http://archive.ambermd.org/202001/0008.html
Saved 2020-Jan-0008
[SUCCESS] http://archive.ambermd.org/202001/0055.html
Saved 2020-Jan-0055
[SUCCESS] http://archive.ambermd.org/202001/0318.html
Saved 2020-Jan-0318
[SUCCESS] http://archive.ambermd.org/202001/0009.html
Saved 2020-Jan-0009
[SUCCESS] http://archive.ambermd.org/202001/0010.html
Saved 2020-Jan-0010
[SUCCESS] http://archive.ambermd.org/202001/0017.html
Saved 2020-Jan-0017
[SUCCESS] http://archive.ambermd.org/202001/0011.html
Saved 2020-Jan-0011
[SUCCESS] http://archive.ambermd.org/202001/0012.html
Saved 2020-Jan-0012
[SUCCESS] http://archive.ambermd.org/202001/0013.html
Saved 2020-Jan-0013
[SUCCESS] http://archive.ambermd.org/202001/0014.html
Saved 2020-Jan-0014
[SUCCESS] http://archive.ambermd.org/202001/0019.html
Saved 2020-Jan-0019
[SUCCESS] http://archive.ambermd.org/202001/0022.html
Saved 2020-Jan-0022
[SUCCESS] http://archive.ambermd.org/202001/0023.html
Saved 2020-Jan-0023
[SUCCESS] http://archive.ambermd.org/202001/0035.html
Saved 2020-Jan-0035
[SUCCESS] http://archive.ambermd.org/202001/0015.html
Saved 2020-Jan-0015
[SUCCESS] http://archive.ambermd.org/202001/0018.html
Saved 2020-Jan-0018
[SUCCESS] http://archive.ambermd.org/202001/0016.html
Saved 2020-Jan-0016
[SUCCESS] http://archive.ambermd.org/202001/0020.html
Saved 2020-Jan-0020
[SUCCESS] http://archive.ambermd.org/202001/0021.html
Saved 2020-Jan-0021
[SUCCESS] http://archive.ambermd.org/202001/0024.html
Saved 2020-Jan-0024
[SUCCESS] http://archive.ambermd.org/202001/0025.html
Saved 2020-Jan-0025
[SUCCESS] http://archive.ambermd.org/202001/0026.html
Saved 2020-Jan-0026
[SUCCESS] http://archive.ambermd.org/202001/0027.html
Saved 2020-Jan-0027
[SUCCESS] http://archive.ambermd.org/202001/0028.html
Saved 2020-Jan-0028
[SUCCESS] http://archive.ambermd.org/202001/0029.html
Saved 2020-Jan-0029
[SUCCESS] http://archive.ambermd.org/202001/0054.html
Saved 2020-Jan-0054
[SUCCESS] http://archive.ambermd.org/202001/0060.html
Saved 2020-Jan-0060
[SUCCESS] http://archive.ambermd.org/202001/0073.html
Saved 2020-Jan-0073
[SUCCESS] http://archive.ambermd.org/202001/0030.html
Saved 2020-Jan-0030
[SUCCESS] http://archive.ambermd.org/202001/0033.html
Saved 2020-Jan-0033
[SUCCESS] http://archive.ambermd.org/202001/0031.html
Saved 2020-Jan-0031
[SUCCESS] http://archive.ambermd.org/202001/0034.html
Saved 2020-Jan-0034
[SUCCESS] http://archive.ambermd.org/202001/0032.html
Saved 2020-Jan-0032
[SUCCESS] http://archive.ambermd.org/202001/0036.html
Saved 2020-Jan-0036
[SUCCESS] http://archive.ambermd.org/202001/0040.html
Saved 2020-Jan-0040
[SUCCESS] http://archive.ambermd.org/202001/0037.html
Saved 2020-Jan-0037
[SUCCESS] http://archive.ambermd.org/202001/0038.html
Saved 2020-Jan-0038
[SUCCESS] http://archive.ambermd.org/202001/0039.html
Saved 2020-Jan-0039
[SUCCESS] http://archive.ambermd.org/202001/0046.html
Saved 2020-Jan-0046
[SUCCESS] http://archive.ambermd.org/202001/0041.html
Saved 2020-Jan-0041
[SUCCESS] http://archive.ambermd.org/202001/0042.html
Saved 2020-Jan-0042
[SUCCESS] http://archive.ambermd.org/202001/0043.html
Saved 2020-Jan-0043
[SUCCESS] http://archive.ambermd.org/202001/0044.html
Saved 2020-Jan-0044
[SUCCESS] http://archive.ambermd.org/202001/0045.html
Saved 2020-Jan-0045
[SUCCESS] http://archive.ambermd.org/202001/0048.html
Saved 2020-Jan-0048
[SUCCESS] http://archive.ambermd.org/202001/0050.html
Saved 2020-Jan-0050
[SUCCESS] http://archive.ambermd.org/202001/0051.html
Saved 2020-Jan-0051
[SUCCESS] http://archive.ambermd.org/202001/0052.html
Saved 2020-Jan-0052
[SUCCESS] http://archive.ambermd.org/202001/0047.html
Saved 2020-Jan-0047
[SUCCESS] http://archive.ambermd.org/202001/0049.html
Saved 2020-Jan-0049
[SUCCESS] http://archive.ambermd.org/202001/0070.html
Saved 2020-Jan-0070
[SUCCESS] http://archive.ambermd.org/202001/0053.html
Saved 2020-Jan-0053
[SUCCESS] http://archive.ambermd.org/202001/0062.html
Saved 2020-Jan-0062
[SUCCESS] http://archive.ambermd.org/202001/0080.html
Saved 2020-Jan-0080
[SUCCESS] http://archive.ambermd.org/202001/0056.html
Saved 2020-Jan-0056
[SUCCESS] http://archive.ambermd.org/202001/0058.html
Saved 2020-Jan-0058
[SUCCESS] http://archive.ambermd.org/202001/0109.html
Saved 2020-Jan-0109
[SUCCESS] http://archive.ambermd.org/202001/0059.html
Saved 2020-Jan-0059
[SUCCESS] http://archive.ambermd.org/202001/0061.html
Saved 2020-Jan-0061
[SUCCESS] http://archive.ambermd.org/202001/0063.html
Saved 2020-Jan-0063
[SUCCESS] http://archive.ambermd.org/202001/0064.html
Saved 2020-Jan-0064
[SUCCESS] http://archive.ambermd.org/202001/0065.html
Saved 2020-Jan-0065
[SUCCESS] http://archive.ambermd.org/202001/0075.html
Saved 2020-Jan-0075
[SUCCESS] http://archive.ambermd.org/202001/0079.html
Saved 2020-Jan-0079
[SUCCESS] http://archive.ambermd.org/202001/0074.html
Saved 2020-Jan-0074
[SUCCESS] http://archive.ambermd.org/202001/0066.html
Saved 2020-Jan-0066
[SUCCESS] http://archive.ambermd.org/202001/0067.html
Saved 2020-Jan-0067
[SUCCESS] http://archive.ambermd.org/202001/0069.html
Saved 2020-Jan-0069
[SUCCESS] http://archive.ambermd.org/202001/0072.html
Saved 2020-Jan-0072
[SUCCESS] http://archive.ambermd.org/202001/0098.html
Saved 2020-Jan-0098
[SUCCESS] http://archive.ambermd.org/202001/0117.html
Saved 2020-Jan-0117
[SUCCESS] http://archive.ambermd.org/202001/0068.html
Saved 2020-Jan-0068
[SUCCESS] http://archive.ambermd.org/202001/0071.html
Saved 2020-Jan-0071
[SUCCESS] http://archive.ambermd.org/202001/0076.html
Saved 2020-Jan-0076
[SUCCESS] http://archive.ambermd.org/202001/0077.html
Saved 2020-Jan-0077
[SUCCESS] http://archive.ambermd.org/202001/0078.html
Saved 2020-Jan-0078
[SUCCESS] http://archive.ambermd.org/202001/0082.html
Saved 2020-Jan-0082
[SUCCESS] http://archive.ambermd.org/202001/0081.html
Saved 2020-Jan-0081
[SUCCESS] http://archive.ambermd.org/202001/0083.html
Saved 2020-Jan-0083
[SUCCESS] http://archive.ambermd.org/202001/0084.html
Saved 2020-Jan-0084
[SUCCESS] http://archive.ambermd.org/202001/0088.html
Saved 2020-Jan-0088
[SUCCESS] http://archive.ambermd.org/202001/0094.html
Saved 2020-Jan-0094
[SUCCESS] http://archive.ambermd.org/202001/0108.html
Saved 2020-Jan-0108
[SUCCESS] http://archive.ambermd.org/202001/0111.html
Saved 2020-Jan-0111
[SUCCESS] http://archive.ambermd.org/202001/0085.html
Saved 2020-Jan-0085
[SUCCESS] http://archive.ambermd.org/202001/0086.html
Saved 2020-Jan-0086
[SUCCESS] http://archive.ambermd.org/202001/0089.html
Saved 2020-Jan-0089
[SUCCESS] http://archive.ambermd.org/202001/0139.html
Saved 2020-Jan-0139
[SUCCESS] http://archive.ambermd.org/202001/0140.html
Saved 2020-Jan-0140
[SUCCESS] http://archive.ambermd.org/202001/0087.html
Saved 2020-Jan-0087
[SUCCESS] http://archive.ambermd.org/202001/0097.html
Saved 2020-Jan-0097
[SUCCESS] http://archive.ambermd.org/202001/0090.html
Saved 2020-Jan-0090
[SUCCESS] http://archive.ambermd.org/202001/0091.html
Saved 2020-Jan-0091
[SUCCESS] http://archive.ambermd.org/202001/0092.html
Saved 2020-Jan-0092
[SUCCESS] http://archive.ambermd.org/202001/0093.html
Saved 2020-Jan-0093
[SUCCESS] http://archive.ambermd.org/202001/0095.html
Saved 2020-Jan-0095
[SUCCESS] http://archive.ambermd.org/202001/0096.html
Saved 2020-Jan-0096
[SUCCESS] http://archive.ambermd.org/202001/0099.html
Saved 2020-Jan-0099
[SUCCESS] http://archive.ambermd.org/202001/0107.html
Saved 2020-Jan-0107
[SUCCESS] http://archive.ambermd.org/202001/0112.html
Saved 2020-Jan-0112
[SUCCESS] http://archive.ambermd.org/202001/0100.html
Saved 2020-Jan-0100
[SUCCESS] http://archive.ambermd.org/202001/0114.html
Saved 2020-Jan-0114
[SUCCESS] http://archive.ambermd.org/202001/0101.html
Saved 2020-Jan-0101
[SUCCESS] http://archive.ambermd.org/202001/0102.html
Saved 2020-Jan-0102
[SUCCESS] http://archive.ambermd.org/202001/0103.html
Saved 2020-Jan-0103
[SUCCESS] http://archive.ambermd.org/202001/0104.html
Saved 2020-Jan-0104
[SUCCESS] http://archive.ambermd.org/202001/0105.html
Saved 2020-Jan-0105
[SUCCESS] http://archive.ambermd.org/202001/0106.html
Saved 2020-Jan-0106
[SUCCESS] http://archive.ambermd.org/202001/0110.html
Saved 2020-Jan-0110
[SUCCESS] http://archive.ambermd.org/202001/0124.html
Saved 2020-Jan-0124
[SUCCESS] http://archive.ambermd.org/202001/0125.html
Saved 2020-Jan-0125
[SUCCESS] http://archive.ambermd.org/202001/0126.html
Saved 2020-Jan-0126
[SUCCESS] http://archive.ambermd.org/202001/0113.html
Saved 2020-Jan-0113
[SUCCESS] http://archive.ambermd.org/202001/0119.html
Saved 2020-Jan-0119
[SUCCESS] http://archive.ambermd.org/202001/0115.html
Saved 2020-Jan-0115
[SUCCESS] http://archive.ambermd.org/202001/0116.html
Saved 2020-Jan-0116
[SUCCESS] http://archive.ambermd.org/202001/0120.html
Saved 2020-Jan-0120
[SUCCESS] http://archive.ambermd.org/202001/0118.html
Saved 2020-Jan-0118
[SUCCESS] http://archive.ambermd.org/202001/0121.html
Saved 2020-Jan-0121
[SUCCESS] http://archive.ambermd.org/202001/0122.html
Saved 2020-Jan-0122
[SUCCESS] http://archive.ambermd.org/202001/0123.html
Saved 2020-Jan-0123
[SUCCESS] http://archive.ambermd.org/202001/0143.html
Saved 2020-Jan-0143
[SUCCESS] http://archive.ambermd.org/202001/0144.html
Saved 2020-Jan-0144
[SUCCESS] http://archive.ambermd.org/202001/0154.html
Saved 2020-Jan-0154
[SUCCESS] http://archive.ambermd.org/202001/0155.html
Saved 2020-Jan-0155
[SUCCESS] http://archive.ambermd.org/202001/0127.html
Saved 2020-Jan-0127
[SUCCESS] http://archive.ambermd.org/202001/0128.html
Saved 2020-Jan-0128
[SUCCESS] http://archive.ambermd.org/202001/0129.html
Saved 2020-Jan-0129
[SUCCESS] http://archive.ambermd.org/202001/0137.html
Saved 2020-Jan-0137
[SUCCESS] http://archive.ambermd.org/202001/0138.html
Saved 2020-Jan-0138
[SUCCESS] http://archive.ambermd.org/202001/0130.html
Saved 2020-Jan-0130
[SUCCESS] http://archive.ambermd.org/202001/0177.html
Saved 2020-Jan-0177
[SUCCESS] http://archive.ambermd.org/202001/0131.html
Saved 2020-Jan-0131
[SUCCESS] http://archive.ambermd.org/202001/0134.html
Saved 2020-Jan-0134
[SUCCESS] http://archive.ambermd.org/202001/0136.html
Saved 2020-Jan-0136
[SUCCESS] http://archive.ambermd.org/202001/0146.html
Saved 2020-Jan-0146
[SUCCESS] http://archive.ambermd.org/202001/0135.html
Saved 2020-Jan-0135
[SUCCESS] http://archive.ambermd.org/202001/0132.html
Saved 2020-Jan-0132
[SUCCESS] http://archive.ambermd.org/202001/0142.html
Saved 2020-Jan-0142
[SUCCESS] http://archive.ambermd.org/202001/0133.html
Saved 2020-Jan-0133
[SUCCESS] http://archive.ambermd.org/202001/0141.html
Saved 2020-Jan-0141
[SUCCESS] http://archive.ambermd.org/202001/0145.html
Saved 2020-Jan-0145
[SUCCESS] http://archive.ambermd.org/202001/0147.html
Saved 2020-Jan-0147
[SUCCESS] http://archive.ambermd.org/202001/0148.html
Saved 2020-Jan-0148
[SUCCESS] http://archive.ambermd.org/202001/0150.html
Saved 2020-Jan-0150
[SUCCESS] http://archive.ambermd.org/202001/0149.html
Saved 2020-Jan-0149
[SUCCESS] http://archive.ambermd.org/202001/0151.html
Saved 2020-Jan-0151
[SUCCESS] http://archive.ambermd.org/202001/0152.html
Saved 2020-Jan-0152
[SUCCESS] http://archive.ambermd.org/202001/0153.html
Saved 2020-Jan-0153
[SUCCESS] http://archive.ambermd.org/202001/0156.html
Saved 2020-Jan-0156
[SUCCESS] http://archive.ambermd.org/202001/0157.html
Saved 2020-Jan-0157
[SUCCESS] http://archive.ambermd.org/202001/0159.html
Saved 2020-Jan-0159
[SUCCESS] http://archive.ambermd.org/202001/0192.html
Saved 2020-Jan-0192
[SUCCESS] http://archive.ambermd.org/202001/0193.html
Saved 2020-Jan-0193
[SUCCESS] http://archive.ambermd.org/202001/0194.html
Saved 2020-Jan-0194
[SUCCESS] http://archive.ambermd.org/202001/0196.html
Saved 2020-Jan-0196
[SUCCESS] http://archive.ambermd.org/202001/0200.html
Saved 2020-Jan-0200
[SUCCESS] http://archive.ambermd.org/202001/0201.html
Saved 2020-Jan-0201
[SUCCESS] http://archive.ambermd.org/202001/0158.html
Saved 2020-Jan-0158
[SUCCESS] http://archive.ambermd.org/202001/0160.html
Saved 2020-Jan-0160
[SUCCESS] http://archive.ambermd.org/202001/0163.html
Saved 2020-Jan-0163
[SUCCESS] http://archive.ambermd.org/202001/0164.html
Saved 2020-Jan-0164
[SUCCESS] http://archive.ambermd.org/202001/0165.html
Saved 2020-Jan-0165
[SUCCESS] http://archive.ambermd.org/202001/0166.html
Saved 2020-Jan-0166
[SUCCESS] http://archive.ambermd.org/202001/0168.html
Saved 2020-Jan-0168
[SUCCESS] http://archive.ambermd.org/202001/0174.html
Saved 2020-Jan-0174
[SUCCESS] http://archive.ambermd.org/202001/0197.html
Saved 2020-Jan-0197
[SUCCESS] http://archive.ambermd.org/202001/0198.html
Saved 2020-Jan-0198
[SUCCESS] http://archive.ambermd.org/202001/0199.html
Saved 2020-Jan-0199
[SUCCESS] http://archive.ambermd.org/202001/0161.html
Saved 2020-Jan-0161
[SUCCESS] http://archive.ambermd.org/202001/0171.html
Saved 2020-Jan-0171
[SUCCESS] http://archive.ambermd.org/202001/0162.html
Saved 2020-Jan-0162
[SUCCESS] http://archive.ambermd.org/202001/0215.html
Saved 2020-Jan-0215
[SUCCESS] http://archive.ambermd.org/202001/0167.html
Saved 2020-Jan-0167
[SUCCESS] http://archive.ambermd.org/202001/0169.html
Saved 2020-Jan-0169
[SUCCESS] http://archive.ambermd.org/202001/0170.html
Saved 2020-Jan-0170
[SUCCESS] http://archive.ambermd.org/202001/0173.html
Saved 2020-Jan-0173
[SUCCESS] http://archive.ambermd.org/202001/0175.html
Saved 2020-Jan-0175
[SUCCESS] http://archive.ambermd.org/202001/0189.html
Saved 2020-Jan-0189
[SUCCESS] http://archive.ambermd.org/202001/0213.html
Saved 2020-Jan-0213
[SUCCESS] http://archive.ambermd.org/202001/0221.html
Saved 2020-Jan-0221
[SUCCESS] http://archive.ambermd.org/202001/0172.html
Saved 2020-Jan-0172
[SUCCESS] http://archive.ambermd.org/202001/0176.html
Saved 2020-Jan-0176
[SUCCESS] http://archive.ambermd.org/202001/0178.html
Saved 2020-Jan-0178
[SUCCESS] http://archive.ambermd.org/202001/0183.html
Saved 2020-Jan-0183
[SUCCESS] http://archive.ambermd.org/202001/0179.html
Saved 2020-Jan-0179
[SUCCESS] http://archive.ambermd.org/202001/0184.html
Saved 2020-Jan-0184
[SUCCESS] http://archive.ambermd.org/202001/0180.html
Saved 2020-Jan-0180
[SUCCESS] http://archive.ambermd.org/202001/0181.html
Saved 2020-Jan-0181
[SUCCESS] http://archive.ambermd.org/202001/0182.html
Saved 2020-Jan-0182
[SUCCESS] http://archive.ambermd.org/202001/0186.html
Saved 2020-Jan-0186
[SUCCESS] http://archive.ambermd.org/202001/0190.html
Saved 2020-Jan-0190
[SUCCESS] http://archive.ambermd.org/202001/0228.html
Saved 2020-Jan-0228
[SUCCESS] http://archive.ambermd.org/202001/0242.html
Saved 2020-Jan-0242
[SUCCESS] http://archive.ambermd.org/202001/0185.html
Saved 2020-Jan-0185
[SUCCESS] http://archive.ambermd.org/202001/0195.html
Saved 2020-Jan-0195
[SUCCESS] http://archive.ambermd.org/202001/0260.html
Saved 2020-Jan-0260
[SUCCESS] http://archive.ambermd.org/202001/0187.html
Saved 2020-Jan-0187
[SUCCESS] http://archive.ambermd.org/202001/0188.html
Saved 2020-Jan-0188
[SUCCESS] http://archive.ambermd.org/202001/0191.html
Saved 2020-Jan-0191
[SUCCESS] http://archive.ambermd.org/202001/0202.html
Saved 2020-Jan-0202
[SUCCESS] http://archive.ambermd.org/202001/0203.html
Saved 2020-Jan-0203
[SUCCESS] http://archive.ambermd.org/202001/0223.html
Saved 2020-Jan-0223
[SUCCESS] http://archive.ambermd.org/202001/0244.html
Saved 2020-Jan-0244
[SUCCESS] http://archive.ambermd.org/202001/0249.html
Saved 2020-Jan-0249
[SUCCESS] http://archive.ambermd.org/202001/0204.html
Saved 2020-Jan-0204
[SUCCESS] http://archive.ambermd.org/202001/0205.html
Saved 2020-Jan-0205
[SUCCESS] http://archive.ambermd.org/202001/0206.html
Saved 2020-Jan-0206
[SUCCESS] http://archive.ambermd.org/202001/0211.html
Saved 2020-Jan-0211
[SUCCESS] http://archive.ambermd.org/202001/0218.html
Saved 2020-Jan-0218
[SUCCESS] http://archive.ambermd.org/202001/0207.html
Saved 2020-Jan-0207
[SUCCESS] http://archive.ambermd.org/202001/0214.html
Saved 2020-Jan-0214
[SUCCESS] http://archive.ambermd.org/202001/0224.html
Saved 2020-Jan-0224
[SUCCESS] http://archive.ambermd.org/202001/0208.html
Saved 2020-Jan-0208
[SUCCESS] http://archive.ambermd.org/202001/0209.html
Saved 2020-Jan-0209
[SUCCESS] http://archive.ambermd.org/202001/0212.html
Saved 2020-Jan-0212
[SUCCESS] http://archive.ambermd.org/202001/0210.html
Saved 2020-Jan-0210
[SUCCESS] http://archive.ambermd.org/202001/0216.html
Saved 2020-Jan-0216
[SUCCESS] http://archive.ambermd.org/202001/0217.html
Saved 2020-Jan-0217
[SUCCESS] http://archive.ambermd.org/202001/0220.html
Saved 2020-Jan-0220
[SUCCESS] http://archive.ambermd.org/202001/0227.html
Saved 2020-Jan-0227
[SUCCESS] http://archive.ambermd.org/202001/0219.html
Saved 2020-Jan-0219
[SUCCESS] http://archive.ambermd.org/202001/0222.html
Saved 2020-Jan-0222
[SUCCESS] http://archive.ambermd.org/202001/0225.html
Saved 2020-Jan-0225
[SUCCESS] http://archive.ambermd.org/202001/0226.html
Saved 2020-Jan-0226
[SUCCESS] http://archive.ambermd.org/202001/0278.html
Saved 2020-Jan-0278
[SUCCESS] http://archive.ambermd.org/202001/0288.html
Saved 2020-Jan-0288
[SUCCESS] http://archive.ambermd.org/202001/0229.html
Saved 2020-Jan-0229
[SUCCESS] http://archive.ambermd.org/202001/0246.html
Saved 2020-Jan-0246
[SUCCESS] http://archive.ambermd.org/202001/0230.html
Saved 2020-Jan-0230
[SUCCESS] http://archive.ambermd.org/202001/0234.html
Saved 2020-Jan-0234
[SUCCESS] http://archive.ambermd.org/202001/0236.html
Saved 2020-Jan-0236
[SUCCESS] http://archive.ambermd.org/202001/0238.html
Saved 2020-Jan-0238
[SUCCESS] http://archive.ambermd.org/202001/0240.html
Saved 2020-Jan-0240
[SUCCESS] http://archive.ambermd.org/202001/0248.html
Saved 2020-Jan-0248
[SUCCESS] http://archive.ambermd.org/202001/0254.html
Saved 2020-Jan-0254
[SUCCESS] http://archive.ambermd.org/202001/0284.html
Saved 2020-Jan-0284
[SUCCESS] http://archive.ambermd.org/202001/0231.html
Saved 2020-Jan-0231
[SUCCESS] http://archive.ambermd.org/202001/0232.html
Saved 2020-Jan-0232
[SUCCESS] http://archive.ambermd.org/202001/0233.html
Saved 2020-Jan-0233
[SUCCESS] http://archive.ambermd.org/202001/0235.html
Saved 2020-Jan-0235
[SUCCESS] http://archive.ambermd.org/202001/0237.html
Saved 2020-Jan-0237
[SUCCESS] http://archive.ambermd.org/202001/0239.html
Saved 2020-Jan-0239
[SUCCESS] http://archive.ambermd.org/202001/0241.html
Saved 2020-Jan-0241
[SUCCESS] http://archive.ambermd.org/202001/0243.html
Saved 2020-Jan-0243
[SUCCESS] http://archive.ambermd.org/202001/0245.html
Saved 2020-Jan-0245
[SUCCESS] http://archive.ambermd.org/202001/0323.html
Saved 2020-Jan-0323
[SUCCESS] http://archive.ambermd.org/202001/0247.html
Saved 2020-Jan-0247
[SUCCESS] http://archive.ambermd.org/202001/0251.html
Saved 2020-Jan-0251
[SUCCESS] http://archive.ambermd.org/202001/0261.html
Saved 2020-Jan-0261
[SUCCESS] http://archive.ambermd.org/202001/0267.html
Saved 2020-Jan-0267
[SUCCESS] http://archive.ambermd.org/202001/0250.html
Saved 2020-Jan-0250
[SUCCESS] http://archive.ambermd.org/202001/0252.html
Saved 2020-Jan-0252
[SUCCESS] http://archive.ambermd.org/202001/0255.html
Saved 2020-Jan-0255
[SUCCESS] http://archive.ambermd.org/202001/0256.html
Saved 2020-Jan-0256
[SUCCESS] http://archive.ambermd.org/202001/0257.html
Saved 2020-Jan-0257
[SUCCESS] http://archive.ambermd.org/202001/0258.html
Saved 2020-Jan-0258
[SUCCESS] http://archive.ambermd.org/202001/0259.html
Saved 2020-Jan-0259
[SUCCESS] http://archive.ambermd.org/202001/0253.html
Saved 2020-Jan-0253
[SUCCESS] http://archive.ambermd.org/202001/0262.html
Saved 2020-Jan-0262
[SUCCESS] http://archive.ambermd.org/202001/0264.html
Saved 2020-Jan-0264
[SUCCESS] http://archive.ambermd.org/202001/0266.html
Saved 2020-Jan-0266
[SUCCESS] http://archive.ambermd.org/202001/0268.html
Saved 2020-Jan-0268
[SUCCESS] http://archive.ambermd.org/202001/0269.html
Saved 2020-Jan-0269
[SUCCESS] http://archive.ambermd.org/202001/0270.html
Saved 2020-Jan-0270
[SUCCESS] http://archive.ambermd.org/202001/0273.html
Saved 2020-Jan-0273
[SUCCESS] http://archive.ambermd.org/202001/0275.html
Saved 2020-Jan-0275
[SUCCESS] http://archive.ambermd.org/202001/0276.html
Saved 2020-Jan-0276
[SUCCESS] http://archive.ambermd.org/202001/0279.html
Saved 2020-Jan-0279
[SUCCESS] http://archive.ambermd.org/202001/0280.html
Saved 2020-Jan-0280
[SUCCESS] http://archive.ambermd.org/202001/0281.html
Saved 2020-Jan-0281
[SUCCESS] http://archive.ambermd.org/202001/0285.html
Saved 2020-Jan-0285
[SUCCESS] http://archive.ambermd.org/202001/0286.html
Saved 2020-Jan-0286
[SUCCESS] http://archive.ambermd.org/202001/0289.html
Saved 2020-Jan-0289
[SUCCESS] http://archive.ambermd.org/202001/0290.html
Saved 2020-Jan-0290
[SUCCESS] http://archive.ambermd.org/202001/0291.html
Saved 2020-Jan-0291
[SUCCESS] http://archive.ambermd.org/202001/0263.html
Saved 2020-Jan-0263
[SUCCESS] http://archive.ambermd.org/202001/0265.html
Saved 2020-Jan-0265
[SUCCESS] http://archive.ambermd.org/202001/0271.html
Saved 2020-Jan-0271
[SUCCESS] http://archive.ambermd.org/202001/0272.html
Saved 2020-Jan-0272
[SUCCESS] http://archive.ambermd.org/202001/0274.html
Saved 2020-Jan-0274
[SUCCESS] http://archive.ambermd.org/202001/0277.html
Saved 2020-Jan-0277
[SUCCESS] http://archive.ambermd.org/202001/0282.html
Saved 2020-Jan-0282
[SUCCESS] http://archive.ambermd.org/202001/0283.html
Saved 2020-Jan-0283
[SUCCESS] http://archive.ambermd.org/202001/0287.html
Saved 2020-Jan-0287
[SUCCESS] http://archive.ambermd.org/202001/0292.html
Saved 2020-Jan-0292
[SUCCESS] http://archive.ambermd.org/202001/0293.html
Saved 2020-Jan-0293
[SUCCESS] http://archive.ambermd.org/202001/0294.html
Saved 2020-Jan-0294
[SUCCESS] http://archive.ambermd.org/202001/0295.html
Saved 2020-Jan-0295
[SUCCESS] http://archive.ambermd.org/202001/0296.html
Saved 2020-Jan-0296
[SUCCESS] http://archive.ambermd.org/202001/0297.html
Saved 2020-Jan-0297
[SUCCESS] http://archive.ambermd.org/202001/0298.html
Saved 2020-Jan-0298
[SUCCESS] http://archive.ambermd.org/202001/0299.html
Saved 2020-Jan-0299
[SUCCESS] http://archive.ambermd.org/202001/0300.html
Saved 2020-Jan-0300
[SUCCESS] http://archive.ambermd.org/202001/0301.html
Saved 2020-Jan-0301
[SUCCESS] http://archive.ambermd.org/202001/0302.html
Saved 2020-Jan-0302
[SUCCESS] http://archive.ambermd.org/202001/0303.html
Saved 2020-Jan-0303
[SUCCESS] http://archive.ambermd.org/202001/0304.html
Saved 2020-Jan-0304
[SUCCESS] http://archive.ambermd.org/202001/0305.html
Saved 2020-Jan-0305
[SUCCESS] http://archive.ambermd.org/202001/0306.html
Saved 2020-Jan-0306
[SUCCESS] http://archive.ambermd.org/202001/0309.html
Saved 2020-Jan-0309
[SUCCESS] http://archive.ambermd.org/202001/0307.html
Saved 2020-Jan-0307
[SUCCESS] http://archive.ambermd.org/202001/0308.html
Saved 2020-Jan-0308
[SUCCESS] http://archive.ambermd.org/202001/0310.html
Saved 2020-Jan-0310
[SUCCESS] http://archive.ambermd.org/202001/0311.html
Saved 2020-Jan-0311
[SUCCESS] http://archive.ambermd.org/202001/0312.html
Saved 2020-Jan-0312
[SUCCESS] http://archive.ambermd.org/202001/0313.html
Saved 2020-Jan-0313
[SUCCESS] http://archive.ambermd.org/202001/0314.html
Saved 2020-Jan-0314
[SUCCESS] http://archive.ambermd.org/202001/0315.html
Saved 2020-Jan-0315
[SUCCESS] http://archive.ambermd.org/202001/0316.html
Saved 2020-Jan-0316
[SUCCESS] http://archive.ambermd.org/202001/0317.html
Saved 2020-Jan-0317
[SUCCESS] http://archive.ambermd.org/202001/0319.html
Saved 2020-Jan-0319
[SUCCESS] http://archive.ambermd.org/202001/0320.html
Saved 2020-Jan-0320
[SUCCESS] http://archive.ambermd.org/202001/0321.html
Saved 2020-Jan-0321
[SUCCESS] http://archive.ambermd.org/202001/0322.html
Saved 2020-Jan-0322
[SUCCESS] http://archive.ambermd.org/202001/0324.html
Saved 2020-Jan-0324
[SUCCESS] http://archive.ambermd.org/202001/0326.html
Saved 2020-Jan-0326
[SUCCESS] http://archive.ambermd.org/202001/0325.html
Saved 2020-Jan-0325
[SUCCESS] http://archive.ambermd.org/202001/0327.html
Saved 2020-Jan-0327
[SUCCESS] http://archive.ambermd.org/202001/0328.html
Saved 2020-Jan-0328
[SUCCESS] http://archive.ambermd.org/202001/0329.html
Saved 2020-Jan-0329
[SUCCESS] http://archive.ambermd.org/202001/0332.html
Saved 2020-Jan-0332
[SUCCESS] http://archive.ambermd.org/202001/0330.html
Saved 2020-Jan-0330
[SUCCESS] http://archive.ambermd.org/202001/0331.html
Saved 2020-Jan-0331
[SUCCESS] http://archive.ambermd.org/202001/0333.html
Saved 2020-Jan-0333
[SUCCESS] http://archive.ambermd.org/202001/0334.html
Saved 2020-Jan-0334
Processing 2020 Feb → http://archive.ambermd.org/202002/
[SUCCESS] http://archive.ambermd.org/202002/
[SUCCESS] http://archive.ambermd.org/202002/0000.html
Saved 2020-Feb-0000
[SUCCESS] http://archive.ambermd.org/202002/0001.html
Saved 2020-Feb-0001
[SUCCESS] http://archive.ambermd.org/202002/0002.html
Saved 2020-Feb-0002
[SUCCESS] http://archive.ambermd.org/202002/0003.html
Saved 2020-Feb-0003
[SUCCESS] http://archive.ambermd.org/202002/0004.html
Saved 2020-Feb-0004
[SUCCESS] http://archive.ambermd.org/202002/0006.html
Saved 2020-Feb-0006
[SUCCESS] http://archive.ambermd.org/202002/0007.html
Saved 2020-Feb-0007
[SUCCESS] http://archive.ambermd.org/202002/0010.html
Saved 2020-Feb-0010
[SUCCESS] http://archive.ambermd.org/202002/0005.html
Saved 2020-Feb-0005
[SUCCESS] http://archive.ambermd.org/202002/0008.html
Saved 2020-Feb-0008
[SUCCESS] http://archive.ambermd.org/202002/0009.html
Saved 2020-Feb-0009
[SUCCESS] http://archive.ambermd.org/202002/0011.html
Saved 2020-Feb-0011
[SUCCESS] http://archive.ambermd.org/202002/0012.html
Saved 2020-Feb-0012
[SUCCESS] http://archive.ambermd.org/202002/0013.html
Saved 2020-Feb-0013
[SUCCESS] http://archive.ambermd.org/202002/0016.html
Saved 2020-Feb-0016
[SUCCESS] http://archive.ambermd.org/202002/0017.html
Saved 2020-Feb-0017
[SUCCESS] http://archive.ambermd.org/202002/0014.html
Saved 2020-Feb-0014
[SUCCESS] http://archive.ambermd.org/202002/0015.html
Saved 2020-Feb-0015
[SUCCESS] http://archive.ambermd.org/202002/0032.html
Saved 2020-Feb-0032
[SUCCESS] http://archive.ambermd.org/202002/0033.html
Saved 2020-Feb-0033
[SUCCESS] http://archive.ambermd.org/202002/0036.html
Saved 2020-Feb-0036
[SUCCESS] http://archive.ambermd.org/202002/0038.html
Saved 2020-Feb-0038
[SUCCESS] http://archive.ambermd.org/202002/0039.html
Saved 2020-Feb-0039
[SUCCESS] http://archive.ambermd.org/202002/0041.html
Saved 2020-Feb-0041
[SUCCESS] http://archive.ambermd.org/202002/0043.html
Saved 2020-Feb-0043
[SUCCESS] http://archive.ambermd.org/202002/0040.html
Saved 2020-Feb-0040
[SUCCESS] http://archive.ambermd.org/202002/0044.html
Saved 2020-Feb-0044
[SUCCESS] http://archive.ambermd.org/202002/0018.html
Saved 2020-Feb-0018
[SUCCESS] http://archive.ambermd.org/202002/0019.html
Saved 2020-Feb-0019
[SUCCESS] http://archive.ambermd.org/202002/0065.html
Saved 2020-Feb-0065
[SUCCESS] http://archive.ambermd.org/202002/0020.html
Saved 2020-Feb-0020
[SUCCESS] http://archive.ambermd.org/202002/0021.html
Saved 2020-Feb-0021
[SUCCESS] http://archive.ambermd.org/202002/0022.html
Saved 2020-Feb-0022
[SUCCESS] http://archive.ambermd.org/202002/0023.html
Saved 2020-Feb-0023
[SUCCESS] http://archive.ambermd.org/202002/0024.html
Saved 2020-Feb-0024
[SUCCESS] http://archive.ambermd.org/202002/0025.html
Saved 2020-Feb-0025
[SUCCESS] http://archive.ambermd.org/202002/0026.html
Saved 2020-Feb-0026
[SUCCESS] http://archive.ambermd.org/202002/0027.html
Saved 2020-Feb-0027
[SUCCESS] http://archive.ambermd.org/202002/0028.html
Saved 2020-Feb-0028
[SUCCESS] http://archive.ambermd.org/202002/0029.html
Saved 2020-Feb-0029
[SUCCESS] http://archive.ambermd.org/202002/0030.html
Saved 2020-Feb-0030
[SUCCESS] http://archive.ambermd.org/202002/0031.html
Saved 2020-Feb-0031
[SUCCESS] http://archive.ambermd.org/202002/0034.html
Saved 2020-Feb-0034
[SUCCESS] http://archive.ambermd.org/202002/0037.html
Saved 2020-Feb-0037
[SUCCESS] http://archive.ambermd.org/202002/0035.html
Saved 2020-Feb-0035
[SUCCESS] http://archive.ambermd.org/202002/0042.html
Saved 2020-Feb-0042
[SUCCESS] http://archive.ambermd.org/202002/0045.html
Saved 2020-Feb-0045
[SUCCESS] http://archive.ambermd.org/202002/0047.html
Saved 2020-Feb-0047
[SUCCESS] http://archive.ambermd.org/202002/0046.html
Saved 2020-Feb-0046
[SUCCESS] http://archive.ambermd.org/202002/0048.html
Saved 2020-Feb-0048
[SUCCESS] http://archive.ambermd.org/202002/0049.html
Saved 2020-Feb-0049
[SUCCESS] http://archive.ambermd.org/202002/0050.html
Saved 2020-Feb-0050
[SUCCESS] http://archive.ambermd.org/202002/0051.html
Saved 2020-Feb-0051
[SUCCESS] http://archive.ambermd.org/202002/0052.html
Saved 2020-Feb-0052
[SUCCESS] http://archive.ambermd.org/202002/0053.html
Saved 2020-Feb-0053
[SUCCESS] http://archive.ambermd.org/202002/0054.html
Saved 2020-Feb-0054
[SUCCESS] http://archive.ambermd.org/202002/0055.html
Saved 2020-Feb-0055
[SUCCESS] http://archive.ambermd.org/202002/0056.html
Saved 2020-Feb-0056
[SUCCESS] http://archive.ambermd.org/202002/0057.html
Saved 2020-Feb-0057
[SUCCESS] http://archive.ambermd.org/202002/0058.html
Saved 2020-Feb-0058
[SUCCESS] http://archive.ambermd.org/202002/0059.html
Saved 2020-Feb-0059
[SUCCESS] http://archive.ambermd.org/202002/0060.html
Saved 2020-Feb-0060
[SUCCESS] http://archive.ambermd.org/202002/0062.html
Saved 2020-Feb-0062
[SUCCESS] http://archive.ambermd.org/202002/0061.html
Saved 2020-Feb-0061
[SUCCESS] http://archive.ambermd.org/202002/0071.html
Saved 2020-Feb-0071
[SUCCESS] http://archive.ambermd.org/202002/0063.html
Saved 2020-Feb-0063
[SUCCESS] http://archive.ambermd.org/202002/0066.html
Saved 2020-Feb-0066
[SUCCESS] http://archive.ambermd.org/202002/0064.html
Saved 2020-Feb-0064
[SUCCESS] http://archive.ambermd.org/202002/0067.html
Saved 2020-Feb-0067
[SUCCESS] http://archive.ambermd.org/202002/0069.html
Saved 2020-Feb-0069
[SUCCESS] http://archive.ambermd.org/202002/0070.html
Saved 2020-Feb-0070
[SUCCESS] http://archive.ambermd.org/202002/0091.html
Saved 2020-Feb-0091
[SUCCESS] http://archive.ambermd.org/202002/0092.html
Saved 2020-Feb-0092
[SUCCESS] http://archive.ambermd.org/202002/0093.html
Saved 2020-Feb-0093
[SUCCESS] http://archive.ambermd.org/202002/0068.html
Saved 2020-Feb-0068
[SUCCESS] http://archive.ambermd.org/202002/0072.html
Saved 2020-Feb-0072
[SUCCESS] http://archive.ambermd.org/202002/0076.html
Saved 2020-Feb-0076
[SUCCESS] http://archive.ambermd.org/202002/0077.html
Saved 2020-Feb-0077
[SUCCESS] http://archive.ambermd.org/202002/0086.html
Saved 2020-Feb-0086
[SUCCESS] http://archive.ambermd.org/202002/0073.html
Saved 2020-Feb-0073
[SUCCESS] http://archive.ambermd.org/202002/0074.html
Saved 2020-Feb-0074
[SUCCESS] http://archive.ambermd.org/202002/0075.html
Saved 2020-Feb-0075
[SUCCESS] http://archive.ambermd.org/202002/0078.html
Saved 2020-Feb-0078
[SUCCESS] http://archive.ambermd.org/202002/0079.html
Saved 2020-Feb-0079
[SUCCESS] http://archive.ambermd.org/202002/0080.html
Saved 2020-Feb-0080
[SUCCESS] http://archive.ambermd.org/202002/0081.html
Saved 2020-Feb-0081
[SUCCESS] http://archive.ambermd.org/202002/0082.html
Saved 2020-Feb-0082
[SUCCESS] http://archive.ambermd.org/202002/0083.html
Saved 2020-Feb-0083
[SUCCESS] http://archive.ambermd.org/202002/0090.html
Saved 2020-Feb-0090
[SUCCESS] http://archive.ambermd.org/202002/0230.html
Saved 2020-Feb-0230
[SUCCESS] http://archive.ambermd.org/202002/0084.html
Saved 2020-Feb-0084
[SUCCESS] http://archive.ambermd.org/202002/0085.html
Saved 2020-Feb-0085
[SUCCESS] http://archive.ambermd.org/202002/0087.html
Saved 2020-Feb-0087
[SUCCESS] http://archive.ambermd.org/202002/0088.html
Saved 2020-Feb-0088
[SUCCESS] http://archive.ambermd.org/202002/0089.html
Saved 2020-Feb-0089
[SUCCESS] http://archive.ambermd.org/202002/0094.html
Saved 2020-Feb-0094
[SUCCESS] http://archive.ambermd.org/202002/0097.html
Saved 2020-Feb-0097
[SUCCESS] http://archive.ambermd.org/202002/0095.html
Saved 2020-Feb-0095
[SUCCESS] http://archive.ambermd.org/202002/0099.html
Saved 2020-Feb-0099
[SUCCESS] http://archive.ambermd.org/202002/0100.html
Saved 2020-Feb-0100
[SUCCESS] http://archive.ambermd.org/202002/0096.html
Saved 2020-Feb-0096
[SUCCESS] http://archive.ambermd.org/202002/0101.html
Saved 2020-Feb-0101
[SUCCESS] http://archive.ambermd.org/202002/0098.html
Saved 2020-Feb-0098
[SUCCESS] http://archive.ambermd.org/202002/0102.html
Saved 2020-Feb-0102
[SUCCESS] http://archive.ambermd.org/202002/0108.html
Saved 2020-Feb-0108
[SUCCESS] http://archive.ambermd.org/202002/0115.html
Saved 2020-Feb-0115
[SUCCESS] http://archive.ambermd.org/202002/0103.html
Saved 2020-Feb-0103
[SUCCESS] http://archive.ambermd.org/202002/0104.html
Saved 2020-Feb-0104
[SUCCESS] http://archive.ambermd.org/202002/0110.html
Saved 2020-Feb-0110
[SUCCESS] http://archive.ambermd.org/202002/0112.html
Saved 2020-Feb-0112
[SUCCESS] http://archive.ambermd.org/202002/0113.html
Saved 2020-Feb-0113
[SUCCESS] http://archive.ambermd.org/202002/0114.html
Saved 2020-Feb-0114
[SUCCESS] http://archive.ambermd.org/202002/0105.html
Saved 2020-Feb-0105
[SUCCESS] http://archive.ambermd.org/202002/0106.html
Saved 2020-Feb-0106
[SUCCESS] http://archive.ambermd.org/202002/0107.html
Saved 2020-Feb-0107
[SUCCESS] http://archive.ambermd.org/202002/0109.html
Saved 2020-Feb-0109
[SUCCESS] http://archive.ambermd.org/202002/0111.html
Saved 2020-Feb-0111
[SUCCESS] http://archive.ambermd.org/202002/0118.html
Saved 2020-Feb-0118
[SUCCESS] http://archive.ambermd.org/202002/0212.html
Saved 2020-Feb-0212
[SUCCESS] http://archive.ambermd.org/202002/0214.html
Saved 2020-Feb-0214
[SUCCESS] http://archive.ambermd.org/202002/0116.html
Saved 2020-Feb-0116
[SUCCESS] http://archive.ambermd.org/202002/0126.html
Saved 2020-Feb-0126
[SUCCESS] http://archive.ambermd.org/202002/0117.html
Saved 2020-Feb-0117
[SUCCESS] http://archive.ambermd.org/202002/0127.html
Saved 2020-Feb-0127
[SUCCESS] http://archive.ambermd.org/202002/0119.html
Saved 2020-Feb-0119
[SUCCESS] http://archive.ambermd.org/202002/0120.html
Saved 2020-Feb-0120
[SUCCESS] http://archive.ambermd.org/202002/0123.html
Saved 2020-Feb-0123
[SUCCESS] http://archive.ambermd.org/202002/0198.html
Saved 2020-Feb-0198
[SUCCESS] http://archive.ambermd.org/202002/0121.html
Saved 2020-Feb-0121
[SUCCESS] http://archive.ambermd.org/202002/0122.html
Saved 2020-Feb-0122
[SUCCESS] http://archive.ambermd.org/202002/0124.html
Saved 2020-Feb-0124
[SUCCESS] http://archive.ambermd.org/202002/0128.html
Saved 2020-Feb-0128
[SUCCESS] http://archive.ambermd.org/202002/0129.html
Saved 2020-Feb-0129
[SUCCESS] http://archive.ambermd.org/202002/0125.html
Saved 2020-Feb-0125
[SUCCESS] http://archive.ambermd.org/202002/0132.html
Saved 2020-Feb-0132
[SUCCESS] http://archive.ambermd.org/202002/0130.html
Saved 2020-Feb-0130
[SUCCESS] http://archive.ambermd.org/202002/0131.html
Saved 2020-Feb-0131
[SUCCESS] http://archive.ambermd.org/202002/0140.html
Saved 2020-Feb-0140
[SUCCESS] http://archive.ambermd.org/202002/0153.html
Saved 2020-Feb-0153
[SUCCESS] http://archive.ambermd.org/202002/0154.html
Saved 2020-Feb-0154
[SUCCESS] http://archive.ambermd.org/202002/0155.html
Saved 2020-Feb-0155
[SUCCESS] http://archive.ambermd.org/202002/0193.html
Saved 2020-Feb-0193
[SUCCESS] http://archive.ambermd.org/202002/0219.html
Saved 2020-Feb-0219
[SUCCESS] http://archive.ambermd.org/202002/0133.html
Saved 2020-Feb-0133
[SUCCESS] http://archive.ambermd.org/202002/0134.html
Saved 2020-Feb-0134
[SUCCESS] http://archive.ambermd.org/202002/0135.html
Saved 2020-Feb-0135
[SUCCESS] http://archive.ambermd.org/202002/0136.html
Saved 2020-Feb-0136
[SUCCESS] http://archive.ambermd.org/202002/0138.html
Saved 2020-Feb-0138
[SUCCESS] http://archive.ambermd.org/202002/0137.html
Saved 2020-Feb-0137
[SUCCESS] http://archive.ambermd.org/202002/0139.html
Saved 2020-Feb-0139
[SUCCESS] http://archive.ambermd.org/202002/0141.html
Saved 2020-Feb-0141
[SUCCESS] http://archive.ambermd.org/202002/0142.html
Saved 2020-Feb-0142
[SUCCESS] http://archive.ambermd.org/202002/0143.html
Saved 2020-Feb-0143
[SUCCESS] http://archive.ambermd.org/202002/0146.html
Saved 2020-Feb-0146
[SUCCESS] http://archive.ambermd.org/202002/0147.html
Saved 2020-Feb-0147
[SUCCESS] http://archive.ambermd.org/202002/0148.html
Saved 2020-Feb-0148
[SUCCESS] http://archive.ambermd.org/202002/0149.html
Saved 2020-Feb-0149
[SUCCESS] http://archive.ambermd.org/202002/0175.html
Saved 2020-Feb-0175
[SUCCESS] http://archive.ambermd.org/202002/0197.html
Saved 2020-Feb-0197
[SUCCESS] http://archive.ambermd.org/202002/0203.html
Saved 2020-Feb-0203
[SUCCESS] http://archive.ambermd.org/202002/0220.html
Saved 2020-Feb-0220
[SUCCESS] http://archive.ambermd.org/202002/0225.html
Saved 2020-Feb-0225
[SUCCESS] http://archive.ambermd.org/202002/0226.html
Saved 2020-Feb-0226
[SUCCESS] http://archive.ambermd.org/202002/0227.html
Saved 2020-Feb-0227
[SUCCESS] http://archive.ambermd.org/202002/0144.html
Saved 2020-Feb-0144
[SUCCESS] http://archive.ambermd.org/202002/0145.html
Saved 2020-Feb-0145
[SUCCESS] http://archive.ambermd.org/202002/0150.html
Saved 2020-Feb-0150
[SUCCESS] http://archive.ambermd.org/202002/0151.html
Saved 2020-Feb-0151
[SUCCESS] http://archive.ambermd.org/202002/0152.html
Saved 2020-Feb-0152
[SUCCESS] http://archive.ambermd.org/202002/0156.html
Saved 2020-Feb-0156
[SUCCESS] http://archive.ambermd.org/202002/0157.html
Saved 2020-Feb-0157
[SUCCESS] http://archive.ambermd.org/202002/0158.html
Saved 2020-Feb-0158
[SUCCESS] http://archive.ambermd.org/202002/0159.html
Saved 2020-Feb-0159
[SUCCESS] http://archive.ambermd.org/202002/0160.html
Saved 2020-Feb-0160
[SUCCESS] http://archive.ambermd.org/202002/0161.html
Saved 2020-Feb-0161
[SUCCESS] http://archive.ambermd.org/202002/0162.html
Saved 2020-Feb-0162
[SUCCESS] http://archive.ambermd.org/202002/0163.html
Saved 2020-Feb-0163
[SUCCESS] http://archive.ambermd.org/202002/0164.html
Saved 2020-Feb-0164
[SUCCESS] http://archive.ambermd.org/202002/0165.html
Saved 2020-Feb-0165
[SUCCESS] http://archive.ambermd.org/202002/0166.html
Saved 2020-Feb-0166
[SUCCESS] http://archive.ambermd.org/202002/0167.html
Saved 2020-Feb-0167
[SUCCESS] http://archive.ambermd.org/202002/0168.html
Saved 2020-Feb-0168
[SUCCESS] http://archive.ambermd.org/202002/0169.html
Saved 2020-Feb-0169
[SUCCESS] http://archive.ambermd.org/202002/0170.html
Saved 2020-Feb-0170
[SUCCESS] http://archive.ambermd.org/202002/0171.html
Saved 2020-Feb-0171
[SUCCESS] http://archive.ambermd.org/202002/0172.html
Saved 2020-Feb-0172
[SUCCESS] http://archive.ambermd.org/202002/0173.html
Saved 2020-Feb-0173
[SUCCESS] http://archive.ambermd.org/202002/0174.html
Saved 2020-Feb-0174
[SUCCESS] http://archive.ambermd.org/202002/0182.html
Saved 2020-Feb-0182
[SUCCESS] http://archive.ambermd.org/202002/0184.html
Saved 2020-Feb-0184
[SUCCESS] http://archive.ambermd.org/202002/0185.html
Saved 2020-Feb-0185
[SUCCESS] http://archive.ambermd.org/202002/0186.html
Saved 2020-Feb-0186
[SUCCESS] http://archive.ambermd.org/202002/0188.html
Saved 2020-Feb-0188
[SUCCESS] http://archive.ambermd.org/202002/0190.html
Saved 2020-Feb-0190
[SUCCESS] http://archive.ambermd.org/202002/0191.html
Saved 2020-Feb-0191
[SUCCESS] http://archive.ambermd.org/202002/0176.html
Saved 2020-Feb-0176
[SUCCESS] http://archive.ambermd.org/202002/0177.html
Saved 2020-Feb-0177
[SUCCESS] http://archive.ambermd.org/202002/0180.html
Saved 2020-Feb-0180
[SUCCESS] http://archive.ambermd.org/202002/0195.html
Saved 2020-Feb-0195
[SUCCESS] http://archive.ambermd.org/202002/0196.html
Saved 2020-Feb-0196
[SUCCESS] http://archive.ambermd.org/202002/0178.html
Saved 2020-Feb-0178
[SUCCESS] http://archive.ambermd.org/202002/0192.html
Saved 2020-Feb-0192
[SUCCESS] http://archive.ambermd.org/202002/0179.html
Saved 2020-Feb-0179
[SUCCESS] http://archive.ambermd.org/202002/0181.html
Saved 2020-Feb-0181
[SUCCESS] http://archive.ambermd.org/202002/0183.html
Saved 2020-Feb-0183
[SUCCESS] http://archive.ambermd.org/202002/0187.html
Saved 2020-Feb-0187
[SUCCESS] http://archive.ambermd.org/202002/0189.html
Saved 2020-Feb-0189
[SUCCESS] http://archive.ambermd.org/202002/0194.html
Saved 2020-Feb-0194
[SUCCESS] http://archive.ambermd.org/202002/0199.html
Saved 2020-Feb-0199
[SUCCESS] http://archive.ambermd.org/202002/0200.html
Saved 2020-Feb-0200
[SUCCESS] http://archive.ambermd.org/202002/0204.html
Saved 2020-Feb-0204
[SUCCESS] http://archive.ambermd.org/202002/0201.html
Saved 2020-Feb-0201
[SUCCESS] http://archive.ambermd.org/202002/0202.html
Saved 2020-Feb-0202
[SUCCESS] http://archive.ambermd.org/202002/0205.html
Saved 2020-Feb-0205
[SUCCESS] http://archive.ambermd.org/202002/0206.html
Saved 2020-Feb-0206
[SUCCESS] http://archive.ambermd.org/202002/0207.html
Saved 2020-Feb-0207
[SUCCESS] http://archive.ambermd.org/202002/0210.html
Saved 2020-Feb-0210
[SUCCESS] http://archive.ambermd.org/202002/0211.html
Saved 2020-Feb-0211
[SUCCESS] http://archive.ambermd.org/202002/0213.html
Saved 2020-Feb-0213
[SUCCESS] http://archive.ambermd.org/202002/0208.html
Saved 2020-Feb-0208
[SUCCESS] http://archive.ambermd.org/202002/0209.html
Saved 2020-Feb-0209
[SUCCESS] http://archive.ambermd.org/202002/0215.html
Saved 2020-Feb-0215
[SUCCESS] http://archive.ambermd.org/202002/0216.html
Saved 2020-Feb-0216
[SUCCESS] http://archive.ambermd.org/202002/0217.html
Saved 2020-Feb-0217
[SUCCESS] http://archive.ambermd.org/202002/0218.html
Saved 2020-Feb-0218
[SUCCESS] http://archive.ambermd.org/202002/0224.html
Saved 2020-Feb-0224
[SUCCESS] http://archive.ambermd.org/202002/0221.html
Saved 2020-Feb-0221
[SUCCESS] http://archive.ambermd.org/202002/0222.html
Saved 2020-Feb-0222
[SUCCESS] http://archive.ambermd.org/202002/0223.html
Saved 2020-Feb-0223
[SUCCESS] http://archive.ambermd.org/202002/0228.html
Saved 2020-Feb-0228
[SUCCESS] http://archive.ambermd.org/202002/0229.html
Saved 2020-Feb-0229
[SUCCESS] http://archive.ambermd.org/202002/0231.html
Saved 2020-Feb-0231
[SUCCESS] http://archive.ambermd.org/202002/0233.html
Saved 2020-Feb-0233
[SUCCESS] http://archive.ambermd.org/202002/0235.html
Saved 2020-Feb-0235
[SUCCESS] http://archive.ambermd.org/202002/0232.html
Saved 2020-Feb-0232
[SUCCESS] http://archive.ambermd.org/202002/0259.html
Saved 2020-Feb-0259
[SUCCESS] http://archive.ambermd.org/202002/0260.html
Saved 2020-Feb-0260
[SUCCESS] http://archive.ambermd.org/202002/0261.html
Saved 2020-Feb-0261
[SUCCESS] http://archive.ambermd.org/202002/0262.html
Saved 2020-Feb-0262
[SUCCESS] http://archive.ambermd.org/202002/0263.html
Saved 2020-Feb-0263
[SUCCESS] http://archive.ambermd.org/202002/0264.html
Saved 2020-Feb-0264
[SUCCESS] http://archive.ambermd.org/202002/0277.html
Saved 2020-Feb-0277
[SUCCESS] http://archive.ambermd.org/202002/0234.html
Saved 2020-Feb-0234
[SUCCESS] http://archive.ambermd.org/202002/0236.html
Saved 2020-Feb-0236
[SUCCESS] http://archive.ambermd.org/202002/0237.html
Saved 2020-Feb-0237
[SUCCESS] http://archive.ambermd.org/202002/0244.html
Saved 2020-Feb-0244
[SUCCESS] http://archive.ambermd.org/202002/0245.html
Saved 2020-Feb-0245
[SUCCESS] http://archive.ambermd.org/202002/0246.html
Saved 2020-Feb-0246
[SUCCESS] http://archive.ambermd.org/202002/0247.html
Saved 2020-Feb-0247
[SUCCESS] http://archive.ambermd.org/202002/0248.html
Saved 2020-Feb-0248
[SUCCESS] http://archive.ambermd.org/202002/0249.html
Saved 2020-Feb-0249
[SUCCESS] http://archive.ambermd.org/202002/0238.html
Saved 2020-Feb-0238
[SUCCESS] http://archive.ambermd.org/202002/0239.html
Saved 2020-Feb-0239
[SUCCESS] http://archive.ambermd.org/202002/0240.html
Saved 2020-Feb-0240
[SUCCESS] http://archive.ambermd.org/202002/0241.html
Saved 2020-Feb-0241
[SUCCESS] http://archive.ambermd.org/202002/0242.html
Saved 2020-Feb-0242
[SUCCESS] http://archive.ambermd.org/202002/0243.html
Saved 2020-Feb-0243
[SUCCESS] http://archive.ambermd.org/202002/0256.html
Saved 2020-Feb-0256
[SUCCESS] http://archive.ambermd.org/202002/0257.html
Saved 2020-Feb-0257
[SUCCESS] http://archive.ambermd.org/202002/0250.html
Saved 2020-Feb-0250
[SUCCESS] http://archive.ambermd.org/202002/0265.html
Saved 2020-Feb-0265
[SUCCESS] http://archive.ambermd.org/202002/0251.html
Saved 2020-Feb-0251
[SUCCESS] http://archive.ambermd.org/202002/0252.html
Saved 2020-Feb-0252
[SUCCESS] http://archive.ambermd.org/202002/0253.html
Saved 2020-Feb-0253
[SUCCESS] http://archive.ambermd.org/202002/0254.html
Saved 2020-Feb-0254
[SUCCESS] http://archive.ambermd.org/202002/0258.html
Saved 2020-Feb-0258
[SUCCESS] http://archive.ambermd.org/202002/0255.html
Saved 2020-Feb-0255
[SUCCESS] http://archive.ambermd.org/202002/0266.html
Saved 2020-Feb-0266
[SUCCESS] http://archive.ambermd.org/202002/0267.html
Saved 2020-Feb-0267
[SUCCESS] http://archive.ambermd.org/202002/0268.html
Saved 2020-Feb-0268
[SUCCESS] http://archive.ambermd.org/202002/0269.html
Saved 2020-Feb-0269
[SUCCESS] http://archive.ambermd.org/202002/0270.html
Saved 2020-Feb-0270
[SUCCESS] http://archive.ambermd.org/202002/0271.html
Saved 2020-Feb-0271
[SUCCESS] http://archive.ambermd.org/202002/0272.html
Saved 2020-Feb-0272
[SUCCESS] http://archive.ambermd.org/202002/0273.html
Saved 2020-Feb-0273
[SUCCESS] http://archive.ambermd.org/202002/0274.html
Saved 2020-Feb-0274
[SUCCESS] http://archive.ambermd.org/202002/0275.html
Saved 2020-Feb-0275
[SUCCESS] http://archive.ambermd.org/202002/0276.html
Saved 2020-Feb-0276
Processing 2020 Mar → http://archive.ambermd.org/202003/
[SUCCESS] http://archive.ambermd.org/202003/
[SUCCESS] http://archive.ambermd.org/202003/0000.html
Saved 2020-Mar-0000
[SUCCESS] http://archive.ambermd.org/202003/0001.html
Saved 2020-Mar-0001
[SUCCESS] http://archive.ambermd.org/202003/0002.html
Saved 2020-Mar-0002
[SUCCESS] http://archive.ambermd.org/202003/0003.html
Saved 2020-Mar-0003
[SUCCESS] http://archive.ambermd.org/202003/0004.html
Saved 2020-Mar-0004
[SUCCESS] http://archive.ambermd.org/202003/0031.html
Saved 2020-Mar-0031
[SUCCESS] http://archive.ambermd.org/202003/0005.html
Saved 2020-Mar-0005
[SUCCESS] http://archive.ambermd.org/202003/0010.html
Saved 2020-Mar-0010
[SUCCESS] http://archive.ambermd.org/202003/0014.html
Saved 2020-Mar-0014
[SUCCESS] http://archive.ambermd.org/202003/0006.html
Saved 2020-Mar-0006
[SUCCESS] http://archive.ambermd.org/202003/0007.html
Saved 2020-Mar-0007
[SUCCESS] http://archive.ambermd.org/202003/0009.html
Saved 2020-Mar-0009
[SUCCESS] http://archive.ambermd.org/202003/0008.html
Saved 2020-Mar-0008
[SUCCESS] http://archive.ambermd.org/202003/0011.html
Saved 2020-Mar-0011
[SUCCESS] http://archive.ambermd.org/202003/0012.html
Saved 2020-Mar-0012
[SUCCESS] http://archive.ambermd.org/202003/0013.html
Saved 2020-Mar-0013
[SUCCESS] http://archive.ambermd.org/202003/0015.html
Saved 2020-Mar-0015
[SUCCESS] http://archive.ambermd.org/202003/0016.html
Saved 2020-Mar-0016
[SUCCESS] http://archive.ambermd.org/202003/0017.html
Saved 2020-Mar-0017
[SUCCESS] http://archive.ambermd.org/202003/0018.html
Saved 2020-Mar-0018
[SUCCESS] http://archive.ambermd.org/202003/0021.html
Saved 2020-Mar-0021
[SUCCESS] http://archive.ambermd.org/202003/0022.html
Saved 2020-Mar-0022
[SUCCESS] http://archive.ambermd.org/202003/0023.html
Saved 2020-Mar-0023
[SUCCESS] http://archive.ambermd.org/202003/0024.html
Saved 2020-Mar-0024
[SUCCESS] http://archive.ambermd.org/202003/0025.html
Saved 2020-Mar-0025
[SUCCESS] http://archive.ambermd.org/202003/0026.html
Saved 2020-Mar-0026
[SUCCESS] http://archive.ambermd.org/202003/0027.html
Saved 2020-Mar-0027
[SUCCESS] http://archive.ambermd.org/202003/0028.html
Saved 2020-Mar-0028
[SUCCESS] http://archive.ambermd.org/202003/0029.html
Saved 2020-Mar-0029
[SUCCESS] http://archive.ambermd.org/202003/0032.html
Saved 2020-Mar-0032
[SUCCESS] http://archive.ambermd.org/202003/0034.html
Saved 2020-Mar-0034
[SUCCESS] http://archive.ambermd.org/202003/0035.html
Saved 2020-Mar-0035
[SUCCESS] http://archive.ambermd.org/202003/0055.html
Saved 2020-Mar-0055
[SUCCESS] http://archive.ambermd.org/202003/0061.html
Saved 2020-Mar-0061
[SUCCESS] http://archive.ambermd.org/202003/0069.html
Saved 2020-Mar-0069
[SUCCESS] http://archive.ambermd.org/202003/0020.html
Saved 2020-Mar-0020
[SUCCESS] http://archive.ambermd.org/202003/0019.html
Saved 2020-Mar-0019
[SUCCESS] http://archive.ambermd.org/202003/0030.html
Saved 2020-Mar-0030
[SUCCESS] http://archive.ambermd.org/202003/0040.html
Saved 2020-Mar-0040
[SUCCESS] http://archive.ambermd.org/202003/0041.html
Saved 2020-Mar-0041
[SUCCESS] http://archive.ambermd.org/202003/0043.html
Saved 2020-Mar-0043
[SUCCESS] http://archive.ambermd.org/202003/0063.html
Saved 2020-Mar-0063
[SUCCESS] http://archive.ambermd.org/202003/0064.html
Saved 2020-Mar-0064
[SUCCESS] http://archive.ambermd.org/202003/0065.html
Saved 2020-Mar-0065
[SUCCESS] http://archive.ambermd.org/202003/0033.html
Saved 2020-Mar-0033
[SUCCESS] http://archive.ambermd.org/202003/0274.html
Saved 2020-Mar-0274
[SUCCESS] http://archive.ambermd.org/202003/0275.html
Saved 2020-Mar-0275
[SUCCESS] http://archive.ambermd.org/202003/0036.html
Saved 2020-Mar-0036
[SUCCESS] http://archive.ambermd.org/202003/0037.html
Saved 2020-Mar-0037
[SUCCESS] http://archive.ambermd.org/202003/0039.html
Saved 2020-Mar-0039
[SUCCESS] http://archive.ambermd.org/202003/0044.html
Saved 2020-Mar-0044
[SUCCESS] http://archive.ambermd.org/202003/0038.html
Saved 2020-Mar-0038
[SUCCESS] http://archive.ambermd.org/202003/0050.html
Saved 2020-Mar-0050
[SUCCESS] http://archive.ambermd.org/202003/0051.html
Saved 2020-Mar-0051
[SUCCESS] http://archive.ambermd.org/202003/0042.html
Saved 2020-Mar-0042
[SUCCESS] http://archive.ambermd.org/202003/0273.html
Saved 2020-Mar-0273
[SUCCESS] http://archive.ambermd.org/202003/0045.html
Saved 2020-Mar-0045
[SUCCESS] http://archive.ambermd.org/202003/0046.html
Saved 2020-Mar-0046
[SUCCESS] http://archive.ambermd.org/202003/0052.html
Saved 2020-Mar-0052
[SUCCESS] http://archive.ambermd.org/202003/0059.html
Saved 2020-Mar-0059
[SUCCESS] http://archive.ambermd.org/202003/0083.html
Saved 2020-Mar-0083
[SUCCESS] http://archive.ambermd.org/202003/0094.html
Saved 2020-Mar-0094
[SUCCESS] http://archive.ambermd.org/202003/0047.html
Saved 2020-Mar-0047
[SUCCESS] http://archive.ambermd.org/202003/0048.html
Saved 2020-Mar-0048
[SUCCESS] http://archive.ambermd.org/202003/0049.html
Saved 2020-Mar-0049
[SUCCESS] http://archive.ambermd.org/202003/0058.html
Saved 2020-Mar-0058
[SUCCESS] http://archive.ambermd.org/202003/0062.html
Saved 2020-Mar-0062
[SUCCESS] http://archive.ambermd.org/202003/0053.html
Saved 2020-Mar-0053
[SUCCESS] http://archive.ambermd.org/202003/0060.html
Saved 2020-Mar-0060
[SUCCESS] http://archive.ambermd.org/202003/0077.html
Saved 2020-Mar-0077
[SUCCESS] http://archive.ambermd.org/202003/0080.html
Saved 2020-Mar-0080
[SUCCESS] http://archive.ambermd.org/202003/0081.html
Saved 2020-Mar-0081
[SUCCESS] http://archive.ambermd.org/202003/0091.html
Saved 2020-Mar-0091
[SUCCESS] http://archive.ambermd.org/202003/0092.html
Saved 2020-Mar-0092
[SUCCESS] http://archive.ambermd.org/202003/0103.html
Saved 2020-Mar-0103
[SUCCESS] http://archive.ambermd.org/202003/0105.html
Saved 2020-Mar-0105
[SUCCESS] http://archive.ambermd.org/202003/0106.html
Saved 2020-Mar-0106
[SUCCESS] http://archive.ambermd.org/202003/0107.html
Saved 2020-Mar-0107
[SUCCESS] http://archive.ambermd.org/202003/0054.html
Saved 2020-Mar-0054
[SUCCESS] http://archive.ambermd.org/202003/0066.html
Saved 2020-Mar-0066
[SUCCESS] http://archive.ambermd.org/202003/0056.html
Saved 2020-Mar-0056
[SUCCESS] http://archive.ambermd.org/202003/0057.html
Saved 2020-Mar-0057
[SUCCESS] http://archive.ambermd.org/202003/0067.html
Saved 2020-Mar-0067
[SUCCESS] http://archive.ambermd.org/202003/0068.html
Saved 2020-Mar-0068
[SUCCESS] http://archive.ambermd.org/202003/0082.html
Saved 2020-Mar-0082
[SUCCESS] http://archive.ambermd.org/202003/0088.html
Saved 2020-Mar-0088
[SUCCESS] http://archive.ambermd.org/202003/0093.html
Saved 2020-Mar-0093
[SUCCESS] http://archive.ambermd.org/202003/0123.html
Saved 2020-Mar-0123
[SUCCESS] http://archive.ambermd.org/202003/0070.html
Saved 2020-Mar-0070
[SUCCESS] http://archive.ambermd.org/202003/0071.html
Saved 2020-Mar-0071
[SUCCESS] http://archive.ambermd.org/202003/0072.html
Saved 2020-Mar-0072
[SUCCESS] http://archive.ambermd.org/202003/0102.html
Saved 2020-Mar-0102
[SUCCESS] http://archive.ambermd.org/202003/0073.html
Saved 2020-Mar-0073
[SUCCESS] http://archive.ambermd.org/202003/0074.html
Saved 2020-Mar-0074
[SUCCESS] http://archive.ambermd.org/202003/0075.html
Saved 2020-Mar-0075
[SUCCESS] http://archive.ambermd.org/202003/0076.html
Saved 2020-Mar-0076
[SUCCESS] http://archive.ambermd.org/202003/0078.html
Saved 2020-Mar-0078
[SUCCESS] http://archive.ambermd.org/202003/0079.html
Saved 2020-Mar-0079
[SUCCESS] http://archive.ambermd.org/202003/0089.html
Saved 2020-Mar-0089
[SUCCESS] http://archive.ambermd.org/202003/0084.html
Saved 2020-Mar-0084
[SUCCESS] http://archive.ambermd.org/202003/0086.html
Saved 2020-Mar-0086
[SUCCESS] http://archive.ambermd.org/202003/0085.html
Saved 2020-Mar-0085
[SUCCESS] http://archive.ambermd.org/202003/0087.html
Saved 2020-Mar-0087
[SUCCESS] http://archive.ambermd.org/202003/0090.html
Saved 2020-Mar-0090
[SUCCESS] http://archive.ambermd.org/202003/0095.html
Saved 2020-Mar-0095
[SUCCESS] http://archive.ambermd.org/202003/0096.html
Saved 2020-Mar-0096
[SUCCESS] http://archive.ambermd.org/202003/0097.html
Saved 2020-Mar-0097
[SUCCESS] http://archive.ambermd.org/202003/0100.html
Saved 2020-Mar-0100
[SUCCESS] http://archive.ambermd.org/202003/0098.html
Saved 2020-Mar-0098
[SUCCESS] http://archive.ambermd.org/202003/0236.html
Saved 2020-Mar-0236
[SUCCESS] http://archive.ambermd.org/202003/0099.html
Saved 2020-Mar-0099
[SUCCESS] http://archive.ambermd.org/202003/0101.html
Saved 2020-Mar-0101
[SUCCESS] http://archive.ambermd.org/202003/0104.html
Saved 2020-Mar-0104
[SUCCESS] http://archive.ambermd.org/202003/0108.html
Saved 2020-Mar-0108
[SUCCESS] http://archive.ambermd.org/202003/0109.html
Saved 2020-Mar-0109
[SUCCESS] http://archive.ambermd.org/202003/0110.html
Saved 2020-Mar-0110
[SUCCESS] http://archive.ambermd.org/202003/0111.html
Saved 2020-Mar-0111
[SUCCESS] http://archive.ambermd.org/202003/0114.html
Saved 2020-Mar-0114
[SUCCESS] http://archive.ambermd.org/202003/0115.html
Saved 2020-Mar-0115
[SUCCESS] http://archive.ambermd.org/202003/0117.html
Saved 2020-Mar-0117
[SUCCESS] http://archive.ambermd.org/202003/0119.html
Saved 2020-Mar-0119
[SUCCESS] http://archive.ambermd.org/202003/0120.html
Saved 2020-Mar-0120
[SUCCESS] http://archive.ambermd.org/202003/0112.html
Saved 2020-Mar-0112
[SUCCESS] http://archive.ambermd.org/202003/0113.html
Saved 2020-Mar-0113
[SUCCESS] http://archive.ambermd.org/202003/0116.html
Saved 2020-Mar-0116
[SUCCESS] http://archive.ambermd.org/202003/0237.html
Saved 2020-Mar-0237
[SUCCESS] http://archive.ambermd.org/202003/0118.html
Saved 2020-Mar-0118
[SUCCESS] http://archive.ambermd.org/202003/0122.html
Saved 2020-Mar-0122
[SUCCESS] http://archive.ambermd.org/202003/0121.html
Saved 2020-Mar-0121
[SUCCESS] http://archive.ambermd.org/202003/0141.html
Saved 2020-Mar-0141
[SUCCESS] http://archive.ambermd.org/202003/0124.html
Saved 2020-Mar-0124
[SUCCESS] http://archive.ambermd.org/202003/0125.html
Saved 2020-Mar-0125
[SUCCESS] http://archive.ambermd.org/202003/0126.html
Saved 2020-Mar-0126
[SUCCESS] http://archive.ambermd.org/202003/0127.html
Saved 2020-Mar-0127
[SUCCESS] http://archive.ambermd.org/202003/0129.html
Saved 2020-Mar-0129
[SUCCESS] http://archive.ambermd.org/202003/0140.html
Saved 2020-Mar-0140
[SUCCESS] http://archive.ambermd.org/202003/0142.html
Saved 2020-Mar-0142
[SUCCESS] http://archive.ambermd.org/202003/0143.html
Saved 2020-Mar-0143
[SUCCESS] http://archive.ambermd.org/202003/0128.html
Saved 2020-Mar-0128
[SUCCESS] http://archive.ambermd.org/202003/0135.html
Saved 2020-Mar-0135
[SUCCESS] http://archive.ambermd.org/202003/0144.html
Saved 2020-Mar-0144
[SUCCESS] http://archive.ambermd.org/202003/0130.html
Saved 2020-Mar-0130
[SUCCESS] http://archive.ambermd.org/202003/0131.html
Saved 2020-Mar-0131
[SUCCESS] http://archive.ambermd.org/202003/0132.html
Saved 2020-Mar-0132
[SUCCESS] http://archive.ambermd.org/202003/0133.html
Saved 2020-Mar-0133
[SUCCESS] http://archive.ambermd.org/202003/0134.html
Saved 2020-Mar-0134
[SUCCESS] http://archive.ambermd.org/202003/0136.html
Saved 2020-Mar-0136
[SUCCESS] http://archive.ambermd.org/202003/0137.html
Saved 2020-Mar-0137
[SUCCESS] http://archive.ambermd.org/202003/0138.html
Saved 2020-Mar-0138
[SUCCESS] http://archive.ambermd.org/202003/0139.html
Saved 2020-Mar-0139
[SUCCESS] http://archive.ambermd.org/202003/0145.html
Saved 2020-Mar-0145
[SUCCESS] http://archive.ambermd.org/202003/0146.html
Saved 2020-Mar-0146
[SUCCESS] http://archive.ambermd.org/202003/0149.html
Saved 2020-Mar-0149
[SUCCESS] http://archive.ambermd.org/202003/0147.html
Saved 2020-Mar-0147
[SUCCESS] http://archive.ambermd.org/202003/0150.html
Saved 2020-Mar-0150
[SUCCESS] http://archive.ambermd.org/202003/0172.html
Saved 2020-Mar-0172
[SUCCESS] http://archive.ambermd.org/202003/0148.html
Saved 2020-Mar-0148
[SUCCESS] http://archive.ambermd.org/202003/0151.html
Saved 2020-Mar-0151
[SUCCESS] http://archive.ambermd.org/202003/0152.html
Saved 2020-Mar-0152
[SUCCESS] http://archive.ambermd.org/202003/0153.html
Saved 2020-Mar-0153
[SUCCESS] http://archive.ambermd.org/202003/0154.html
Saved 2020-Mar-0154
[SUCCESS] http://archive.ambermd.org/202003/0155.html
Saved 2020-Mar-0155
[SUCCESS] http://archive.ambermd.org/202003/0156.html
Saved 2020-Mar-0156
[SUCCESS] http://archive.ambermd.org/202003/0157.html
Saved 2020-Mar-0157
[SUCCESS] http://archive.ambermd.org/202003/0158.html
Saved 2020-Mar-0158
[SUCCESS] http://archive.ambermd.org/202003/0166.html
Saved 2020-Mar-0166
[SUCCESS] http://archive.ambermd.org/202003/0171.html
Saved 2020-Mar-0171
[SUCCESS] http://archive.ambermd.org/202003/0187.html
Saved 2020-Mar-0187
[SUCCESS] http://archive.ambermd.org/202003/0159.html
Saved 2020-Mar-0159
[SUCCESS] http://archive.ambermd.org/202003/0174.html
Saved 2020-Mar-0174
[SUCCESS] http://archive.ambermd.org/202003/0180.html
Saved 2020-Mar-0180
[SUCCESS] http://archive.ambermd.org/202003/0160.html
Saved 2020-Mar-0160
[SUCCESS] http://archive.ambermd.org/202003/0161.html
Saved 2020-Mar-0161
[SUCCESS] http://archive.ambermd.org/202003/0162.html
Saved 2020-Mar-0162
[SUCCESS] http://archive.ambermd.org/202003/0163.html
Saved 2020-Mar-0163
[SUCCESS] http://archive.ambermd.org/202003/0165.html
Saved 2020-Mar-0165
[SUCCESS] http://archive.ambermd.org/202003/0164.html
Saved 2020-Mar-0164
[SUCCESS] http://archive.ambermd.org/202003/0167.html
Saved 2020-Mar-0167
[SUCCESS] http://archive.ambermd.org/202003/0169.html
Saved 2020-Mar-0169
[SUCCESS] http://archive.ambermd.org/202003/0168.html
Saved 2020-Mar-0168
[SUCCESS] http://archive.ambermd.org/202003/0170.html
Saved 2020-Mar-0170
[SUCCESS] http://archive.ambermd.org/202003/0173.html
Saved 2020-Mar-0173
[SUCCESS] http://archive.ambermd.org/202003/0175.html
Saved 2020-Mar-0175
[SUCCESS] http://archive.ambermd.org/202003/0176.html
Saved 2020-Mar-0176
[SUCCESS] http://archive.ambermd.org/202003/0177.html
Saved 2020-Mar-0177
[SUCCESS] http://archive.ambermd.org/202003/0178.html
Saved 2020-Mar-0178
[SUCCESS] http://archive.ambermd.org/202003/0179.html
Saved 2020-Mar-0179
[SUCCESS] http://archive.ambermd.org/202003/0181.html
Saved 2020-Mar-0181
[SUCCESS] http://archive.ambermd.org/202003/0185.html
Saved 2020-Mar-0185
[SUCCESS] http://archive.ambermd.org/202003/0191.html
Saved 2020-Mar-0191
[SUCCESS] http://archive.ambermd.org/202003/0192.html
Saved 2020-Mar-0192
[SUCCESS] http://archive.ambermd.org/202003/0193.html
Saved 2020-Mar-0193
[SUCCESS] http://archive.ambermd.org/202003/0202.html
Saved 2020-Mar-0202
[SUCCESS] http://archive.ambermd.org/202003/0206.html
Saved 2020-Mar-0206
[SUCCESS] http://archive.ambermd.org/202003/0182.html
Saved 2020-Mar-0182
[SUCCESS] http://archive.ambermd.org/202003/0183.html
Saved 2020-Mar-0183
[SUCCESS] http://archive.ambermd.org/202003/0184.html
Saved 2020-Mar-0184
[SUCCESS] http://archive.ambermd.org/202003/0186.html
Saved 2020-Mar-0186
[SUCCESS] http://archive.ambermd.org/202003/0239.html
Saved 2020-Mar-0239
[SUCCESS] http://archive.ambermd.org/202003/0188.html
Saved 2020-Mar-0188
[SUCCESS] http://archive.ambermd.org/202003/0240.html
Saved 2020-Mar-0240
[SUCCESS] http://archive.ambermd.org/202003/0189.html
Saved 2020-Mar-0189
[SUCCESS] http://archive.ambermd.org/202003/0190.html
Saved 2020-Mar-0190
[SUCCESS] http://archive.ambermd.org/202003/0194.html
Saved 2020-Mar-0194
[SUCCESS] http://archive.ambermd.org/202003/0195.html
Saved 2020-Mar-0195
[SUCCESS] http://archive.ambermd.org/202003/0196.html
Saved 2020-Mar-0196
[SUCCESS] http://archive.ambermd.org/202003/0197.html
Saved 2020-Mar-0197
[SUCCESS] http://archive.ambermd.org/202003/0198.html
Saved 2020-Mar-0198
[SUCCESS] http://archive.ambermd.org/202003/0200.html
Saved 2020-Mar-0200
[SUCCESS] http://archive.ambermd.org/202003/0201.html
Saved 2020-Mar-0201
[SUCCESS] http://archive.ambermd.org/202003/0203.html
Saved 2020-Mar-0203
[SUCCESS] http://archive.ambermd.org/202003/0204.html
Saved 2020-Mar-0204
[SUCCESS] http://archive.ambermd.org/202003/0205.html
Saved 2020-Mar-0205
[SUCCESS] http://archive.ambermd.org/202003/0207.html
Saved 2020-Mar-0207
[SUCCESS] http://archive.ambermd.org/202003/0199.html
Saved 2020-Mar-0199
[SUCCESS] http://archive.ambermd.org/202003/0277.html
Saved 2020-Mar-0277
[SUCCESS] http://archive.ambermd.org/202003/0208.html
Saved 2020-Mar-0208
[SUCCESS] http://archive.ambermd.org/202003/0209.html
Saved 2020-Mar-0209
[SUCCESS] http://archive.ambermd.org/202003/0210.html
Saved 2020-Mar-0210
[SUCCESS] http://archive.ambermd.org/202003/0211.html
Saved 2020-Mar-0211
[SUCCESS] http://archive.ambermd.org/202003/0212.html
Saved 2020-Mar-0212
[SUCCESS] http://archive.ambermd.org/202003/0213.html
Saved 2020-Mar-0213
[SUCCESS] http://archive.ambermd.org/202003/0214.html
Saved 2020-Mar-0214
[SUCCESS] http://archive.ambermd.org/202003/0215.html
Saved 2020-Mar-0215
[SUCCESS] http://archive.ambermd.org/202003/0217.html
Saved 2020-Mar-0217
[SUCCESS] http://archive.ambermd.org/202003/0221.html
Saved 2020-Mar-0221
[SUCCESS] http://archive.ambermd.org/202003/0216.html
Saved 2020-Mar-0216
[SUCCESS] http://archive.ambermd.org/202003/0219.html
Saved 2020-Mar-0219
[SUCCESS] http://archive.ambermd.org/202003/0225.html
Saved 2020-Mar-0225
[SUCCESS] http://archive.ambermd.org/202003/0226.html
Saved 2020-Mar-0226
[SUCCESS] http://archive.ambermd.org/202003/0228.html
Saved 2020-Mar-0228
[SUCCESS] http://archive.ambermd.org/202003/0227.html
Saved 2020-Mar-0227
[SUCCESS] http://archive.ambermd.org/202003/0218.html
Saved 2020-Mar-0218
[SUCCESS] http://archive.ambermd.org/202003/0220.html
Saved 2020-Mar-0220
[SUCCESS] http://archive.ambermd.org/202003/0222.html
Saved 2020-Mar-0222
[SUCCESS] http://archive.ambermd.org/202003/0223.html
Saved 2020-Mar-0223
[SUCCESS] http://archive.ambermd.org/202003/0241.html
Saved 2020-Mar-0241
[SUCCESS] http://archive.ambermd.org/202003/0224.html
Saved 2020-Mar-0224
[SUCCESS] http://archive.ambermd.org/202003/0229.html
Saved 2020-Mar-0229
[SUCCESS] http://archive.ambermd.org/202003/0230.html
Saved 2020-Mar-0230
[SUCCESS] http://archive.ambermd.org/202003/0248.html
Saved 2020-Mar-0248
[SUCCESS] http://archive.ambermd.org/202003/0253.html
Saved 2020-Mar-0253
[SUCCESS] http://archive.ambermd.org/202003/0261.html
Saved 2020-Mar-0261
[SUCCESS] http://archive.ambermd.org/202003/0262.html
Saved 2020-Mar-0262
[SUCCESS] http://archive.ambermd.org/202003/0231.html
Saved 2020-Mar-0231
[SUCCESS] http://archive.ambermd.org/202003/0232.html
Saved 2020-Mar-0232
[SUCCESS] http://archive.ambermd.org/202003/0238.html
Saved 2020-Mar-0238
[SUCCESS] http://archive.ambermd.org/202003/0233.html
Saved 2020-Mar-0233
[SUCCESS] http://archive.ambermd.org/202003/0234.html
Saved 2020-Mar-0234
[SUCCESS] http://archive.ambermd.org/202003/0250.html
Saved 2020-Mar-0250
[SUCCESS] http://archive.ambermd.org/202003/0235.html
Saved 2020-Mar-0235
[SUCCESS] http://archive.ambermd.org/202003/0242.html
Saved 2020-Mar-0242
[SUCCESS] http://archive.ambermd.org/202003/0245.html
Saved 2020-Mar-0245
[SUCCESS] http://archive.ambermd.org/202003/0258.html
Saved 2020-Mar-0258
[SUCCESS] http://archive.ambermd.org/202003/0260.html
Saved 2020-Mar-0260
[SUCCESS] http://archive.ambermd.org/202003/0264.html
Saved 2020-Mar-0264
[SUCCESS] http://archive.ambermd.org/202003/0243.html
Saved 2020-Mar-0243
[SUCCESS] http://archive.ambermd.org/202003/0244.html
Saved 2020-Mar-0244
[SUCCESS] http://archive.ambermd.org/202003/0246.html
Saved 2020-Mar-0246
[SUCCESS] http://archive.ambermd.org/202003/0252.html
Saved 2020-Mar-0252
[SUCCESS] http://archive.ambermd.org/202003/0251.html
Saved 2020-Mar-0251
[SUCCESS] http://archive.ambermd.org/202003/0247.html
Saved 2020-Mar-0247
[SUCCESS] http://archive.ambermd.org/202003/0254.html
Saved 2020-Mar-0254
[SUCCESS] http://archive.ambermd.org/202003/0249.html
Saved 2020-Mar-0249
[SUCCESS] http://archive.ambermd.org/202003/0255.html
Saved 2020-Mar-0255
[SUCCESS] http://archive.ambermd.org/202003/0257.html
Saved 2020-Mar-0257
[SUCCESS] http://archive.ambermd.org/202003/0256.html
Saved 2020-Mar-0256
[SUCCESS] http://archive.ambermd.org/202003/0259.html
Saved 2020-Mar-0259
[SUCCESS] http://archive.ambermd.org/202003/0283.html
Saved 2020-Mar-0283
[SUCCESS] http://archive.ambermd.org/202003/0284.html
Saved 2020-Mar-0284
[SUCCESS] http://archive.ambermd.org/202003/0294.html
Saved 2020-Mar-0294
[SUCCESS] http://archive.ambermd.org/202003/0263.html
Saved 2020-Mar-0263
[SUCCESS] http://archive.ambermd.org/202003/0269.html
Saved 2020-Mar-0269
[SUCCESS] http://archive.ambermd.org/202003/0279.html
Saved 2020-Mar-0279
[SUCCESS] http://archive.ambermd.org/202003/0280.html
Saved 2020-Mar-0280
[SUCCESS] http://archive.ambermd.org/202003/0281.html
Saved 2020-Mar-0281
[SUCCESS] http://archive.ambermd.org/202003/0265.html
Saved 2020-Mar-0265
[SUCCESS] http://archive.ambermd.org/202003/0267.html
Saved 2020-Mar-0267
[SUCCESS] http://archive.ambermd.org/202003/0266.html
Saved 2020-Mar-0266
[SUCCESS] http://archive.ambermd.org/202003/0268.html
Saved 2020-Mar-0268
[SUCCESS] http://archive.ambermd.org/202003/0270.html
Saved 2020-Mar-0270
[SUCCESS] http://archive.ambermd.org/202003/0278.html
Saved 2020-Mar-0278
[SUCCESS] http://archive.ambermd.org/202003/0271.html
Saved 2020-Mar-0271
[SUCCESS] http://archive.ambermd.org/202003/0272.html
Saved 2020-Mar-0272
[SUCCESS] http://archive.ambermd.org/202003/0282.html
Saved 2020-Mar-0282
[SUCCESS] http://archive.ambermd.org/202003/0276.html
Saved 2020-Mar-0276
[SUCCESS] http://archive.ambermd.org/202003/0285.html
Saved 2020-Mar-0285
[SUCCESS] http://archive.ambermd.org/202003/0286.html
Saved 2020-Mar-0286
[SUCCESS] http://archive.ambermd.org/202003/0287.html
Saved 2020-Mar-0287
[SUCCESS] http://archive.ambermd.org/202003/0289.html
Saved 2020-Mar-0289
[SUCCESS] http://archive.ambermd.org/202003/0291.html
Saved 2020-Mar-0291
[SUCCESS] http://archive.ambermd.org/202003/0288.html
Saved 2020-Mar-0288
[SUCCESS] http://archive.ambermd.org/202003/0290.html
Saved 2020-Mar-0290
[SUCCESS] http://archive.ambermd.org/202003/0292.html
Saved 2020-Mar-0292
[SUCCESS] http://archive.ambermd.org/202003/0293.html
Saved 2020-Mar-0293
[SUCCESS] http://archive.ambermd.org/202003/0304.html
Saved 2020-Mar-0304
[SUCCESS] http://archive.ambermd.org/202003/0295.html
Saved 2020-Mar-0295
[SUCCESS] http://archive.ambermd.org/202003/0297.html
Saved 2020-Mar-0297
[SUCCESS] http://archive.ambermd.org/202003/0300.html
Saved 2020-Mar-0300
[SUCCESS] http://archive.ambermd.org/202003/0302.html
Saved 2020-Mar-0302
[SUCCESS] http://archive.ambermd.org/202003/0296.html
Saved 2020-Mar-0296
[SUCCESS] http://archive.ambermd.org/202003/0298.html
Saved 2020-Mar-0298
[SUCCESS] http://archive.ambermd.org/202003/0299.html
Saved 2020-Mar-0299
[SUCCESS] http://archive.ambermd.org/202003/0301.html
Saved 2020-Mar-0301
[SUCCESS] http://archive.ambermd.org/202003/0303.html
Saved 2020-Mar-0303
[SUCCESS] http://archive.ambermd.org/202003/0322.html
Saved 2020-Mar-0322
[SUCCESS] http://archive.ambermd.org/202003/0324.html
Saved 2020-Mar-0324
[SUCCESS] http://archive.ambermd.org/202003/0318.html
Saved 2020-Mar-0318
[SUCCESS] http://archive.ambermd.org/202003/0320.html
Saved 2020-Mar-0320
[SUCCESS] http://archive.ambermd.org/202003/0321.html
Saved 2020-Mar-0321
[SUCCESS] http://archive.ambermd.org/202003/0323.html
Saved 2020-Mar-0323
[SUCCESS] http://archive.ambermd.org/202003/0305.html
Saved 2020-Mar-0305
[SUCCESS] http://archive.ambermd.org/202003/0308.html
Saved 2020-Mar-0308
[SUCCESS] http://archive.ambermd.org/202003/0309.html
Saved 2020-Mar-0309
[SUCCESS] http://archive.ambermd.org/202003/0310.html
Saved 2020-Mar-0310
[SUCCESS] http://archive.ambermd.org/202003/0306.html
Saved 2020-Mar-0306
[SUCCESS] http://archive.ambermd.org/202003/0307.html
Saved 2020-Mar-0307
[SUCCESS] http://archive.ambermd.org/202003/0313.html
Saved 2020-Mar-0313
[SUCCESS] http://archive.ambermd.org/202003/0314.html
Saved 2020-Mar-0314
[SUCCESS] http://archive.ambermd.org/202003/0315.html
Saved 2020-Mar-0315
[SUCCESS] http://archive.ambermd.org/202003/0311.html
Saved 2020-Mar-0311
[SUCCESS] http://archive.ambermd.org/202003/0312.html
Saved 2020-Mar-0312
[SUCCESS] http://archive.ambermd.org/202003/0319.html
Saved 2020-Mar-0319
[SUCCESS] http://archive.ambermd.org/202003/0316.html
Saved 2020-Mar-0316
[SUCCESS] http://archive.ambermd.org/202003/0317.html
Saved 2020-Mar-0317
[SUCCESS] http://archive.ambermd.org/202003/0325.html
Saved 2020-Mar-0325
Processing 2020 Apr → http://archive.ambermd.org/202004/
[SUCCESS] http://archive.ambermd.org/202004/
[SUCCESS] http://archive.ambermd.org/202004/0000.html
Saved 2020-Apr-0000
[SUCCESS] http://archive.ambermd.org/202004/0001.html
Saved 2020-Apr-0001
[SUCCESS] http://archive.ambermd.org/202004/0076.html
Saved 2020-Apr-0076
[SUCCESS] http://archive.ambermd.org/202004/0002.html
Saved 2020-Apr-0002
[SUCCESS] http://archive.ambermd.org/202004/0231.html
Saved 2020-Apr-0231
[SUCCESS] http://archive.ambermd.org/202004/0003.html
Saved 2020-Apr-0003
[SUCCESS] http://archive.ambermd.org/202004/0006.html
Saved 2020-Apr-0006
[SUCCESS] http://archive.ambermd.org/202004/0007.html
Saved 2020-Apr-0007
[SUCCESS] http://archive.ambermd.org/202004/0011.html
Saved 2020-Apr-0011
[SUCCESS] http://archive.ambermd.org/202004/0012.html
Saved 2020-Apr-0012
[SUCCESS] http://archive.ambermd.org/202004/0026.html
Saved 2020-Apr-0026
[SUCCESS] http://archive.ambermd.org/202004/0028.html
Saved 2020-Apr-0028
[SUCCESS] http://archive.ambermd.org/202004/0035.html
Saved 2020-Apr-0035
[SUCCESS] http://archive.ambermd.org/202004/0036.html
Saved 2020-Apr-0036
[SUCCESS] http://archive.ambermd.org/202004/0043.html
Saved 2020-Apr-0043
[SUCCESS] http://archive.ambermd.org/202004/0047.html
Saved 2020-Apr-0047
[SUCCESS] http://archive.ambermd.org/202004/0004.html
Saved 2020-Apr-0004
[SUCCESS] http://archive.ambermd.org/202004/0005.html
Saved 2020-Apr-0005
[SUCCESS] http://archive.ambermd.org/202004/0008.html
Saved 2020-Apr-0008
[SUCCESS] http://archive.ambermd.org/202004/0009.html
Saved 2020-Apr-0009
[SUCCESS] http://archive.ambermd.org/202004/0010.html
Saved 2020-Apr-0010
[SUCCESS] http://archive.ambermd.org/202004/0013.html
Saved 2020-Apr-0013
[SUCCESS] http://archive.ambermd.org/202004/0014.html
Saved 2020-Apr-0014
[SUCCESS] http://archive.ambermd.org/202004/0015.html
Saved 2020-Apr-0015
[SUCCESS] http://archive.ambermd.org/202004/0016.html
Saved 2020-Apr-0016
[SUCCESS] http://archive.ambermd.org/202004/0041.html
Saved 2020-Apr-0041
[SUCCESS] http://archive.ambermd.org/202004/0044.html
Saved 2020-Apr-0044
[SUCCESS] http://archive.ambermd.org/202004/0017.html
Saved 2020-Apr-0017
[SUCCESS] http://archive.ambermd.org/202004/0018.html
Saved 2020-Apr-0018
[SUCCESS] http://archive.ambermd.org/202004/0049.html
Saved 2020-Apr-0049
[SUCCESS] http://archive.ambermd.org/202004/0052.html
Saved 2020-Apr-0052
[SUCCESS] http://archive.ambermd.org/202004/0019.html
Saved 2020-Apr-0019
[SUCCESS] http://archive.ambermd.org/202004/0020.html
Saved 2020-Apr-0020
[SUCCESS] http://archive.ambermd.org/202004/0021.html
Saved 2020-Apr-0021
[SUCCESS] http://archive.ambermd.org/202004/0022.html
Saved 2020-Apr-0022
[SUCCESS] http://archive.ambermd.org/202004/0023.html
Saved 2020-Apr-0023
[SUCCESS] http://archive.ambermd.org/202004/0024.html
Saved 2020-Apr-0024
[SUCCESS] http://archive.ambermd.org/202004/0025.html
Saved 2020-Apr-0025
[SUCCESS] http://archive.ambermd.org/202004/0027.html
Saved 2020-Apr-0027
[SUCCESS] http://archive.ambermd.org/202004/0034.html
Saved 2020-Apr-0034
[SUCCESS] http://archive.ambermd.org/202004/0038.html
Saved 2020-Apr-0038
[SUCCESS] http://archive.ambermd.org/202004/0123.html
Saved 2020-Apr-0123
[SUCCESS] http://archive.ambermd.org/202004/0029.html
Saved 2020-Apr-0029
[SUCCESS] http://archive.ambermd.org/202004/0030.html
Saved 2020-Apr-0030
[SUCCESS] http://archive.ambermd.org/202004/0033.html
Saved 2020-Apr-0033
[SUCCESS] http://archive.ambermd.org/202004/0031.html
Saved 2020-Apr-0031
[SUCCESS] http://archive.ambermd.org/202004/0032.html
Saved 2020-Apr-0032
[SUCCESS] http://archive.ambermd.org/202004/0039.html
Saved 2020-Apr-0039
[SUCCESS] http://archive.ambermd.org/202004/0040.html
Saved 2020-Apr-0040
[SUCCESS] http://archive.ambermd.org/202004/0051.html
Saved 2020-Apr-0051
[SUCCESS] http://archive.ambermd.org/202004/0054.html
Saved 2020-Apr-0054
[SUCCESS] http://archive.ambermd.org/202004/0037.html
Saved 2020-Apr-0037
[SUCCESS] http://archive.ambermd.org/202004/0072.html
Saved 2020-Apr-0072
[SUCCESS] http://archive.ambermd.org/202004/0075.html
Saved 2020-Apr-0075
[SUCCESS] http://archive.ambermd.org/202004/0042.html
Saved 2020-Apr-0042
[SUCCESS] http://archive.ambermd.org/202004/0046.html
Saved 2020-Apr-0046
[SUCCESS] http://archive.ambermd.org/202004/0056.html
Saved 2020-Apr-0056
[SUCCESS] http://archive.ambermd.org/202004/0053.html
Saved 2020-Apr-0053
[SUCCESS] http://archive.ambermd.org/202004/0055.html
Saved 2020-Apr-0055
[SUCCESS] http://archive.ambermd.org/202004/0045.html
Saved 2020-Apr-0045
[SUCCESS] http://archive.ambermd.org/202004/0048.html
Saved 2020-Apr-0048
[SUCCESS] http://archive.ambermd.org/202004/0050.html
Saved 2020-Apr-0050
[SUCCESS] http://archive.ambermd.org/202004/0057.html
Saved 2020-Apr-0057
[SUCCESS] http://archive.ambermd.org/202004/0058.html
Saved 2020-Apr-0058
[SUCCESS] http://archive.ambermd.org/202004/0061.html
Saved 2020-Apr-0061
[SUCCESS] http://archive.ambermd.org/202004/0059.html
Saved 2020-Apr-0059
[SUCCESS] http://archive.ambermd.org/202004/0060.html
Saved 2020-Apr-0060
[SUCCESS] http://archive.ambermd.org/202004/0062.html
Saved 2020-Apr-0062
[SUCCESS] http://archive.ambermd.org/202004/0063.html
Saved 2020-Apr-0063
[SUCCESS] http://archive.ambermd.org/202004/0064.html
Saved 2020-Apr-0064
[SUCCESS] http://archive.ambermd.org/202004/0065.html
Saved 2020-Apr-0065
[SUCCESS] http://archive.ambermd.org/202004/0066.html
Saved 2020-Apr-0066
[SUCCESS] http://archive.ambermd.org/202004/0067.html
Saved 2020-Apr-0067
[SUCCESS] http://archive.ambermd.org/202004/0068.html
Saved 2020-Apr-0068
[SUCCESS] http://archive.ambermd.org/202004/0079.html
Saved 2020-Apr-0079
[SUCCESS] http://archive.ambermd.org/202004/0080.html
Saved 2020-Apr-0080
[SUCCESS] http://archive.ambermd.org/202004/0081.html
Saved 2020-Apr-0081
[SUCCESS] http://archive.ambermd.org/202004/0092.html
Saved 2020-Apr-0092
[SUCCESS] http://archive.ambermd.org/202004/0093.html
Saved 2020-Apr-0093
[SUCCESS] http://archive.ambermd.org/202004/0094.html
Saved 2020-Apr-0094
[SUCCESS] http://archive.ambermd.org/202004/0112.html
Saved 2020-Apr-0112
[SUCCESS] http://archive.ambermd.org/202004/0120.html
Saved 2020-Apr-0120
[SUCCESS] http://archive.ambermd.org/202004/0069.html
Saved 2020-Apr-0069
[SUCCESS] http://archive.ambermd.org/202004/0070.html
Saved 2020-Apr-0070
[SUCCESS] http://archive.ambermd.org/202004/0071.html
Saved 2020-Apr-0071
[SUCCESS] http://archive.ambermd.org/202004/0074.html
Saved 2020-Apr-0074
[SUCCESS] http://archive.ambermd.org/202004/0108.html
Saved 2020-Apr-0108
[SUCCESS] http://archive.ambermd.org/202004/0073.html
Saved 2020-Apr-0073
[SUCCESS] http://archive.ambermd.org/202004/0077.html
Saved 2020-Apr-0077
[SUCCESS] http://archive.ambermd.org/202004/0083.html
Saved 2020-Apr-0083
[SUCCESS] http://archive.ambermd.org/202004/0078.html
Saved 2020-Apr-0078
[SUCCESS] http://archive.ambermd.org/202004/0082.html
Saved 2020-Apr-0082
[SUCCESS] http://archive.ambermd.org/202004/0084.html
Saved 2020-Apr-0084
[SUCCESS] http://archive.ambermd.org/202004/0102.html
Saved 2020-Apr-0102
[SUCCESS] http://archive.ambermd.org/202004/0103.html
Saved 2020-Apr-0103
[SUCCESS] http://archive.ambermd.org/202004/0104.html
Saved 2020-Apr-0104
[SUCCESS] http://archive.ambermd.org/202004/0085.html
Saved 2020-Apr-0085
[SUCCESS] http://archive.ambermd.org/202004/0087.html
Saved 2020-Apr-0087
[SUCCESS] http://archive.ambermd.org/202004/0088.html
Saved 2020-Apr-0088
[SUCCESS] http://archive.ambermd.org/202004/0090.html
Saved 2020-Apr-0090
[SUCCESS] http://archive.ambermd.org/202004/0091.html
Saved 2020-Apr-0091
[SUCCESS] http://archive.ambermd.org/202004/0089.html
Saved 2020-Apr-0089
[SUCCESS] http://archive.ambermd.org/202004/0086.html
Saved 2020-Apr-0086
[SUCCESS] http://archive.ambermd.org/202004/0095.html
Saved 2020-Apr-0095
[SUCCESS] http://archive.ambermd.org/202004/0096.html
Saved 2020-Apr-0096
[SUCCESS] http://archive.ambermd.org/202004/0099.html
Saved 2020-Apr-0099
[SUCCESS] http://archive.ambermd.org/202004/0105.html
Saved 2020-Apr-0105
[SUCCESS] http://archive.ambermd.org/202004/0107.html
Saved 2020-Apr-0107
[SUCCESS] http://archive.ambermd.org/202004/0111.html
Saved 2020-Apr-0111
[SUCCESS] http://archive.ambermd.org/202004/0114.html
Saved 2020-Apr-0114
[SUCCESS] http://archive.ambermd.org/202004/0126.html
Saved 2020-Apr-0126
[SUCCESS] http://archive.ambermd.org/202004/0129.html
Saved 2020-Apr-0129
[SUCCESS] http://archive.ambermd.org/202004/0132.html
Saved 2020-Apr-0132
[SUCCESS] http://archive.ambermd.org/202004/0143.html
Saved 2020-Apr-0143
[SUCCESS] http://archive.ambermd.org/202004/0145.html
Saved 2020-Apr-0145
[SUCCESS] http://archive.ambermd.org/202004/0166.html
Saved 2020-Apr-0166
[SUCCESS] http://archive.ambermd.org/202004/0097.html
Saved 2020-Apr-0097
[SUCCESS] http://archive.ambermd.org/202004/0098.html
Saved 2020-Apr-0098
[SUCCESS] http://archive.ambermd.org/202004/0128.html
Saved 2020-Apr-0128
[SUCCESS] http://archive.ambermd.org/202004/0148.html
Saved 2020-Apr-0148
[SUCCESS] http://archive.ambermd.org/202004/0149.html
Saved 2020-Apr-0149
[SUCCESS] http://archive.ambermd.org/202004/0161.html
Saved 2020-Apr-0161
[SUCCESS] http://archive.ambermd.org/202004/0167.html
Saved 2020-Apr-0167
[SUCCESS] http://archive.ambermd.org/202004/0150.html
Saved 2020-Apr-0150
[SUCCESS] http://archive.ambermd.org/202004/0100.html
Saved 2020-Apr-0100
[SUCCESS] http://archive.ambermd.org/202004/0115.html
Saved 2020-Apr-0115
[SUCCESS] http://archive.ambermd.org/202004/0116.html
Saved 2020-Apr-0116
[SUCCESS] http://archive.ambermd.org/202004/0118.html
Saved 2020-Apr-0118
[SUCCESS] http://archive.ambermd.org/202004/0144.html
Saved 2020-Apr-0144
[SUCCESS] http://archive.ambermd.org/202004/0151.html
Saved 2020-Apr-0151
[SUCCESS] http://archive.ambermd.org/202004/0152.html
Saved 2020-Apr-0152
[SUCCESS] http://archive.ambermd.org/202004/0156.html
Saved 2020-Apr-0156
[SUCCESS] http://archive.ambermd.org/202004/0117.html
Saved 2020-Apr-0117
[SUCCESS] http://archive.ambermd.org/202004/0130.html
Saved 2020-Apr-0130
[SUCCESS] http://archive.ambermd.org/202004/0209.html
Saved 2020-Apr-0209
[SUCCESS] http://archive.ambermd.org/202004/0211.html
Saved 2020-Apr-0211
[SUCCESS] http://archive.ambermd.org/202004/0214.html
Saved 2020-Apr-0214
[SUCCESS] http://archive.ambermd.org/202004/0101.html
Saved 2020-Apr-0101
[SUCCESS] http://archive.ambermd.org/202004/0106.html
Saved 2020-Apr-0106
[SUCCESS] http://archive.ambermd.org/202004/0113.html
Saved 2020-Apr-0113
[SUCCESS] http://archive.ambermd.org/202004/0124.html
Saved 2020-Apr-0124
[SUCCESS] http://archive.ambermd.org/202004/0131.html
Saved 2020-Apr-0131
[SUCCESS] http://archive.ambermd.org/202004/0133.html
Saved 2020-Apr-0133
[SUCCESS] http://archive.ambermd.org/202004/0168.html
Saved 2020-Apr-0168
[SUCCESS] http://archive.ambermd.org/202004/0169.html
Saved 2020-Apr-0169
[SUCCESS] http://archive.ambermd.org/202004/0109.html
Saved 2020-Apr-0109
[SUCCESS] http://archive.ambermd.org/202004/0110.html
Saved 2020-Apr-0110
[SUCCESS] http://archive.ambermd.org/202004/0163.html
Saved 2020-Apr-0163
[SUCCESS] http://archive.ambermd.org/202004/0164.html
Saved 2020-Apr-0164
[SUCCESS] http://archive.ambermd.org/202004/0119.html
Saved 2020-Apr-0119
[SUCCESS] http://archive.ambermd.org/202004/0121.html
Saved 2020-Apr-0121
[SUCCESS] http://archive.ambermd.org/202004/0125.html
Saved 2020-Apr-0125
[SUCCESS] http://archive.ambermd.org/202004/0122.html
Saved 2020-Apr-0122
[SUCCESS] http://archive.ambermd.org/202004/0127.html
Saved 2020-Apr-0127
[SUCCESS] http://archive.ambermd.org/202004/0134.html
Saved 2020-Apr-0134
[SUCCESS] http://archive.ambermd.org/202004/0135.html
Saved 2020-Apr-0135
[SUCCESS] http://archive.ambermd.org/202004/0136.html
Saved 2020-Apr-0136
[SUCCESS] http://archive.ambermd.org/202004/0137.html
Saved 2020-Apr-0137
[SUCCESS] http://archive.ambermd.org/202004/0138.html
Saved 2020-Apr-0138
[SUCCESS] http://archive.ambermd.org/202004/0142.html
Saved 2020-Apr-0142
[SUCCESS] http://archive.ambermd.org/202004/0160.html
Saved 2020-Apr-0160
[SUCCESS] http://archive.ambermd.org/202004/0139.html
Saved 2020-Apr-0139
[SUCCESS] http://archive.ambermd.org/202004/0140.html
Saved 2020-Apr-0140
[SUCCESS] http://archive.ambermd.org/202004/0141.html
Saved 2020-Apr-0141
[SUCCESS] http://archive.ambermd.org/202004/0146.html
Saved 2020-Apr-0146
[SUCCESS] http://archive.ambermd.org/202004/0147.html
Saved 2020-Apr-0147
[SUCCESS] http://archive.ambermd.org/202004/0153.html
Saved 2020-Apr-0153
[SUCCESS] http://archive.ambermd.org/202004/0155.html
Saved 2020-Apr-0155
[SUCCESS] http://archive.ambermd.org/202004/0159.html
Saved 2020-Apr-0159
[SUCCESS] http://archive.ambermd.org/202004/0154.html
Saved 2020-Apr-0154
[SUCCESS] http://archive.ambermd.org/202004/0157.html
Saved 2020-Apr-0157
[SUCCESS] http://archive.ambermd.org/202004/0158.html
Saved 2020-Apr-0158
[SUCCESS] http://archive.ambermd.org/202004/0162.html
Saved 2020-Apr-0162
[SUCCESS] http://archive.ambermd.org/202004/0173.html
Saved 2020-Apr-0173
[SUCCESS] http://archive.ambermd.org/202004/0165.html
Saved 2020-Apr-0165
[SUCCESS] http://archive.ambermd.org/202004/0170.html
Saved 2020-Apr-0170
[SUCCESS] http://archive.ambermd.org/202004/0176.html
Saved 2020-Apr-0176
[SUCCESS] http://archive.ambermd.org/202004/0193.html
Saved 2020-Apr-0193
[SUCCESS] http://archive.ambermd.org/202004/0197.html
Saved 2020-Apr-0197
[SUCCESS] http://archive.ambermd.org/202004/0171.html
Saved 2020-Apr-0171
[SUCCESS] http://archive.ambermd.org/202004/0172.html
Saved 2020-Apr-0172
[SUCCESS] http://archive.ambermd.org/202004/0174.html
Saved 2020-Apr-0174
[SUCCESS] http://archive.ambermd.org/202004/0195.html
Saved 2020-Apr-0195
[SUCCESS] http://archive.ambermd.org/202004/0196.html
Saved 2020-Apr-0196
[SUCCESS] http://archive.ambermd.org/202004/0198.html
Saved 2020-Apr-0198
[SUCCESS] http://archive.ambermd.org/202004/0208.html
Saved 2020-Apr-0208
[SUCCESS] http://archive.ambermd.org/202004/0215.html
Saved 2020-Apr-0215
[SUCCESS] http://archive.ambermd.org/202004/0217.html
Saved 2020-Apr-0217
[SUCCESS] http://archive.ambermd.org/202004/0225.html
Saved 2020-Apr-0225
[SUCCESS] http://archive.ambermd.org/202004/0226.html
Saved 2020-Apr-0226
[SUCCESS] http://archive.ambermd.org/202004/0238.html
Saved 2020-Apr-0238
[SUCCESS] http://archive.ambermd.org/202004/0282.html
Saved 2020-Apr-0282
[SUCCESS] http://archive.ambermd.org/202004/0283.html
Saved 2020-Apr-0283
[SUCCESS] http://archive.ambermd.org/202004/0308.html
Saved 2020-Apr-0308
[SUCCESS] http://archive.ambermd.org/202004/0309.html
Saved 2020-Apr-0309
[SUCCESS] http://archive.ambermd.org/202004/0347.html
Saved 2020-Apr-0347
[SUCCESS] http://archive.ambermd.org/202004/0175.html
Saved 2020-Apr-0175
[SUCCESS] http://archive.ambermd.org/202004/0177.html
Saved 2020-Apr-0177
[SUCCESS] http://archive.ambermd.org/202004/0178.html
Saved 2020-Apr-0178
[SUCCESS] http://archive.ambermd.org/202004/0180.html
Saved 2020-Apr-0180
[SUCCESS] http://archive.ambermd.org/202004/0182.html
Saved 2020-Apr-0182
[SUCCESS] http://archive.ambermd.org/202004/0183.html
Saved 2020-Apr-0183
[SUCCESS] http://archive.ambermd.org/202004/0184.html
Saved 2020-Apr-0184
[SUCCESS] http://archive.ambermd.org/202004/0185.html
Saved 2020-Apr-0185
[SUCCESS] http://archive.ambermd.org/202004/0186.html
Saved 2020-Apr-0186
[SUCCESS] http://archive.ambermd.org/202004/0190.html
Saved 2020-Apr-0190
[SUCCESS] http://archive.ambermd.org/202004/0191.html
Saved 2020-Apr-0191
[SUCCESS] http://archive.ambermd.org/202004/0199.html
Saved 2020-Apr-0199
[SUCCESS] http://archive.ambermd.org/202004/0200.html
Saved 2020-Apr-0200
[SUCCESS] http://archive.ambermd.org/202004/0179.html
Saved 2020-Apr-0179
[SUCCESS] http://archive.ambermd.org/202004/0181.html
Saved 2020-Apr-0181
[SUCCESS] http://archive.ambermd.org/202004/0187.html
Saved 2020-Apr-0187
[SUCCESS] http://archive.ambermd.org/202004/0188.html
Saved 2020-Apr-0188
[SUCCESS] http://archive.ambermd.org/202004/0189.html
Saved 2020-Apr-0189
[SUCCESS] http://archive.ambermd.org/202004/0192.html
Saved 2020-Apr-0192
[SUCCESS] http://archive.ambermd.org/202004/0194.html
Saved 2020-Apr-0194
[SUCCESS] http://archive.ambermd.org/202004/0201.html
Saved 2020-Apr-0201
[SUCCESS] http://archive.ambermd.org/202004/0202.html
Saved 2020-Apr-0202
[SUCCESS] http://archive.ambermd.org/202004/0203.html
Saved 2020-Apr-0203
[SUCCESS] http://archive.ambermd.org/202004/0204.html
Saved 2020-Apr-0204
[SUCCESS] http://archive.ambermd.org/202004/0205.html
Saved 2020-Apr-0205
[SUCCESS] http://archive.ambermd.org/202004/0206.html
Saved 2020-Apr-0206
[SUCCESS] http://archive.ambermd.org/202004/0207.html
Saved 2020-Apr-0207
[SUCCESS] http://archive.ambermd.org/202004/0210.html
Saved 2020-Apr-0210
[SUCCESS] http://archive.ambermd.org/202004/0212.html
Saved 2020-Apr-0212
[SUCCESS] http://archive.ambermd.org/202004/0213.html
Saved 2020-Apr-0213
[SUCCESS] http://archive.ambermd.org/202004/0216.html
Saved 2020-Apr-0216
[SUCCESS] http://archive.ambermd.org/202004/0218.html
Saved 2020-Apr-0218
[SUCCESS] http://archive.ambermd.org/202004/0222.html
Saved 2020-Apr-0222
[SUCCESS] http://archive.ambermd.org/202004/0219.html
Saved 2020-Apr-0219
[SUCCESS] http://archive.ambermd.org/202004/0223.html
Saved 2020-Apr-0223
[SUCCESS] http://archive.ambermd.org/202004/0224.html
Saved 2020-Apr-0224
[SUCCESS] http://archive.ambermd.org/202004/0227.html
Saved 2020-Apr-0227
[SUCCESS] http://archive.ambermd.org/202004/0229.html
Saved 2020-Apr-0229
[SUCCESS] http://archive.ambermd.org/202004/0220.html
Saved 2020-Apr-0220
[SUCCESS] http://archive.ambermd.org/202004/0221.html
Saved 2020-Apr-0221
[SUCCESS] http://archive.ambermd.org/202004/0228.html
Saved 2020-Apr-0228
[SUCCESS] http://archive.ambermd.org/202004/0230.html
Saved 2020-Apr-0230
[SUCCESS] http://archive.ambermd.org/202004/0237.html
Saved 2020-Apr-0237
[SUCCESS] http://archive.ambermd.org/202004/0240.html
Saved 2020-Apr-0240
[SUCCESS] http://archive.ambermd.org/202004/0243.html
Saved 2020-Apr-0243
[SUCCESS] http://archive.ambermd.org/202004/0245.html
Saved 2020-Apr-0245
[SUCCESS] http://archive.ambermd.org/202004/0250.html
Saved 2020-Apr-0250
[SUCCESS] http://archive.ambermd.org/202004/0232.html
Saved 2020-Apr-0232
[SUCCESS] http://archive.ambermd.org/202004/0233.html
Saved 2020-Apr-0233
[SUCCESS] http://archive.ambermd.org/202004/0234.html
Saved 2020-Apr-0234
[SUCCESS] http://archive.ambermd.org/202004/0235.html
Saved 2020-Apr-0235
[SUCCESS] http://archive.ambermd.org/202004/0236.html
Saved 2020-Apr-0236
[SUCCESS] http://archive.ambermd.org/202004/0239.html
Saved 2020-Apr-0239
[SUCCESS] http://archive.ambermd.org/202004/0241.html
Saved 2020-Apr-0241
[SUCCESS] http://archive.ambermd.org/202004/0242.html
Saved 2020-Apr-0242
[SUCCESS] http://archive.ambermd.org/202004/0244.html
Saved 2020-Apr-0244
[SUCCESS] http://archive.ambermd.org/202004/0246.html
Saved 2020-Apr-0246
[SUCCESS] http://archive.ambermd.org/202004/0247.html
Saved 2020-Apr-0247
[SUCCESS] http://archive.ambermd.org/202004/0248.html
Saved 2020-Apr-0248
[SUCCESS] http://archive.ambermd.org/202004/0249.html
Saved 2020-Apr-0249
[SUCCESS] http://archive.ambermd.org/202004/0253.html
Saved 2020-Apr-0253
[SUCCESS] http://archive.ambermd.org/202004/0254.html
Saved 2020-Apr-0254
[SUCCESS] http://archive.ambermd.org/202004/0255.html
Saved 2020-Apr-0255
[SUCCESS] http://archive.ambermd.org/202004/0256.html
Saved 2020-Apr-0256
[SUCCESS] http://archive.ambermd.org/202004/0257.html
Saved 2020-Apr-0257
[SUCCESS] http://archive.ambermd.org/202004/0258.html
Saved 2020-Apr-0258
[SUCCESS] http://archive.ambermd.org/202004/0259.html
Saved 2020-Apr-0259
[SUCCESS] http://archive.ambermd.org/202004/0260.html
Saved 2020-Apr-0260
[SUCCESS] http://archive.ambermd.org/202004/0261.html
Saved 2020-Apr-0261
[SUCCESS] http://archive.ambermd.org/202004/0262.html
Saved 2020-Apr-0262
[SUCCESS] http://archive.ambermd.org/202004/0266.html
Saved 2020-Apr-0266
[SUCCESS] http://archive.ambermd.org/202004/0267.html
Saved 2020-Apr-0267
[SUCCESS] http://archive.ambermd.org/202004/0268.html
Saved 2020-Apr-0268
[SUCCESS] http://archive.ambermd.org/202004/0269.html
Saved 2020-Apr-0269
[SUCCESS] http://archive.ambermd.org/202004/0270.html
Saved 2020-Apr-0270
[SUCCESS] http://archive.ambermd.org/202004/0263.html
Saved 2020-Apr-0263
[SUCCESS] http://archive.ambermd.org/202004/0251.html
Saved 2020-Apr-0251
[SUCCESS] http://archive.ambermd.org/202004/0252.html
Saved 2020-Apr-0252
[SUCCESS] http://archive.ambermd.org/202004/0264.html
Saved 2020-Apr-0264
[SUCCESS] http://archive.ambermd.org/202004/0277.html
Saved 2020-Apr-0277
[SUCCESS] http://archive.ambermd.org/202004/0280.html
Saved 2020-Apr-0280
[SUCCESS] http://archive.ambermd.org/202004/0278.html
Saved 2020-Apr-0278
[SUCCESS] http://archive.ambermd.org/202004/0265.html
Saved 2020-Apr-0265
[SUCCESS] http://archive.ambermd.org/202004/0271.html
Saved 2020-Apr-0271
[SUCCESS] http://archive.ambermd.org/202004/0272.html
Saved 2020-Apr-0272
[SUCCESS] http://archive.ambermd.org/202004/0274.html
Saved 2020-Apr-0274
[SUCCESS] http://archive.ambermd.org/202004/0273.html
Saved 2020-Apr-0273
[SUCCESS] http://archive.ambermd.org/202004/0275.html
Saved 2020-Apr-0275
[SUCCESS] http://archive.ambermd.org/202004/0276.html
Saved 2020-Apr-0276
[SUCCESS] http://archive.ambermd.org/202004/0279.html
Saved 2020-Apr-0279
[SUCCESS] http://archive.ambermd.org/202004/0281.html
Saved 2020-Apr-0281
[SUCCESS] http://archive.ambermd.org/202004/0284.html
Saved 2020-Apr-0284
[SUCCESS] http://archive.ambermd.org/202004/0335.html
Saved 2020-Apr-0335
[SUCCESS] http://archive.ambermd.org/202004/0285.html
Saved 2020-Apr-0285
[SUCCESS] http://archive.ambermd.org/202004/0286.html
Saved 2020-Apr-0286
[SUCCESS] http://archive.ambermd.org/202004/0324.html
Saved 2020-Apr-0324
[SUCCESS] http://archive.ambermd.org/202004/0330.html
Saved 2020-Apr-0330
[SUCCESS] http://archive.ambermd.org/202004/0334.html
Saved 2020-Apr-0334
[SUCCESS] http://archive.ambermd.org/202004/0336.html
Saved 2020-Apr-0336
[SUCCESS] http://archive.ambermd.org/202004/0337.html
Saved 2020-Apr-0337
[SUCCESS] http://archive.ambermd.org/202004/0338.html
Saved 2020-Apr-0338
[SUCCESS] http://archive.ambermd.org/202004/0339.html
Saved 2020-Apr-0339
[SUCCESS] http://archive.ambermd.org/202004/0340.html
Saved 2020-Apr-0340
[SUCCESS] http://archive.ambermd.org/202004/0349.html
Saved 2020-Apr-0349
[SUCCESS] http://archive.ambermd.org/202004/0351.html
Saved 2020-Apr-0351
[SUCCESS] http://archive.ambermd.org/202004/0357.html
Saved 2020-Apr-0357
[SUCCESS] http://archive.ambermd.org/202004/0287.html
Saved 2020-Apr-0287
[SUCCESS] http://archive.ambermd.org/202004/0288.html
Saved 2020-Apr-0288
[SUCCESS] http://archive.ambermd.org/202004/0289.html
Saved 2020-Apr-0289
[SUCCESS] http://archive.ambermd.org/202004/0292.html
Saved 2020-Apr-0292
[SUCCESS] http://archive.ambermd.org/202004/0293.html
Saved 2020-Apr-0293
[SUCCESS] http://archive.ambermd.org/202004/0294.html
Saved 2020-Apr-0294
[SUCCESS] http://archive.ambermd.org/202004/0295.html
Saved 2020-Apr-0295
[SUCCESS] http://archive.ambermd.org/202004/0296.html
Saved 2020-Apr-0296
[SUCCESS] http://archive.ambermd.org/202004/0316.html
Saved 2020-Apr-0316
[SUCCESS] http://archive.ambermd.org/202004/0290.html
Saved 2020-Apr-0290
[SUCCESS] http://archive.ambermd.org/202004/0318.html
Saved 2020-Apr-0318
[SUCCESS] http://archive.ambermd.org/202004/0291.html
Saved 2020-Apr-0291
[SUCCESS] http://archive.ambermd.org/202004/0297.html
Saved 2020-Apr-0297
[SUCCESS] http://archive.ambermd.org/202004/0299.html
Saved 2020-Apr-0299
[SUCCESS] http://archive.ambermd.org/202004/0300.html
Saved 2020-Apr-0300
[SUCCESS] http://archive.ambermd.org/202004/0301.html
Saved 2020-Apr-0301
[SUCCESS] http://archive.ambermd.org/202004/0302.html
Saved 2020-Apr-0302
[SUCCESS] http://archive.ambermd.org/202004/0303.html
Saved 2020-Apr-0303
[SUCCESS] http://archive.ambermd.org/202004/0304.html
Saved 2020-Apr-0304
[SUCCESS] http://archive.ambermd.org/202004/0305.html
Saved 2020-Apr-0305
[SUCCESS] http://archive.ambermd.org/202004/0306.html
Saved 2020-Apr-0306
[SUCCESS] http://archive.ambermd.org/202004/0313.html
Saved 2020-Apr-0313
[SUCCESS] http://archive.ambermd.org/202004/0312.html
Saved 2020-Apr-0312
[SUCCESS] http://archive.ambermd.org/202004/0315.html
Saved 2020-Apr-0315
[SUCCESS] http://archive.ambermd.org/202004/0298.html
Saved 2020-Apr-0298
[SUCCESS] http://archive.ambermd.org/202004/0311.html
Saved 2020-Apr-0311
[SUCCESS] http://archive.ambermd.org/202004/0319.html
Saved 2020-Apr-0319
[SUCCESS] http://archive.ambermd.org/202004/0307.html
Saved 2020-Apr-0307
[SUCCESS] http://archive.ambermd.org/202004/0328.html
Saved 2020-Apr-0328
[SUCCESS] http://archive.ambermd.org/202004/0310.html
Saved 2020-Apr-0310
[SUCCESS] http://archive.ambermd.org/202004/0314.html
Saved 2020-Apr-0314
[SUCCESS] http://archive.ambermd.org/202004/0317.html
Saved 2020-Apr-0317
[SUCCESS] http://archive.ambermd.org/202004/0320.html
Saved 2020-Apr-0320
[SUCCESS] http://archive.ambermd.org/202004/0321.html
Saved 2020-Apr-0321
[SUCCESS] http://archive.ambermd.org/202004/0346.html
Saved 2020-Apr-0346
[SUCCESS] http://archive.ambermd.org/202004/0350.html
Saved 2020-Apr-0350
[SUCCESS] http://archive.ambermd.org/202004/0322.html
Saved 2020-Apr-0322
[SUCCESS] http://archive.ambermd.org/202004/0332.html
Saved 2020-Apr-0332
[SUCCESS] http://archive.ambermd.org/202004/0352.html
Saved 2020-Apr-0352
[SUCCESS] http://archive.ambermd.org/202004/0323.html
Saved 2020-Apr-0323
[SUCCESS] http://archive.ambermd.org/202004/0326.html
Saved 2020-Apr-0326
[SUCCESS] http://archive.ambermd.org/202004/0341.html
Saved 2020-Apr-0341
[SUCCESS] http://archive.ambermd.org/202004/0342.html
Saved 2020-Apr-0342
[SUCCESS] http://archive.ambermd.org/202004/0325.html
Saved 2020-Apr-0325
[SUCCESS] http://archive.ambermd.org/202004/0327.html
Saved 2020-Apr-0327
[SUCCESS] http://archive.ambermd.org/202004/0329.html
Saved 2020-Apr-0329
[SUCCESS] http://archive.ambermd.org/202004/0333.html
Saved 2020-Apr-0333
[SUCCESS] http://archive.ambermd.org/202004/0331.html
Saved 2020-Apr-0331
[SUCCESS] http://archive.ambermd.org/202004/0343.html
Saved 2020-Apr-0343
[SUCCESS] http://archive.ambermd.org/202004/0348.html
Saved 2020-Apr-0348
[SUCCESS] http://archive.ambermd.org/202004/0356.html
Saved 2020-Apr-0356
[SUCCESS] http://archive.ambermd.org/202004/0344.html
Saved 2020-Apr-0344
[SUCCESS] http://archive.ambermd.org/202004/0345.html
Saved 2020-Apr-0345
[SUCCESS] http://archive.ambermd.org/202004/0353.html
Saved 2020-Apr-0353
[SUCCESS] http://archive.ambermd.org/202004/0354.html
Saved 2020-Apr-0354
[SUCCESS] http://archive.ambermd.org/202004/0355.html
Saved 2020-Apr-0355
Processing 2020 May → http://archive.ambermd.org/202005/
[SUCCESS] http://archive.ambermd.org/202005/
[SUCCESS] http://archive.ambermd.org/202005/0000.html
Saved 2020-May-0000
[SUCCESS] http://archive.ambermd.org/202005/0004.html
Saved 2020-May-0004
[SUCCESS] http://archive.ambermd.org/202005/0005.html
Saved 2020-May-0005
[SUCCESS] http://archive.ambermd.org/202005/0007.html
Saved 2020-May-0007
[SUCCESS] http://archive.ambermd.org/202005/0008.html
Saved 2020-May-0008
[SUCCESS] http://archive.ambermd.org/202005/0010.html
Saved 2020-May-0010
[SUCCESS] http://archive.ambermd.org/202005/0001.html
Saved 2020-May-0001
[SUCCESS] http://archive.ambermd.org/202005/0006.html
Saved 2020-May-0006
[SUCCESS] http://archive.ambermd.org/202005/0002.html
Saved 2020-May-0002
[SUCCESS] http://archive.ambermd.org/202005/0009.html
Saved 2020-May-0009
[SUCCESS] http://archive.ambermd.org/202005/0003.html
Saved 2020-May-0003
[SUCCESS] http://archive.ambermd.org/202005/0012.html
Saved 2020-May-0012
[SUCCESS] http://archive.ambermd.org/202005/0017.html
Saved 2020-May-0017
[SUCCESS] http://archive.ambermd.org/202005/0011.html
Saved 2020-May-0011
[SUCCESS] http://archive.ambermd.org/202005/0013.html
Saved 2020-May-0013
[SUCCESS] http://archive.ambermd.org/202005/0016.html
Saved 2020-May-0016
[SUCCESS] http://archive.ambermd.org/202005/0024.html
Saved 2020-May-0024
[SUCCESS] http://archive.ambermd.org/202005/0014.html
Saved 2020-May-0014
[SUCCESS] http://archive.ambermd.org/202005/0015.html
Saved 2020-May-0015
[SUCCESS] http://archive.ambermd.org/202005/0023.html
Saved 2020-May-0023
[SUCCESS] http://archive.ambermd.org/202005/0025.html
Saved 2020-May-0025
[SUCCESS] http://archive.ambermd.org/202005/0026.html
Saved 2020-May-0026
[SUCCESS] http://archive.ambermd.org/202005/0027.html
Saved 2020-May-0027
[SUCCESS] http://archive.ambermd.org/202005/0031.html
Saved 2020-May-0031
[SUCCESS] http://archive.ambermd.org/202005/0018.html
Saved 2020-May-0018
[SUCCESS] http://archive.ambermd.org/202005/0019.html
Saved 2020-May-0019
[SUCCESS] http://archive.ambermd.org/202005/0020.html
Saved 2020-May-0020
[SUCCESS] http://archive.ambermd.org/202005/0021.html
Saved 2020-May-0021
[SUCCESS] http://archive.ambermd.org/202005/0022.html
Saved 2020-May-0022
[SUCCESS] http://archive.ambermd.org/202005/0034.html
Saved 2020-May-0034
[SUCCESS] http://archive.ambermd.org/202005/0035.html
Saved 2020-May-0035
[SUCCESS] http://archive.ambermd.org/202005/0028.html
Saved 2020-May-0028
[SUCCESS] http://archive.ambermd.org/202005/0029.html
Saved 2020-May-0029
[SUCCESS] http://archive.ambermd.org/202005/0030.html
Saved 2020-May-0030
[SUCCESS] http://archive.ambermd.org/202005/0033.html
Saved 2020-May-0033
[SUCCESS] http://archive.ambermd.org/202005/0038.html
Saved 2020-May-0038
[SUCCESS] http://archive.ambermd.org/202005/0032.html
Saved 2020-May-0032
[SUCCESS] http://archive.ambermd.org/202005/0036.html
Saved 2020-May-0036
[SUCCESS] http://archive.ambermd.org/202005/0039.html
Saved 2020-May-0039
[SUCCESS] http://archive.ambermd.org/202005/0037.html
Saved 2020-May-0037
[SUCCESS] http://archive.ambermd.org/202005/0052.html
Saved 2020-May-0052
[SUCCESS] http://archive.ambermd.org/202005/0062.html
Saved 2020-May-0062
[SUCCESS] http://archive.ambermd.org/202005/0077.html
Saved 2020-May-0077
[SUCCESS] http://archive.ambermd.org/202005/0081.html
Saved 2020-May-0081
[SUCCESS] http://archive.ambermd.org/202005/0096.html
Saved 2020-May-0096
[SUCCESS] http://archive.ambermd.org/202005/0097.html
Saved 2020-May-0097
[SUCCESS] http://archive.ambermd.org/202005/0040.html
Saved 2020-May-0040
[SUCCESS] http://archive.ambermd.org/202005/0041.html
Saved 2020-May-0041
[SUCCESS] http://archive.ambermd.org/202005/0136.html
Saved 2020-May-0136
[SUCCESS] http://archive.ambermd.org/202005/0042.html
Saved 2020-May-0042
[SUCCESS] http://archive.ambermd.org/202005/0043.html
Saved 2020-May-0043
[SUCCESS] http://archive.ambermd.org/202005/0044.html
Saved 2020-May-0044
[SUCCESS] http://archive.ambermd.org/202005/0045.html
Saved 2020-May-0045
[SUCCESS] http://archive.ambermd.org/202005/0046.html
Saved 2020-May-0046
[SUCCESS] http://archive.ambermd.org/202005/0047.html
Saved 2020-May-0047
[SUCCESS] http://archive.ambermd.org/202005/0048.html
Saved 2020-May-0048
[SUCCESS] http://archive.ambermd.org/202005/0051.html
Saved 2020-May-0051
[SUCCESS] http://archive.ambermd.org/202005/0058.html
Saved 2020-May-0058
[SUCCESS] http://archive.ambermd.org/202005/0059.html
Saved 2020-May-0059
[SUCCESS] http://archive.ambermd.org/202005/0061.html
Saved 2020-May-0061
[SUCCESS] http://archive.ambermd.org/202005/0064.html
Saved 2020-May-0064
[SUCCESS] http://archive.ambermd.org/202005/0072.html
Saved 2020-May-0072
[SUCCESS] http://archive.ambermd.org/202005/0080.html
Saved 2020-May-0080
[SUCCESS] http://archive.ambermd.org/202005/0049.html
Saved 2020-May-0049
[SUCCESS] http://archive.ambermd.org/202005/0053.html
Saved 2020-May-0053
[SUCCESS] http://archive.ambermd.org/202005/0054.html
Saved 2020-May-0054
[SUCCESS] http://archive.ambermd.org/202005/0055.html
Saved 2020-May-0055
[SUCCESS] http://archive.ambermd.org/202005/0056.html
Saved 2020-May-0056
[SUCCESS] http://archive.ambermd.org/202005/0057.html
Saved 2020-May-0057
[SUCCESS] http://archive.ambermd.org/202005/0050.html
Saved 2020-May-0050
[SUCCESS] http://archive.ambermd.org/202005/0060.html
Saved 2020-May-0060
[SUCCESS] http://archive.ambermd.org/202005/0063.html
Saved 2020-May-0063
[SUCCESS] http://archive.ambermd.org/202005/0065.html
Saved 2020-May-0065
[SUCCESS] http://archive.ambermd.org/202005/0070.html
Saved 2020-May-0070
[SUCCESS] http://archive.ambermd.org/202005/0066.html
Saved 2020-May-0066
[SUCCESS] http://archive.ambermd.org/202005/0073.html
Saved 2020-May-0073
[SUCCESS] http://archive.ambermd.org/202005/0082.html
Saved 2020-May-0082
[SUCCESS] http://archive.ambermd.org/202005/0088.html
Saved 2020-May-0088
[SUCCESS] http://archive.ambermd.org/202005/0094.html
Saved 2020-May-0094
[SUCCESS] http://archive.ambermd.org/202005/0067.html
Saved 2020-May-0067
[SUCCESS] http://archive.ambermd.org/202005/0068.html
Saved 2020-May-0068
[SUCCESS] http://archive.ambermd.org/202005/0071.html
Saved 2020-May-0071
[SUCCESS] http://archive.ambermd.org/202005/0074.html
Saved 2020-May-0074
[SUCCESS] http://archive.ambermd.org/202005/0076.html
Saved 2020-May-0076
[SUCCESS] http://archive.ambermd.org/202005/0078.html
Saved 2020-May-0078
[SUCCESS] http://archive.ambermd.org/202005/0069.html
Saved 2020-May-0069
[SUCCESS] http://archive.ambermd.org/202005/0086.html
Saved 2020-May-0086
[SUCCESS] http://archive.ambermd.org/202005/0149.html
Saved 2020-May-0149
[SUCCESS] http://archive.ambermd.org/202005/0075.html
Saved 2020-May-0075
[SUCCESS] http://archive.ambermd.org/202005/0245.html
Saved 2020-May-0245
[SUCCESS] http://archive.ambermd.org/202005/0247.html
Saved 2020-May-0247
[SUCCESS] http://archive.ambermd.org/202005/0079.html
Saved 2020-May-0079
[SUCCESS] http://archive.ambermd.org/202005/0083.html
Saved 2020-May-0083
[SUCCESS] http://archive.ambermd.org/202005/0085.html
Saved 2020-May-0085
[SUCCESS] http://archive.ambermd.org/202005/0114.html
Saved 2020-May-0114
[SUCCESS] http://archive.ambermd.org/202005/0115.html
Saved 2020-May-0115
[SUCCESS] http://archive.ambermd.org/202005/0116.html
Saved 2020-May-0116
[SUCCESS] http://archive.ambermd.org/202005/0117.html
Saved 2020-May-0117
[SUCCESS] http://archive.ambermd.org/202005/0118.html
Saved 2020-May-0118
[SUCCESS] http://archive.ambermd.org/202005/0119.html
Saved 2020-May-0119
[SUCCESS] http://archive.ambermd.org/202005/0089.html
Saved 2020-May-0089
[SUCCESS] http://archive.ambermd.org/202005/0090.html
Saved 2020-May-0090
[SUCCESS] http://archive.ambermd.org/202005/0084.html
Saved 2020-May-0084
[SUCCESS] http://archive.ambermd.org/202005/0087.html
Saved 2020-May-0087
[SUCCESS] http://archive.ambermd.org/202005/0091.html
Saved 2020-May-0091
[SUCCESS] http://archive.ambermd.org/202005/0092.html
Saved 2020-May-0092
[SUCCESS] http://archive.ambermd.org/202005/0093.html
Saved 2020-May-0093
[SUCCESS] http://archive.ambermd.org/202005/0128.html
Saved 2020-May-0128
[SUCCESS] http://archive.ambermd.org/202005/0095.html
Saved 2020-May-0095
[SUCCESS] http://archive.ambermd.org/202005/0098.html
Saved 2020-May-0098
[SUCCESS] http://archive.ambermd.org/202005/0099.html
Saved 2020-May-0099
[SUCCESS] http://archive.ambermd.org/202005/0127.html
Saved 2020-May-0127
[SUCCESS] http://archive.ambermd.org/202005/0142.html
Saved 2020-May-0142
[SUCCESS] http://archive.ambermd.org/202005/0147.html
Saved 2020-May-0147
[SUCCESS] http://archive.ambermd.org/202005/0148.html
Saved 2020-May-0148
[SUCCESS] http://archive.ambermd.org/202005/0162.html
Saved 2020-May-0162
[SUCCESS] http://archive.ambermd.org/202005/0165.html
Saved 2020-May-0165
[SUCCESS] http://archive.ambermd.org/202005/0100.html
Saved 2020-May-0100
[SUCCESS] http://archive.ambermd.org/202005/0102.html
Saved 2020-May-0102
[SUCCESS] http://archive.ambermd.org/202005/0105.html
Saved 2020-May-0105
[SUCCESS] http://archive.ambermd.org/202005/0101.html
Saved 2020-May-0101
[SUCCESS] http://archive.ambermd.org/202005/0233.html
Saved 2020-May-0233
[SUCCESS] http://archive.ambermd.org/202005/0243.html
Saved 2020-May-0243
[SUCCESS] http://archive.ambermd.org/202005/0249.html
Saved 2020-May-0249
[SUCCESS] http://archive.ambermd.org/202005/0251.html
Saved 2020-May-0251
[SUCCESS] http://archive.ambermd.org/202005/0253.html
Saved 2020-May-0253
[SUCCESS] http://archive.ambermd.org/202005/0284.html
Saved 2020-May-0284
[SUCCESS] http://archive.ambermd.org/202005/0285.html
Saved 2020-May-0285
[SUCCESS] http://archive.ambermd.org/202005/0286.html
Saved 2020-May-0286
[SUCCESS] http://archive.ambermd.org/202005/0103.html
Saved 2020-May-0103
[SUCCESS] http://archive.ambermd.org/202005/0106.html
Saved 2020-May-0106
[SUCCESS] http://archive.ambermd.org/202005/0110.html
Saved 2020-May-0110
[SUCCESS] http://archive.ambermd.org/202005/0134.html
Saved 2020-May-0134
[SUCCESS] http://archive.ambermd.org/202005/0104.html
Saved 2020-May-0104
[SUCCESS] http://archive.ambermd.org/202005/0107.html
Saved 2020-May-0107
[SUCCESS] http://archive.ambermd.org/202005/0108.html
Saved 2020-May-0108
[SUCCESS] http://archive.ambermd.org/202005/0109.html
Saved 2020-May-0109
[SUCCESS] http://archive.ambermd.org/202005/0111.html
Saved 2020-May-0111
[SUCCESS] http://archive.ambermd.org/202005/0112.html
Saved 2020-May-0112
[SUCCESS] http://archive.ambermd.org/202005/0113.html
Saved 2020-May-0113
[SUCCESS] http://archive.ambermd.org/202005/0120.html
Saved 2020-May-0120
[SUCCESS] http://archive.ambermd.org/202005/0122.html
Saved 2020-May-0122
[SUCCESS] http://archive.ambermd.org/202005/0123.html
Saved 2020-May-0123
[SUCCESS] http://archive.ambermd.org/202005/0125.html
Saved 2020-May-0125
[SUCCESS] http://archive.ambermd.org/202005/0121.html
Saved 2020-May-0121
[SUCCESS] http://archive.ambermd.org/202005/0126.html
Saved 2020-May-0126
[SUCCESS] http://archive.ambermd.org/202005/0124.html
Saved 2020-May-0124
[SUCCESS] http://archive.ambermd.org/202005/0129.html
Saved 2020-May-0129
[SUCCESS] http://archive.ambermd.org/202005/0130.html
Saved 2020-May-0130
[SUCCESS] http://archive.ambermd.org/202005/0131.html
Saved 2020-May-0131
[SUCCESS] http://archive.ambermd.org/202005/0132.html
Saved 2020-May-0132
[SUCCESS] http://archive.ambermd.org/202005/0133.html
Saved 2020-May-0133
[SUCCESS] http://archive.ambermd.org/202005/0135.html
Saved 2020-May-0135
[SUCCESS] http://archive.ambermd.org/202005/0137.html
Saved 2020-May-0137
[SUCCESS] http://archive.ambermd.org/202005/0139.html
Saved 2020-May-0139
[SUCCESS] http://archive.ambermd.org/202005/0143.html
Saved 2020-May-0143
[SUCCESS] http://archive.ambermd.org/202005/0140.html
Saved 2020-May-0140
[SUCCESS] http://archive.ambermd.org/202005/0138.html
Saved 2020-May-0138
[SUCCESS] http://archive.ambermd.org/202005/0141.html
Saved 2020-May-0141
[SUCCESS] http://archive.ambermd.org/202005/0144.html
Saved 2020-May-0144
[SUCCESS] http://archive.ambermd.org/202005/0146.html
Saved 2020-May-0146
[SUCCESS] http://archive.ambermd.org/202005/0153.html
Saved 2020-May-0153
[SUCCESS] http://archive.ambermd.org/202005/0156.html
Saved 2020-May-0156
[SUCCESS] http://archive.ambermd.org/202005/0145.html
Saved 2020-May-0145
[SUCCESS] http://archive.ambermd.org/202005/0150.html
Saved 2020-May-0150
[SUCCESS] http://archive.ambermd.org/202005/0151.html
Saved 2020-May-0151
[SUCCESS] http://archive.ambermd.org/202005/0161.html
Saved 2020-May-0161
[SUCCESS] http://archive.ambermd.org/202005/0152.html
Saved 2020-May-0152
[SUCCESS] http://archive.ambermd.org/202005/0155.html
Saved 2020-May-0155
[SUCCESS] http://archive.ambermd.org/202005/0163.html
Saved 2020-May-0163
[SUCCESS] http://archive.ambermd.org/202005/0181.html
Saved 2020-May-0181
[SUCCESS] http://archive.ambermd.org/202005/0187.html
Saved 2020-May-0187
[SUCCESS] http://archive.ambermd.org/202005/0154.html
Saved 2020-May-0154
[SUCCESS] http://archive.ambermd.org/202005/0157.html
Saved 2020-May-0157
[SUCCESS] http://archive.ambermd.org/202005/0158.html
Saved 2020-May-0158
[SUCCESS] http://archive.ambermd.org/202005/0159.html
Saved 2020-May-0159
[SUCCESS] http://archive.ambermd.org/202005/0160.html
Saved 2020-May-0160
[SUCCESS] http://archive.ambermd.org/202005/0164.html
Saved 2020-May-0164
[SUCCESS] http://archive.ambermd.org/202005/0167.html
Saved 2020-May-0167
[SUCCESS] http://archive.ambermd.org/202005/0171.html
Saved 2020-May-0171
[SUCCESS] http://archive.ambermd.org/202005/0166.html
Saved 2020-May-0166
[SUCCESS] http://archive.ambermd.org/202005/0168.html
Saved 2020-May-0168
[SUCCESS] http://archive.ambermd.org/202005/0175.html
Saved 2020-May-0175
[SUCCESS] http://archive.ambermd.org/202005/0169.html
Saved 2020-May-0169
[SUCCESS] http://archive.ambermd.org/202005/0170.html
Saved 2020-May-0170
[SUCCESS] http://archive.ambermd.org/202005/0172.html
Saved 2020-May-0172
[SUCCESS] http://archive.ambermd.org/202005/0173.html
Saved 2020-May-0173
[SUCCESS] http://archive.ambermd.org/202005/0174.html
Saved 2020-May-0174
[SUCCESS] http://archive.ambermd.org/202005/0178.html
Saved 2020-May-0178
[SUCCESS] http://archive.ambermd.org/202005/0182.html
Saved 2020-May-0182
[SUCCESS] http://archive.ambermd.org/202005/0230.html
Saved 2020-May-0230
[SUCCESS] http://archive.ambermd.org/202005/0176.html
Saved 2020-May-0176
[SUCCESS] http://archive.ambermd.org/202005/0177.html
Saved 2020-May-0177
[SUCCESS] http://archive.ambermd.org/202005/0179.html
Saved 2020-May-0179
[SUCCESS] http://archive.ambermd.org/202005/0180.html
Saved 2020-May-0180
[SUCCESS] http://archive.ambermd.org/202005/0183.html
Saved 2020-May-0183
[SUCCESS] http://archive.ambermd.org/202005/0185.html
Saved 2020-May-0185
[SUCCESS] http://archive.ambermd.org/202005/0195.html
Saved 2020-May-0195
[SUCCESS] http://archive.ambermd.org/202005/0184.html
Saved 2020-May-0184
[SUCCESS] http://archive.ambermd.org/202005/0244.html
Saved 2020-May-0244
[SUCCESS] http://archive.ambermd.org/202005/0186.html
Saved 2020-May-0186
[SUCCESS] http://archive.ambermd.org/202005/0190.html
Saved 2020-May-0190
[SUCCESS] http://archive.ambermd.org/202005/0231.html
Saved 2020-May-0231
[SUCCESS] http://archive.ambermd.org/202005/0188.html
Saved 2020-May-0188
[SUCCESS] http://archive.ambermd.org/202005/0193.html
Saved 2020-May-0193
[SUCCESS] http://archive.ambermd.org/202005/0209.html
Saved 2020-May-0209
[SUCCESS] http://archive.ambermd.org/202005/0189.html
Saved 2020-May-0189
[SUCCESS] http://archive.ambermd.org/202005/0194.html
Saved 2020-May-0194
[SUCCESS] http://archive.ambermd.org/202005/0191.html
Saved 2020-May-0191
[SUCCESS] http://archive.ambermd.org/202005/0192.html
Saved 2020-May-0192
[SUCCESS] http://archive.ambermd.org/202005/0196.html
Saved 2020-May-0196
[SUCCESS] http://archive.ambermd.org/202005/0201.html
Saved 2020-May-0201
[SUCCESS] http://archive.ambermd.org/202005/0206.html
Saved 2020-May-0206
[SUCCESS] http://archive.ambermd.org/202005/0212.html
Saved 2020-May-0212
[SUCCESS] http://archive.ambermd.org/202005/0215.html
Saved 2020-May-0215
[SUCCESS] http://archive.ambermd.org/202005/0217.html
Saved 2020-May-0217
[SUCCESS] http://archive.ambermd.org/202005/0218.html
Saved 2020-May-0218
[SUCCESS] http://archive.ambermd.org/202005/0224.html
Saved 2020-May-0224
[SUCCESS] http://archive.ambermd.org/202005/0225.html
Saved 2020-May-0225
[SUCCESS] http://archive.ambermd.org/202005/0228.html
Saved 2020-May-0228
[SUCCESS] http://archive.ambermd.org/202005/0237.html
Saved 2020-May-0237
[SUCCESS] http://archive.ambermd.org/202005/0238.html
Saved 2020-May-0238
[SUCCESS] http://archive.ambermd.org/202005/0242.html
Saved 2020-May-0242
[SUCCESS] http://archive.ambermd.org/202005/0197.html
Saved 2020-May-0197
[SUCCESS] http://archive.ambermd.org/202005/0202.html
Saved 2020-May-0202
[SUCCESS] http://archive.ambermd.org/202005/0203.html
Saved 2020-May-0203
[SUCCESS] http://archive.ambermd.org/202005/0204.html
Saved 2020-May-0204
[SUCCESS] http://archive.ambermd.org/202005/0207.html
Saved 2020-May-0207
[SUCCESS] http://archive.ambermd.org/202005/0337.html
Saved 2020-May-0337
[SUCCESS] http://archive.ambermd.org/202005/0339.html
Saved 2020-May-0339
[SUCCESS] http://archive.ambermd.org/202005/0198.html
Saved 2020-May-0198
[SUCCESS] http://archive.ambermd.org/202005/0199.html
Saved 2020-May-0199
[SUCCESS] http://archive.ambermd.org/202005/0200.html
Saved 2020-May-0200
[SUCCESS] http://archive.ambermd.org/202005/0213.html
Saved 2020-May-0213
[SUCCESS] http://archive.ambermd.org/202005/0205.html
Saved 2020-May-0205
[SUCCESS] http://archive.ambermd.org/202005/0208.html
Saved 2020-May-0208
[SUCCESS] http://archive.ambermd.org/202005/0214.html
Saved 2020-May-0214
[SUCCESS] http://archive.ambermd.org/202005/0219.html
Saved 2020-May-0219
[SUCCESS] http://archive.ambermd.org/202005/0220.html
Saved 2020-May-0220
[SUCCESS] http://archive.ambermd.org/202005/0223.html
Saved 2020-May-0223
[SUCCESS] http://archive.ambermd.org/202005/0227.html
Saved 2020-May-0227
[SUCCESS] http://archive.ambermd.org/202005/0210.html
Saved 2020-May-0210
[SUCCESS] http://archive.ambermd.org/202005/0211.html
Saved 2020-May-0211
[SUCCESS] http://archive.ambermd.org/202005/0216.html
Saved 2020-May-0216
[SUCCESS] http://archive.ambermd.org/202005/0221.html
Saved 2020-May-0221
[SUCCESS] http://archive.ambermd.org/202005/0222.html
Saved 2020-May-0222
[SUCCESS] http://archive.ambermd.org/202005/0239.html
Saved 2020-May-0239
[SUCCESS] http://archive.ambermd.org/202005/0305.html
Saved 2020-May-0305
[SUCCESS] http://archive.ambermd.org/202005/0306.html
Saved 2020-May-0306
[SUCCESS] http://archive.ambermd.org/202005/0308.html
Saved 2020-May-0308
[SUCCESS] http://archive.ambermd.org/202005/0229.html
Saved 2020-May-0229
[SUCCESS] http://archive.ambermd.org/202005/0294.html
Saved 2020-May-0294
[SUCCESS] http://archive.ambermd.org/202005/0296.html
Saved 2020-May-0296
[SUCCESS] http://archive.ambermd.org/202005/0297.html
Saved 2020-May-0297
[SUCCESS] http://archive.ambermd.org/202005/0323.html
Saved 2020-May-0323
[SUCCESS] http://archive.ambermd.org/202005/0327.html
Saved 2020-May-0327
[SUCCESS] http://archive.ambermd.org/202005/0226.html
Saved 2020-May-0226
[SUCCESS] http://archive.ambermd.org/202005/0241.html
Saved 2020-May-0241
[SUCCESS] http://archive.ambermd.org/202005/0232.html
Saved 2020-May-0232
[SUCCESS] http://archive.ambermd.org/202005/0236.html
Saved 2020-May-0236
[SUCCESS] http://archive.ambermd.org/202005/0240.html
Saved 2020-May-0240
[SUCCESS] http://archive.ambermd.org/202005/0234.html
Saved 2020-May-0234
[SUCCESS] http://archive.ambermd.org/202005/0235.html
Saved 2020-May-0235
[SUCCESS] http://archive.ambermd.org/202005/0246.html
Saved 2020-May-0246
[SUCCESS] http://archive.ambermd.org/202005/0250.html
Saved 2020-May-0250
[SUCCESS] http://archive.ambermd.org/202005/0252.html
Saved 2020-May-0252
[SUCCESS] http://archive.ambermd.org/202005/0255.html
Saved 2020-May-0255
[SUCCESS] http://archive.ambermd.org/202005/0271.html
Saved 2020-May-0271
[SUCCESS] http://archive.ambermd.org/202005/0248.html
Saved 2020-May-0248
[SUCCESS] http://archive.ambermd.org/202005/0254.html
Saved 2020-May-0254
[SUCCESS] http://archive.ambermd.org/202005/0256.html
Saved 2020-May-0256
[SUCCESS] http://archive.ambermd.org/202005/0274.html
Saved 2020-May-0274
[SUCCESS] http://archive.ambermd.org/202005/0257.html
Saved 2020-May-0257
[SUCCESS] http://archive.ambermd.org/202005/0266.html
Saved 2020-May-0266
[SUCCESS] http://archive.ambermd.org/202005/0279.html
Saved 2020-May-0279
[SUCCESS] http://archive.ambermd.org/202005/0258.html
Saved 2020-May-0258
[SUCCESS] http://archive.ambermd.org/202005/0260.html
Saved 2020-May-0260
[SUCCESS] http://archive.ambermd.org/202005/0262.html
Saved 2020-May-0262
[SUCCESS] http://archive.ambermd.org/202005/0264.html
Saved 2020-May-0264
[SUCCESS] http://archive.ambermd.org/202005/0259.html
Saved 2020-May-0259
[SUCCESS] http://archive.ambermd.org/202005/0261.html
Saved 2020-May-0261
[SUCCESS] http://archive.ambermd.org/202005/0263.html
Saved 2020-May-0263
[SUCCESS] http://archive.ambermd.org/202005/0267.html
Saved 2020-May-0267
[SUCCESS] http://archive.ambermd.org/202005/0268.html
Saved 2020-May-0268
[SUCCESS] http://archive.ambermd.org/202005/0269.html
Saved 2020-May-0269
[SUCCESS] http://archive.ambermd.org/202005/0270.html
Saved 2020-May-0270
[SUCCESS] http://archive.ambermd.org/202005/0272.html
Saved 2020-May-0272
[SUCCESS] http://archive.ambermd.org/202005/0273.html
Saved 2020-May-0273
[SUCCESS] http://archive.ambermd.org/202005/0289.html
Saved 2020-May-0289
[SUCCESS] http://archive.ambermd.org/202005/0291.html
Saved 2020-May-0291
[SUCCESS] http://archive.ambermd.org/202005/0295.html
Saved 2020-May-0295
[SUCCESS] http://archive.ambermd.org/202005/0265.html
Saved 2020-May-0265
[SUCCESS] http://archive.ambermd.org/202005/0282.html
Saved 2020-May-0282
[SUCCESS] http://archive.ambermd.org/202005/0275.html
Saved 2020-May-0275
[SUCCESS] http://archive.ambermd.org/202005/0301.html
Saved 2020-May-0301
[SUCCESS] http://archive.ambermd.org/202005/0304.html
Saved 2020-May-0304
[SUCCESS] http://archive.ambermd.org/202005/0311.html
Saved 2020-May-0311
[SUCCESS] http://archive.ambermd.org/202005/0276.html
Saved 2020-May-0276
[SUCCESS] http://archive.ambermd.org/202005/0278.html
Saved 2020-May-0278
[SUCCESS] http://archive.ambermd.org/202005/0287.html
Saved 2020-May-0287
[SUCCESS] http://archive.ambermd.org/202005/0288.html
Saved 2020-May-0288
[SUCCESS] http://archive.ambermd.org/202005/0290.html
Saved 2020-May-0290
[SUCCESS] http://archive.ambermd.org/202005/0277.html
Saved 2020-May-0277
[SUCCESS] http://archive.ambermd.org/202005/0280.html
Saved 2020-May-0280
[SUCCESS] http://archive.ambermd.org/202005/0281.html
Saved 2020-May-0281
[SUCCESS] http://archive.ambermd.org/202005/0283.html
Saved 2020-May-0283
[SUCCESS] http://archive.ambermd.org/202005/0292.html
Saved 2020-May-0292
[SUCCESS] http://archive.ambermd.org/202005/0293.html
Saved 2020-May-0293
[SUCCESS] http://archive.ambermd.org/202005/0298.html
Saved 2020-May-0298
[SUCCESS] http://archive.ambermd.org/202005/0299.html
Saved 2020-May-0299
[SUCCESS] http://archive.ambermd.org/202005/0300.html
Saved 2020-May-0300
[SUCCESS] http://archive.ambermd.org/202005/0302.html
Saved 2020-May-0302
[SUCCESS] http://archive.ambermd.org/202005/0303.html
Saved 2020-May-0303
[SUCCESS] http://archive.ambermd.org/202005/0309.html
Saved 2020-May-0309
[SUCCESS] http://archive.ambermd.org/202005/0310.html
Saved 2020-May-0310
[SUCCESS] http://archive.ambermd.org/202005/0307.html
Saved 2020-May-0307
[SUCCESS] http://archive.ambermd.org/202005/0312.html
Saved 2020-May-0312
[SUCCESS] http://archive.ambermd.org/202005/0314.html
Saved 2020-May-0314
[SUCCESS] http://archive.ambermd.org/202005/0329.html
Saved 2020-May-0329
[SUCCESS] http://archive.ambermd.org/202005/0313.html
Saved 2020-May-0313
[SUCCESS] http://archive.ambermd.org/202005/0317.html
Saved 2020-May-0317
[SUCCESS] http://archive.ambermd.org/202005/0318.html
Saved 2020-May-0318
[SUCCESS] http://archive.ambermd.org/202005/0322.html
Saved 2020-May-0322
[SUCCESS] http://archive.ambermd.org/202005/0315.html
Saved 2020-May-0315
[SUCCESS] http://archive.ambermd.org/202005/0330.html
Saved 2020-May-0330
[SUCCESS] http://archive.ambermd.org/202005/0338.html
Saved 2020-May-0338
[SUCCESS] http://archive.ambermd.org/202005/0316.html
Saved 2020-May-0316
[SUCCESS] http://archive.ambermd.org/202005/0319.html
Saved 2020-May-0319
[SUCCESS] http://archive.ambermd.org/202005/0326.html
Saved 2020-May-0326
[SUCCESS] http://archive.ambermd.org/202005/0320.html
Saved 2020-May-0320
[SUCCESS] http://archive.ambermd.org/202005/0321.html
Saved 2020-May-0321
[SUCCESS] http://archive.ambermd.org/202005/0324.html
Saved 2020-May-0324
[SUCCESS] http://archive.ambermd.org/202005/0325.html
Saved 2020-May-0325
[SUCCESS] http://archive.ambermd.org/202005/0328.html
Saved 2020-May-0328
[SUCCESS] http://archive.ambermd.org/202005/0331.html
Saved 2020-May-0331
[SUCCESS] http://archive.ambermd.org/202005/0332.html
Saved 2020-May-0332
[SUCCESS] http://archive.ambermd.org/202005/0333.html
Saved 2020-May-0333
[SUCCESS] http://archive.ambermd.org/202005/0334.html
Saved 2020-May-0334
[SUCCESS] http://archive.ambermd.org/202005/0335.html
Saved 2020-May-0335
[SUCCESS] http://archive.ambermd.org/202005/0336.html
Saved 2020-May-0336
[SUCCESS] http://archive.ambermd.org/202005/0340.html
Saved 2020-May-0340
[SUCCESS] http://archive.ambermd.org/202005/0341.html
Saved 2020-May-0341
[SUCCESS] http://archive.ambermd.org/202005/0342.html
Saved 2020-May-0342
[SUCCESS] http://archive.ambermd.org/202005/0343.html
Saved 2020-May-0343
[SUCCESS] http://archive.ambermd.org/202005/0346.html
Saved 2020-May-0346
[SUCCESS] http://archive.ambermd.org/202005/0344.html
Saved 2020-May-0344
[SUCCESS] http://archive.ambermd.org/202005/0345.html
Saved 2020-May-0345
[SUCCESS] http://archive.ambermd.org/202005/0347.html
Saved 2020-May-0347
[SUCCESS] http://archive.ambermd.org/202005/0348.html
Saved 2020-May-0348
Processing 2020 Jun → http://archive.ambermd.org/202006/
[SUCCESS] http://archive.ambermd.org/202006/
[SUCCESS] http://archive.ambermd.org/202006/0000.html
Saved 2020-Jun-0000
[SUCCESS] http://archive.ambermd.org/202006/0001.html
Saved 2020-Jun-0001
[SUCCESS] http://archive.ambermd.org/202006/0002.html
Saved 2020-Jun-0002
[SUCCESS] http://archive.ambermd.org/202006/0003.html
Saved 2020-Jun-0003
[SUCCESS] http://archive.ambermd.org/202006/0004.html
Saved 2020-Jun-0004
[SUCCESS] http://archive.ambermd.org/202006/0007.html
Saved 2020-Jun-0007
[SUCCESS] http://archive.ambermd.org/202006/0005.html
Saved 2020-Jun-0005
[SUCCESS] http://archive.ambermd.org/202006/0006.html
Saved 2020-Jun-0006
[SUCCESS] http://archive.ambermd.org/202006/0008.html
Saved 2020-Jun-0008
[SUCCESS] http://archive.ambermd.org/202006/0009.html
Saved 2020-Jun-0009
[SUCCESS] http://archive.ambermd.org/202006/0010.html
Saved 2020-Jun-0010
[SUCCESS] http://archive.ambermd.org/202006/0011.html
Saved 2020-Jun-0011
[SUCCESS] http://archive.ambermd.org/202006/0012.html
Saved 2020-Jun-0012
[SUCCESS] http://archive.ambermd.org/202006/0016.html
Saved 2020-Jun-0016
[SUCCESS] http://archive.ambermd.org/202006/0030.html
Saved 2020-Jun-0030
[SUCCESS] http://archive.ambermd.org/202006/0033.html
Saved 2020-Jun-0033
[SUCCESS] http://archive.ambermd.org/202006/0035.html
Saved 2020-Jun-0035
[SUCCESS] http://archive.ambermd.org/202006/0037.html
Saved 2020-Jun-0037
[SUCCESS] http://archive.ambermd.org/202006/0015.html
Saved 2020-Jun-0015
[SUCCESS] http://archive.ambermd.org/202006/0014.html
Saved 2020-Jun-0014
[SUCCESS] http://archive.ambermd.org/202006/0013.html
Saved 2020-Jun-0013
[SUCCESS] http://archive.ambermd.org/202006/0017.html
Saved 2020-Jun-0017
[SUCCESS] http://archive.ambermd.org/202006/0018.html
Saved 2020-Jun-0018
[SUCCESS] http://archive.ambermd.org/202006/0019.html
Saved 2020-Jun-0019
[SUCCESS] http://archive.ambermd.org/202006/0020.html
Saved 2020-Jun-0020
[SUCCESS] http://archive.ambermd.org/202006/0021.html
Saved 2020-Jun-0021
[SUCCESS] http://archive.ambermd.org/202006/0023.html
Saved 2020-Jun-0023
[SUCCESS] http://archive.ambermd.org/202006/0026.html
Saved 2020-Jun-0026
[SUCCESS] http://archive.ambermd.org/202006/0027.html
Saved 2020-Jun-0027
[SUCCESS] http://archive.ambermd.org/202006/0028.html
Saved 2020-Jun-0028
[SUCCESS] http://archive.ambermd.org/202006/0032.html
Saved 2020-Jun-0032
[SUCCESS] http://archive.ambermd.org/202006/0106.html
Saved 2020-Jun-0106
[SUCCESS] http://archive.ambermd.org/202006/0107.html
Saved 2020-Jun-0107
[SUCCESS] http://archive.ambermd.org/202006/0022.html
Saved 2020-Jun-0022
[SUCCESS] http://archive.ambermd.org/202006/0024.html
Saved 2020-Jun-0024
[SUCCESS] http://archive.ambermd.org/202006/0025.html
Saved 2020-Jun-0025
[SUCCESS] http://archive.ambermd.org/202006/0031.html
Saved 2020-Jun-0031
[SUCCESS] http://archive.ambermd.org/202006/0041.html
Saved 2020-Jun-0041
[SUCCESS] http://archive.ambermd.org/202006/0042.html
Saved 2020-Jun-0042
[SUCCESS] http://archive.ambermd.org/202006/0044.html
Saved 2020-Jun-0044
[SUCCESS] http://archive.ambermd.org/202006/0047.html
Saved 2020-Jun-0047
[SUCCESS] http://archive.ambermd.org/202006/0104.html
Saved 2020-Jun-0104
[SUCCESS] http://archive.ambermd.org/202006/0277.html
Saved 2020-Jun-0277
[SUCCESS] http://archive.ambermd.org/202006/0278.html
Saved 2020-Jun-0278
[SUCCESS] http://archive.ambermd.org/202006/0029.html
Saved 2020-Jun-0029
[SUCCESS] http://archive.ambermd.org/202006/0051.html
Saved 2020-Jun-0051
[SUCCESS] http://archive.ambermd.org/202006/0089.html
Saved 2020-Jun-0089
[SUCCESS] http://archive.ambermd.org/202006/0092.html
Saved 2020-Jun-0092
[SUCCESS] http://archive.ambermd.org/202006/0034.html
Saved 2020-Jun-0034
[SUCCESS] http://archive.ambermd.org/202006/0036.html
Saved 2020-Jun-0036
[SUCCESS] http://archive.ambermd.org/202006/0038.html
Saved 2020-Jun-0038
[SUCCESS] http://archive.ambermd.org/202006/0039.html
Saved 2020-Jun-0039
[SUCCESS] http://archive.ambermd.org/202006/0040.html
Saved 2020-Jun-0040
[SUCCESS] http://archive.ambermd.org/202006/0043.html
Saved 2020-Jun-0043
[SUCCESS] http://archive.ambermd.org/202006/0045.html
Saved 2020-Jun-0045
[SUCCESS] http://archive.ambermd.org/202006/0048.html
Saved 2020-Jun-0048
[SUCCESS] http://archive.ambermd.org/202006/0046.html
Saved 2020-Jun-0046
[SUCCESS] http://archive.ambermd.org/202006/0222.html
Saved 2020-Jun-0222
[SUCCESS] http://archive.ambermd.org/202006/0049.html
Saved 2020-Jun-0049
[SUCCESS] http://archive.ambermd.org/202006/0055.html
Saved 2020-Jun-0055
[SUCCESS] http://archive.ambermd.org/202006/0050.html
Saved 2020-Jun-0050
[SUCCESS] http://archive.ambermd.org/202006/0053.html
Saved 2020-Jun-0053
[SUCCESS] http://archive.ambermd.org/202006/0054.html
Saved 2020-Jun-0054
[SUCCESS] http://archive.ambermd.org/202006/0059.html
Saved 2020-Jun-0059
[SUCCESS] http://archive.ambermd.org/202006/0052.html
Saved 2020-Jun-0052
[SUCCESS] http://archive.ambermd.org/202006/0100.html
Saved 2020-Jun-0100
[SUCCESS] http://archive.ambermd.org/202006/0056.html
Saved 2020-Jun-0056
[SUCCESS] http://archive.ambermd.org/202006/0057.html
Saved 2020-Jun-0057
[SUCCESS] http://archive.ambermd.org/202006/0058.html
Saved 2020-Jun-0058
[SUCCESS] http://archive.ambermd.org/202006/0060.html
Saved 2020-Jun-0060
[SUCCESS] http://archive.ambermd.org/202006/0061.html
Saved 2020-Jun-0061
[SUCCESS] http://archive.ambermd.org/202006/0062.html
Saved 2020-Jun-0062
[SUCCESS] http://archive.ambermd.org/202006/0063.html
Saved 2020-Jun-0063
[SUCCESS] http://archive.ambermd.org/202006/0071.html
Saved 2020-Jun-0071
[SUCCESS] http://archive.ambermd.org/202006/0072.html
Saved 2020-Jun-0072
[SUCCESS] http://archive.ambermd.org/202006/0077.html
Saved 2020-Jun-0077
[SUCCESS] http://archive.ambermd.org/202006/0064.html
Saved 2020-Jun-0064
[SUCCESS] http://archive.ambermd.org/202006/0065.html
Saved 2020-Jun-0065
[SUCCESS] http://archive.ambermd.org/202006/0066.html
Saved 2020-Jun-0066
[SUCCESS] http://archive.ambermd.org/202006/0067.html
Saved 2020-Jun-0067
[SUCCESS] http://archive.ambermd.org/202006/0070.html
Saved 2020-Jun-0070
[SUCCESS] http://archive.ambermd.org/202006/0069.html
Saved 2020-Jun-0069
[SUCCESS] http://archive.ambermd.org/202006/0068.html
Saved 2020-Jun-0068
[SUCCESS] http://archive.ambermd.org/202006/0073.html
Saved 2020-Jun-0073
[SUCCESS] http://archive.ambermd.org/202006/0074.html
Saved 2020-Jun-0074
[SUCCESS] http://archive.ambermd.org/202006/0075.html
Saved 2020-Jun-0075
[SUCCESS] http://archive.ambermd.org/202006/0082.html
Saved 2020-Jun-0082
[SUCCESS] http://archive.ambermd.org/202006/0084.html
Saved 2020-Jun-0084
[SUCCESS] http://archive.ambermd.org/202006/0093.html
Saved 2020-Jun-0093
[SUCCESS] http://archive.ambermd.org/202006/0076.html
Saved 2020-Jun-0076
[SUCCESS] http://archive.ambermd.org/202006/0080.html
Saved 2020-Jun-0080
[SUCCESS] http://archive.ambermd.org/202006/0081.html
Saved 2020-Jun-0081
[SUCCESS] http://archive.ambermd.org/202006/0078.html
Saved 2020-Jun-0078
[SUCCESS] http://archive.ambermd.org/202006/0079.html
Saved 2020-Jun-0079
[SUCCESS] http://archive.ambermd.org/202006/0083.html
Saved 2020-Jun-0083
[SUCCESS] http://archive.ambermd.org/202006/0085.html
Saved 2020-Jun-0085
[SUCCESS] http://archive.ambermd.org/202006/0086.html
Saved 2020-Jun-0086
[SUCCESS] http://archive.ambermd.org/202006/0087.html
Saved 2020-Jun-0087
[SUCCESS] http://archive.ambermd.org/202006/0088.html
Saved 2020-Jun-0088
[SUCCESS] http://archive.ambermd.org/202006/0099.html
Saved 2020-Jun-0099
[SUCCESS] http://archive.ambermd.org/202006/0157.html
Saved 2020-Jun-0157
[SUCCESS] http://archive.ambermd.org/202006/0168.html
Saved 2020-Jun-0168
[SUCCESS] http://archive.ambermd.org/202006/0090.html
Saved 2020-Jun-0090
[SUCCESS] http://archive.ambermd.org/202006/0091.html
Saved 2020-Jun-0091
[SUCCESS] http://archive.ambermd.org/202006/0098.html
Saved 2020-Jun-0098
[SUCCESS] http://archive.ambermd.org/202006/0158.html
Saved 2020-Jun-0158
[SUCCESS] http://archive.ambermd.org/202006/0175.html
Saved 2020-Jun-0175
[SUCCESS] http://archive.ambermd.org/202006/0094.html
Saved 2020-Jun-0094
[SUCCESS] http://archive.ambermd.org/202006/0095.html
Saved 2020-Jun-0095
[SUCCESS] http://archive.ambermd.org/202006/0096.html
Saved 2020-Jun-0096
[SUCCESS] http://archive.ambermd.org/202006/0103.html
Saved 2020-Jun-0103
[SUCCESS] http://archive.ambermd.org/202006/0097.html
Saved 2020-Jun-0097
[SUCCESS] http://archive.ambermd.org/202006/0101.html
Saved 2020-Jun-0101
[SUCCESS] http://archive.ambermd.org/202006/0102.html
Saved 2020-Jun-0102
[SUCCESS] http://archive.ambermd.org/202006/0105.html
Saved 2020-Jun-0105
[SUCCESS] http://archive.ambermd.org/202006/0108.html
Saved 2020-Jun-0108
[SUCCESS] http://archive.ambermd.org/202006/0167.html
Saved 2020-Jun-0167
[SUCCESS] http://archive.ambermd.org/202006/0170.html
Saved 2020-Jun-0170
[SUCCESS] http://archive.ambermd.org/202006/0109.html
Saved 2020-Jun-0109
[SUCCESS] http://archive.ambermd.org/202006/0110.html
Saved 2020-Jun-0110
[SUCCESS] http://archive.ambermd.org/202006/0111.html
Saved 2020-Jun-0111
[SUCCESS] http://archive.ambermd.org/202006/0112.html
Saved 2020-Jun-0112
[SUCCESS] http://archive.ambermd.org/202006/0113.html
Saved 2020-Jun-0113
[SUCCESS] http://archive.ambermd.org/202006/0115.html
Saved 2020-Jun-0115
[SUCCESS] http://archive.ambermd.org/202006/0117.html
Saved 2020-Jun-0117
[SUCCESS] http://archive.ambermd.org/202006/0119.html
Saved 2020-Jun-0119
[SUCCESS] http://archive.ambermd.org/202006/0114.html
Saved 2020-Jun-0114
[SUCCESS] http://archive.ambermd.org/202006/0116.html
Saved 2020-Jun-0116
[SUCCESS] http://archive.ambermd.org/202006/0118.html
Saved 2020-Jun-0118
[SUCCESS] http://archive.ambermd.org/202006/0120.html
Saved 2020-Jun-0120
[SUCCESS] http://archive.ambermd.org/202006/0161.html
Saved 2020-Jun-0161
[SUCCESS] http://archive.ambermd.org/202006/0165.html
Saved 2020-Jun-0165
[SUCCESS] http://archive.ambermd.org/202006/0121.html
Saved 2020-Jun-0121
[SUCCESS] http://archive.ambermd.org/202006/0126.html
Saved 2020-Jun-0126
[SUCCESS] http://archive.ambermd.org/202006/0127.html
Saved 2020-Jun-0127
[SUCCESS] http://archive.ambermd.org/202006/0128.html
Saved 2020-Jun-0128
[SUCCESS] http://archive.ambermd.org/202006/0129.html
Saved 2020-Jun-0129
[SUCCESS] http://archive.ambermd.org/202006/0130.html
Saved 2020-Jun-0130
[SUCCESS] http://archive.ambermd.org/202006/0156.html
Saved 2020-Jun-0156
[SUCCESS] http://archive.ambermd.org/202006/0122.html
Saved 2020-Jun-0122
[SUCCESS] http://archive.ambermd.org/202006/0131.html
Saved 2020-Jun-0131
[SUCCESS] http://archive.ambermd.org/202006/0123.html
Saved 2020-Jun-0123
[SUCCESS] http://archive.ambermd.org/202006/0124.html
Saved 2020-Jun-0124
[SUCCESS] http://archive.ambermd.org/202006/0176.html
Saved 2020-Jun-0176
[SUCCESS] http://archive.ambermd.org/202006/0179.html
Saved 2020-Jun-0179
[SUCCESS] http://archive.ambermd.org/202006/0203.html
Saved 2020-Jun-0203
[SUCCESS] http://archive.ambermd.org/202006/0125.html
Saved 2020-Jun-0125
[SUCCESS] http://archive.ambermd.org/202006/0132.html
Saved 2020-Jun-0132
[SUCCESS] http://archive.ambermd.org/202006/0151.html
Saved 2020-Jun-0151
[SUCCESS] http://archive.ambermd.org/202006/0133.html
Saved 2020-Jun-0133
[SUCCESS] http://archive.ambermd.org/202006/0134.html
Saved 2020-Jun-0134
[SUCCESS] http://archive.ambermd.org/202006/0135.html
Saved 2020-Jun-0135
[SUCCESS] http://archive.ambermd.org/202006/0137.html
Saved 2020-Jun-0137
[SUCCESS] http://archive.ambermd.org/202006/0138.html
Saved 2020-Jun-0138
[SUCCESS] http://archive.ambermd.org/202006/0140.html
Saved 2020-Jun-0140
[SUCCESS] http://archive.ambermd.org/202006/0142.html
Saved 2020-Jun-0142
[SUCCESS] http://archive.ambermd.org/202006/0145.html
Saved 2020-Jun-0145
[SUCCESS] http://archive.ambermd.org/202006/0136.html
Saved 2020-Jun-0136
[SUCCESS] http://archive.ambermd.org/202006/0139.html
Saved 2020-Jun-0139
[SUCCESS] http://archive.ambermd.org/202006/0141.html
Saved 2020-Jun-0141
[SUCCESS] http://archive.ambermd.org/202006/0143.html
Saved 2020-Jun-0143
[SUCCESS] http://archive.ambermd.org/202006/0144.html
Saved 2020-Jun-0144
[SUCCESS] http://archive.ambermd.org/202006/0146.html
Saved 2020-Jun-0146
[SUCCESS] http://archive.ambermd.org/202006/0148.html
Saved 2020-Jun-0148
[SUCCESS] http://archive.ambermd.org/202006/0147.html
Saved 2020-Jun-0147
[SUCCESS] http://archive.ambermd.org/202006/0149.html
Saved 2020-Jun-0149
[SUCCESS] http://archive.ambermd.org/202006/0150.html
Saved 2020-Jun-0150
[SUCCESS] http://archive.ambermd.org/202006/0152.html
Saved 2020-Jun-0152
[SUCCESS] http://archive.ambermd.org/202006/0153.html
Saved 2020-Jun-0153
[SUCCESS] http://archive.ambermd.org/202006/0155.html
Saved 2020-Jun-0155
[SUCCESS] http://archive.ambermd.org/202006/0169.html
Saved 2020-Jun-0169
[SUCCESS] http://archive.ambermd.org/202006/0171.html
Saved 2020-Jun-0171
[SUCCESS] http://archive.ambermd.org/202006/0172.html
Saved 2020-Jun-0172
[SUCCESS] http://archive.ambermd.org/202006/0173.html
Saved 2020-Jun-0173
[SUCCESS] http://archive.ambermd.org/202006/0174.html
Saved 2020-Jun-0174
[SUCCESS] http://archive.ambermd.org/202006/0206.html
Saved 2020-Jun-0206
[SUCCESS] http://archive.ambermd.org/202006/0208.html
Saved 2020-Jun-0208
[SUCCESS] http://archive.ambermd.org/202006/0221.html
Saved 2020-Jun-0221
[SUCCESS] http://archive.ambermd.org/202006/0154.html
Saved 2020-Jun-0154
[SUCCESS] http://archive.ambermd.org/202006/0159.html
Saved 2020-Jun-0159
[SUCCESS] http://archive.ambermd.org/202006/0160.html
Saved 2020-Jun-0160
[SUCCESS] http://archive.ambermd.org/202006/0162.html
Saved 2020-Jun-0162
[SUCCESS] http://archive.ambermd.org/202006/0163.html
Saved 2020-Jun-0163
[SUCCESS] http://archive.ambermd.org/202006/0164.html
Saved 2020-Jun-0164
[SUCCESS] http://archive.ambermd.org/202006/0166.html
Saved 2020-Jun-0166
[SUCCESS] http://archive.ambermd.org/202006/0184.html
Saved 2020-Jun-0184
[SUCCESS] http://archive.ambermd.org/202006/0177.html
Saved 2020-Jun-0177
[SUCCESS] http://archive.ambermd.org/202006/0218.html
Saved 2020-Jun-0218
[SUCCESS] http://archive.ambermd.org/202006/0178.html
Saved 2020-Jun-0178
[SUCCESS] http://archive.ambermd.org/202006/0217.html
Saved 2020-Jun-0217
[SUCCESS] http://archive.ambermd.org/202006/0246.html
Saved 2020-Jun-0246
[SUCCESS] http://archive.ambermd.org/202006/0251.html
Saved 2020-Jun-0251
[SUCCESS] http://archive.ambermd.org/202006/0258.html
Saved 2020-Jun-0258
[SUCCESS] http://archive.ambermd.org/202006/0180.html
Saved 2020-Jun-0180
[SUCCESS] http://archive.ambermd.org/202006/0186.html
Saved 2020-Jun-0186
[SUCCESS] http://archive.ambermd.org/202006/0190.html
Saved 2020-Jun-0190
[SUCCESS] http://archive.ambermd.org/202006/0220.html
Saved 2020-Jun-0220
[SUCCESS] http://archive.ambermd.org/202006/0181.html
Saved 2020-Jun-0181
[SUCCESS] http://archive.ambermd.org/202006/0182.html
Saved 2020-Jun-0182
[SUCCESS] http://archive.ambermd.org/202006/0183.html
Saved 2020-Jun-0183
[SUCCESS] http://archive.ambermd.org/202006/0187.html
Saved 2020-Jun-0187
[SUCCESS] http://archive.ambermd.org/202006/0188.html
Saved 2020-Jun-0188
[SUCCESS] http://archive.ambermd.org/202006/0192.html
Saved 2020-Jun-0192
[SUCCESS] http://archive.ambermd.org/202006/0185.html
Saved 2020-Jun-0185
[SUCCESS] http://archive.ambermd.org/202006/0219.html
Saved 2020-Jun-0219
[SUCCESS] http://archive.ambermd.org/202006/0189.html
Saved 2020-Jun-0189
[SUCCESS] http://archive.ambermd.org/202006/0191.html
Saved 2020-Jun-0191
[SUCCESS] http://archive.ambermd.org/202006/0193.html
Saved 2020-Jun-0193
[SUCCESS] http://archive.ambermd.org/202006/0194.html
Saved 2020-Jun-0194
[SUCCESS] http://archive.ambermd.org/202006/0195.html
Saved 2020-Jun-0195
[SUCCESS] http://archive.ambermd.org/202006/0196.html
Saved 2020-Jun-0196
[SUCCESS] http://archive.ambermd.org/202006/0201.html
Saved 2020-Jun-0201
[SUCCESS] http://archive.ambermd.org/202006/0197.html
Saved 2020-Jun-0197
[SUCCESS] http://archive.ambermd.org/202006/0198.html
Saved 2020-Jun-0198
[SUCCESS] http://archive.ambermd.org/202006/0199.html
Saved 2020-Jun-0199
[SUCCESS] http://archive.ambermd.org/202006/0200.html
Saved 2020-Jun-0200
[SUCCESS] http://archive.ambermd.org/202006/0202.html
Saved 2020-Jun-0202
[SUCCESS] http://archive.ambermd.org/202006/0204.html
Saved 2020-Jun-0204
[SUCCESS] http://archive.ambermd.org/202006/0205.html
Saved 2020-Jun-0205
[SUCCESS] http://archive.ambermd.org/202006/0207.html
Saved 2020-Jun-0207
[SUCCESS] http://archive.ambermd.org/202006/0212.html
Saved 2020-Jun-0212
[SUCCESS] http://archive.ambermd.org/202006/0239.html
Saved 2020-Jun-0239
[SUCCESS] http://archive.ambermd.org/202006/0209.html
Saved 2020-Jun-0209
[SUCCESS] http://archive.ambermd.org/202006/0210.html
Saved 2020-Jun-0210
[SUCCESS] http://archive.ambermd.org/202006/0211.html
Saved 2020-Jun-0211
[SUCCESS] http://archive.ambermd.org/202006/0213.html
Saved 2020-Jun-0213
[SUCCESS] http://archive.ambermd.org/202006/0214.html
Saved 2020-Jun-0214
[SUCCESS] http://archive.ambermd.org/202006/0215.html
Saved 2020-Jun-0215
[SUCCESS] http://archive.ambermd.org/202006/0223.html
Saved 2020-Jun-0223
[SUCCESS] http://archive.ambermd.org/202006/0224.html
Saved 2020-Jun-0224
[SUCCESS] http://archive.ambermd.org/202006/0216.html
Saved 2020-Jun-0216
[SUCCESS] http://archive.ambermd.org/202006/0225.html
Saved 2020-Jun-0225
[SUCCESS] http://archive.ambermd.org/202006/0234.html
Saved 2020-Jun-0234
[SUCCESS] http://archive.ambermd.org/202006/0226.html
Saved 2020-Jun-0226
[SUCCESS] http://archive.ambermd.org/202006/0227.html
Saved 2020-Jun-0227
[SUCCESS] http://archive.ambermd.org/202006/0228.html
Saved 2020-Jun-0228
[SUCCESS] http://archive.ambermd.org/202006/0229.html
Saved 2020-Jun-0229
[SUCCESS] http://archive.ambermd.org/202006/0230.html
Saved 2020-Jun-0230
[SUCCESS] http://archive.ambermd.org/202006/0231.html
Saved 2020-Jun-0231
[SUCCESS] http://archive.ambermd.org/202006/0232.html
Saved 2020-Jun-0232
[SUCCESS] http://archive.ambermd.org/202006/0235.html
Saved 2020-Jun-0235
[SUCCESS] http://archive.ambermd.org/202006/0236.html
Saved 2020-Jun-0236
[SUCCESS] http://archive.ambermd.org/202006/0233.html
Saved 2020-Jun-0233
[SUCCESS] http://archive.ambermd.org/202006/0237.html
Saved 2020-Jun-0237
[SUCCESS] http://archive.ambermd.org/202006/0238.html
Saved 2020-Jun-0238
[SUCCESS] http://archive.ambermd.org/202006/0274.html
Saved 2020-Jun-0274
[SUCCESS] http://archive.ambermd.org/202006/0241.html
Saved 2020-Jun-0241
[SUCCESS] http://archive.ambermd.org/202006/0250.html
Saved 2020-Jun-0250
[SUCCESS] http://archive.ambermd.org/202006/0240.html
Saved 2020-Jun-0240
[SUCCESS] http://archive.ambermd.org/202006/0243.html
Saved 2020-Jun-0243
[SUCCESS] http://archive.ambermd.org/202006/0245.html
Saved 2020-Jun-0245
[SUCCESS] http://archive.ambermd.org/202006/0242.html
Saved 2020-Jun-0242
[SUCCESS] http://archive.ambermd.org/202006/0244.html
Saved 2020-Jun-0244
[SUCCESS] http://archive.ambermd.org/202006/0253.html
Saved 2020-Jun-0253
[SUCCESS] http://archive.ambermd.org/202006/0254.html
Saved 2020-Jun-0254
[SUCCESS] http://archive.ambermd.org/202006/0260.html
Saved 2020-Jun-0260
[SUCCESS] http://archive.ambermd.org/202006/0263.html
Saved 2020-Jun-0263
[SUCCESS] http://archive.ambermd.org/202006/0264.html
Saved 2020-Jun-0264
[SUCCESS] http://archive.ambermd.org/202006/0265.html
Saved 2020-Jun-0265
[SUCCESS] http://archive.ambermd.org/202006/0267.html
Saved 2020-Jun-0267
[SUCCESS] http://archive.ambermd.org/202006/0268.html
Saved 2020-Jun-0268
[SUCCESS] http://archive.ambermd.org/202006/0269.html
Saved 2020-Jun-0269
[SUCCESS] http://archive.ambermd.org/202006/0270.html
Saved 2020-Jun-0270
[SUCCESS] http://archive.ambermd.org/202006/0271.html
Saved 2020-Jun-0271
[SUCCESS] http://archive.ambermd.org/202006/0273.html
Saved 2020-Jun-0273
[SUCCESS] http://archive.ambermd.org/202006/0247.html
Saved 2020-Jun-0247
[SUCCESS] http://archive.ambermd.org/202006/0248.html
Saved 2020-Jun-0248
[SUCCESS] http://archive.ambermd.org/202006/0249.html
Saved 2020-Jun-0249
[SUCCESS] http://archive.ambermd.org/202006/0252.html
Saved 2020-Jun-0252
[SUCCESS] http://archive.ambermd.org/202006/0255.html
Saved 2020-Jun-0255
[SUCCESS] http://archive.ambermd.org/202006/0256.html
Saved 2020-Jun-0256
[SUCCESS] http://archive.ambermd.org/202006/0257.html
Saved 2020-Jun-0257
[SUCCESS] http://archive.ambermd.org/202006/0259.html
Saved 2020-Jun-0259
[SUCCESS] http://archive.ambermd.org/202006/0261.html
Saved 2020-Jun-0261
[SUCCESS] http://archive.ambermd.org/202006/0262.html
Saved 2020-Jun-0262
[SUCCESS] http://archive.ambermd.org/202006/0276.html
Saved 2020-Jun-0276
[SUCCESS] http://archive.ambermd.org/202006/0283.html
Saved 2020-Jun-0283
[SUCCESS] http://archive.ambermd.org/202006/0288.html
Saved 2020-Jun-0288
[SUCCESS] http://archive.ambermd.org/202006/0294.html
Saved 2020-Jun-0294
[SUCCESS] http://archive.ambermd.org/202006/0295.html
Saved 2020-Jun-0295
[SUCCESS] http://archive.ambermd.org/202006/0296.html
Saved 2020-Jun-0296
[SUCCESS] http://archive.ambermd.org/202006/0300.html
Saved 2020-Jun-0300
[SUCCESS] http://archive.ambermd.org/202006/0266.html
Saved 2020-Jun-0266
[SUCCESS] http://archive.ambermd.org/202006/0272.html
Saved 2020-Jun-0272
[SUCCESS] http://archive.ambermd.org/202006/0275.html
Saved 2020-Jun-0275
[SUCCESS] http://archive.ambermd.org/202006/0281.html
Saved 2020-Jun-0281
[SUCCESS] http://archive.ambermd.org/202006/0286.html
Saved 2020-Jun-0286
[SUCCESS] http://archive.ambermd.org/202006/0291.html
Saved 2020-Jun-0291
[SUCCESS] http://archive.ambermd.org/202006/0279.html
Saved 2020-Jun-0279
[SUCCESS] http://archive.ambermd.org/202006/0282.html
Saved 2020-Jun-0282
[SUCCESS] http://archive.ambermd.org/202006/0289.html
Saved 2020-Jun-0289
[SUCCESS] http://archive.ambermd.org/202006/0290.html
Saved 2020-Jun-0290
[SUCCESS] http://archive.ambermd.org/202006/0314.html
Saved 2020-Jun-0314
[SUCCESS] http://archive.ambermd.org/202006/0332.html
Saved 2020-Jun-0332
[SUCCESS] http://archive.ambermd.org/202006/0336.html
Saved 2020-Jun-0336
[SUCCESS] http://archive.ambermd.org/202006/0337.html
Saved 2020-Jun-0337
[SUCCESS] http://archive.ambermd.org/202006/0280.html
Saved 2020-Jun-0280
[SUCCESS] http://archive.ambermd.org/202006/0285.html
Saved 2020-Jun-0285
[SUCCESS] http://archive.ambermd.org/202006/0287.html
Saved 2020-Jun-0287
[SUCCESS] http://archive.ambermd.org/202006/0284.html
Saved 2020-Jun-0284
[SUCCESS] http://archive.ambermd.org/202006/0315.html
Saved 2020-Jun-0315
[SUCCESS] http://archive.ambermd.org/202006/0317.html
Saved 2020-Jun-0317
[SUCCESS] http://archive.ambermd.org/202006/0321.html
Saved 2020-Jun-0321
[SUCCESS] http://archive.ambermd.org/202006/0335.html
Saved 2020-Jun-0335
[SUCCESS] http://archive.ambermd.org/202006/0348.html
Saved 2020-Jun-0348
[SUCCESS] http://archive.ambermd.org/202006/0292.html
Saved 2020-Jun-0292
[SUCCESS] http://archive.ambermd.org/202006/0298.html
Saved 2020-Jun-0298
[SUCCESS] http://archive.ambermd.org/202006/0293.html
Saved 2020-Jun-0293
[SUCCESS] http://archive.ambermd.org/202006/0299.html
Saved 2020-Jun-0299
[SUCCESS] http://archive.ambermd.org/202006/0312.html
Saved 2020-Jun-0312
[SUCCESS] http://archive.ambermd.org/202006/0331.html
Saved 2020-Jun-0331
[SUCCESS] http://archive.ambermd.org/202006/0297.html
Saved 2020-Jun-0297
[SUCCESS] http://archive.ambermd.org/202006/0301.html
Saved 2020-Jun-0301
[SUCCESS] http://archive.ambermd.org/202006/0311.html
Saved 2020-Jun-0311
[SUCCESS] http://archive.ambermd.org/202006/0319.html
Saved 2020-Jun-0319
[SUCCESS] http://archive.ambermd.org/202006/0320.html
Saved 2020-Jun-0320
[SUCCESS] http://archive.ambermd.org/202006/0323.html
Saved 2020-Jun-0323
[SUCCESS] http://archive.ambermd.org/202006/0329.html
Saved 2020-Jun-0329
[SUCCESS] http://archive.ambermd.org/202006/0334.html
Saved 2020-Jun-0334
[SUCCESS] http://archive.ambermd.org/202006/0313.html
Saved 2020-Jun-0313
[SUCCESS] http://archive.ambermd.org/202006/0322.html
Saved 2020-Jun-0322
[SUCCESS] http://archive.ambermd.org/202006/0327.html
Saved 2020-Jun-0327
[SUCCESS] http://archive.ambermd.org/202006/0338.html
Saved 2020-Jun-0338
[SUCCESS] http://archive.ambermd.org/202006/0344.html
Saved 2020-Jun-0344
[SUCCESS] http://archive.ambermd.org/202006/0302.html
Saved 2020-Jun-0302
[SUCCESS] http://archive.ambermd.org/202006/0304.html
Saved 2020-Jun-0304
[SUCCESS] http://archive.ambermd.org/202006/0305.html
Saved 2020-Jun-0305
[SUCCESS] http://archive.ambermd.org/202006/0328.html
Saved 2020-Jun-0328
[SUCCESS] http://archive.ambermd.org/202006/0303.html
Saved 2020-Jun-0303
[SUCCESS] http://archive.ambermd.org/202006/0324.html
Saved 2020-Jun-0324
[SUCCESS] http://archive.ambermd.org/202006/0339.html
Saved 2020-Jun-0339
[SUCCESS] http://archive.ambermd.org/202006/0346.html
Saved 2020-Jun-0346
[SUCCESS] http://archive.ambermd.org/202006/0306.html
Saved 2020-Jun-0306
[SUCCESS] http://archive.ambermd.org/202006/0310.html
Saved 2020-Jun-0310
[SUCCESS] http://archive.ambermd.org/202006/0307.html
Saved 2020-Jun-0307
[SUCCESS] http://archive.ambermd.org/202006/0325.html
Saved 2020-Jun-0325
[SUCCESS] http://archive.ambermd.org/202006/0340.html
Saved 2020-Jun-0340
[SUCCESS] http://archive.ambermd.org/202006/0347.html
Saved 2020-Jun-0347
[SUCCESS] http://archive.ambermd.org/202006/0308.html
Saved 2020-Jun-0308
[SUCCESS] http://archive.ambermd.org/202006/0309.html
Saved 2020-Jun-0309
[SUCCESS] http://archive.ambermd.org/202006/0316.html
Saved 2020-Jun-0316
[SUCCESS] http://archive.ambermd.org/202006/0318.html
Saved 2020-Jun-0318
[SUCCESS] http://archive.ambermd.org/202006/0326.html
Saved 2020-Jun-0326
[SUCCESS] http://archive.ambermd.org/202006/0330.html
Saved 2020-Jun-0330
[SUCCESS] http://archive.ambermd.org/202006/0333.html
Saved 2020-Jun-0333
[SUCCESS] http://archive.ambermd.org/202006/0341.html
Saved 2020-Jun-0341
[SUCCESS] http://archive.ambermd.org/202006/0342.html
Saved 2020-Jun-0342
[SUCCESS] http://archive.ambermd.org/202006/0343.html
Saved 2020-Jun-0343
[SUCCESS] http://archive.ambermd.org/202006/0351.html
Saved 2020-Jun-0351
[SUCCESS] http://archive.ambermd.org/202006/0345.html
Saved 2020-Jun-0345
[SUCCESS] http://archive.ambermd.org/202006/0349.html
Saved 2020-Jun-0349
[SUCCESS] http://archive.ambermd.org/202006/0350.html
Saved 2020-Jun-0350
Processing 2020 Jul → http://archive.ambermd.org/202007/
[SUCCESS] http://archive.ambermd.org/202007/
[SUCCESS] http://archive.ambermd.org/202007/0000.html
Saved 2020-Jul-0000
[SUCCESS] http://archive.ambermd.org/202007/0001.html
Saved 2020-Jul-0001
[SUCCESS] http://archive.ambermd.org/202007/0002.html
Saved 2020-Jul-0002
[SUCCESS] http://archive.ambermd.org/202007/0014.html
Saved 2020-Jul-0014
[SUCCESS] http://archive.ambermd.org/202007/0016.html
Saved 2020-Jul-0016
[SUCCESS] http://archive.ambermd.org/202007/0018.html
Saved 2020-Jul-0018
[SUCCESS] http://archive.ambermd.org/202007/0026.html
Saved 2020-Jul-0026
[SUCCESS] http://archive.ambermd.org/202007/0027.html
Saved 2020-Jul-0027
[SUCCESS] http://archive.ambermd.org/202007/0029.html
Saved 2020-Jul-0029
[SUCCESS] http://archive.ambermd.org/202007/0035.html
Saved 2020-Jul-0035
[SUCCESS] http://archive.ambermd.org/202007/0037.html
Saved 2020-Jul-0037
[SUCCESS] http://archive.ambermd.org/202007/0040.html
Saved 2020-Jul-0040
[SUCCESS] http://archive.ambermd.org/202007/0041.html
Saved 2020-Jul-0041
[SUCCESS] http://archive.ambermd.org/202007/0050.html
Saved 2020-Jul-0050
[SUCCESS] http://archive.ambermd.org/202007/0055.html
Saved 2020-Jul-0055
[SUCCESS] http://archive.ambermd.org/202007/0057.html
Saved 2020-Jul-0057
[SUCCESS] http://archive.ambermd.org/202007/0074.html
Saved 2020-Jul-0074
[SUCCESS] http://archive.ambermd.org/202007/0076.html
Saved 2020-Jul-0076
[SUCCESS] http://archive.ambermd.org/202007/0003.html
Saved 2020-Jul-0003
[SUCCESS] http://archive.ambermd.org/202007/0119.html
Saved 2020-Jul-0119
[SUCCESS] http://archive.ambermd.org/202007/0004.html
Saved 2020-Jul-0004
[SUCCESS] http://archive.ambermd.org/202007/0005.html
Saved 2020-Jul-0005
[SUCCESS] http://archive.ambermd.org/202007/0006.html
Saved 2020-Jul-0006
[SUCCESS] http://archive.ambermd.org/202007/0007.html
Saved 2020-Jul-0007
[SUCCESS] http://archive.ambermd.org/202007/0009.html
Saved 2020-Jul-0009
[SUCCESS] http://archive.ambermd.org/202007/0010.html
Saved 2020-Jul-0010
[SUCCESS] http://archive.ambermd.org/202007/0011.html
Saved 2020-Jul-0011
[SUCCESS] http://archive.ambermd.org/202007/0008.html
Saved 2020-Jul-0008
[SUCCESS] http://archive.ambermd.org/202007/0012.html
Saved 2020-Jul-0012
[SUCCESS] http://archive.ambermd.org/202007/0013.html
Saved 2020-Jul-0013
[SUCCESS] http://archive.ambermd.org/202007/0015.html
Saved 2020-Jul-0015
[SUCCESS] http://archive.ambermd.org/202007/0034.html
Saved 2020-Jul-0034
[SUCCESS] http://archive.ambermd.org/202007/0017.html
Saved 2020-Jul-0017
[SUCCESS] http://archive.ambermd.org/202007/0024.html
Saved 2020-Jul-0024
[SUCCESS] http://archive.ambermd.org/202007/0019.html
Saved 2020-Jul-0019
[SUCCESS] http://archive.ambermd.org/202007/0028.html
Saved 2020-Jul-0028
[SUCCESS] http://archive.ambermd.org/202007/0101.html
Saved 2020-Jul-0101
[SUCCESS] http://archive.ambermd.org/202007/0020.html
Saved 2020-Jul-0020
[SUCCESS] http://archive.ambermd.org/202007/0021.html
Saved 2020-Jul-0021
[SUCCESS] http://archive.ambermd.org/202007/0022.html
Saved 2020-Jul-0022
[SUCCESS] http://archive.ambermd.org/202007/0023.html
Saved 2020-Jul-0023
[SUCCESS] http://archive.ambermd.org/202007/0031.html
Saved 2020-Jul-0031
[SUCCESS] http://archive.ambermd.org/202007/0042.html
Saved 2020-Jul-0042
[SUCCESS] http://archive.ambermd.org/202007/0056.html
Saved 2020-Jul-0056
[SUCCESS] http://archive.ambermd.org/202007/0059.html
Saved 2020-Jul-0059
[SUCCESS] http://archive.ambermd.org/202007/0067.html
Saved 2020-Jul-0067
[SUCCESS] http://archive.ambermd.org/202007/0068.html
Saved 2020-Jul-0068
[SUCCESS] http://archive.ambermd.org/202007/0069.html
Saved 2020-Jul-0069
[SUCCESS] http://archive.ambermd.org/202007/0081.html
Saved 2020-Jul-0081
[SUCCESS] http://archive.ambermd.org/202007/0082.html
Saved 2020-Jul-0082
[SUCCESS] http://archive.ambermd.org/202007/0062.html
Saved 2020-Jul-0062
[SUCCESS] http://archive.ambermd.org/202007/0080.html
Saved 2020-Jul-0080
[SUCCESS] http://archive.ambermd.org/202007/0230.html
Saved 2020-Jul-0230
[SUCCESS] http://archive.ambermd.org/202007/0025.html
Saved 2020-Jul-0025
[SUCCESS] http://archive.ambermd.org/202007/0030.html
Saved 2020-Jul-0030
[SUCCESS] http://archive.ambermd.org/202007/0036.html
Saved 2020-Jul-0036
[SUCCESS] http://archive.ambermd.org/202007/0032.html
Saved 2020-Jul-0032
[SUCCESS] http://archive.ambermd.org/202007/0038.html
Saved 2020-Jul-0038
[SUCCESS] http://archive.ambermd.org/202007/0039.html
Saved 2020-Jul-0039
[SUCCESS] http://archive.ambermd.org/202007/0054.html
Saved 2020-Jul-0054
[SUCCESS] http://archive.ambermd.org/202007/0033.html
Saved 2020-Jul-0033
[SUCCESS] http://archive.ambermd.org/202007/0044.html
Saved 2020-Jul-0044
[SUCCESS] http://archive.ambermd.org/202007/0049.html
Saved 2020-Jul-0049
[SUCCESS] http://archive.ambermd.org/202007/0043.html
Saved 2020-Jul-0043
[SUCCESS] http://archive.ambermd.org/202007/0045.html
Saved 2020-Jul-0045
[SUCCESS] http://archive.ambermd.org/202007/0052.html
Saved 2020-Jul-0052
[SUCCESS] http://archive.ambermd.org/202007/0046.html
Saved 2020-Jul-0046
[SUCCESS] http://archive.ambermd.org/202007/0047.html
Saved 2020-Jul-0047
[SUCCESS] http://archive.ambermd.org/202007/0051.html
Saved 2020-Jul-0051
[SUCCESS] http://archive.ambermd.org/202007/0053.html
Saved 2020-Jul-0053
[SUCCESS] http://archive.ambermd.org/202007/0058.html
Saved 2020-Jul-0058
[SUCCESS] http://archive.ambermd.org/202007/0048.html
Saved 2020-Jul-0048
[SUCCESS] http://archive.ambermd.org/202007/0061.html
Saved 2020-Jul-0061
[SUCCESS] http://archive.ambermd.org/202007/0060.html
Saved 2020-Jul-0060
[SUCCESS] http://archive.ambermd.org/202007/0063.html
Saved 2020-Jul-0063
[SUCCESS] http://archive.ambermd.org/202007/0064.html
Saved 2020-Jul-0064
[SUCCESS] http://archive.ambermd.org/202007/0066.html
Saved 2020-Jul-0066
[SUCCESS] http://archive.ambermd.org/202007/0121.html
Saved 2020-Jul-0121
[SUCCESS] http://archive.ambermd.org/202007/0065.html
Saved 2020-Jul-0065
[SUCCESS] http://archive.ambermd.org/202007/0070.html
Saved 2020-Jul-0070
[SUCCESS] http://archive.ambermd.org/202007/0071.html
Saved 2020-Jul-0071
[SUCCESS] http://archive.ambermd.org/202007/0072.html
Saved 2020-Jul-0072
[SUCCESS] http://archive.ambermd.org/202007/0073.html
Saved 2020-Jul-0073
[SUCCESS] http://archive.ambermd.org/202007/0075.html
Saved 2020-Jul-0075
[SUCCESS] http://archive.ambermd.org/202007/0077.html
Saved 2020-Jul-0077
[SUCCESS] http://archive.ambermd.org/202007/0086.html
Saved 2020-Jul-0086
[SUCCESS] http://archive.ambermd.org/202007/0088.html
Saved 2020-Jul-0088
[SUCCESS] http://archive.ambermd.org/202007/0078.html
Saved 2020-Jul-0078
[SUCCESS] http://archive.ambermd.org/202007/0079.html
Saved 2020-Jul-0079
[SUCCESS] http://archive.ambermd.org/202007/0083.html
Saved 2020-Jul-0083
[SUCCESS] http://archive.ambermd.org/202007/0084.html
Saved 2020-Jul-0084
[SUCCESS] http://archive.ambermd.org/202007/0087.html
Saved 2020-Jul-0087
[SUCCESS] http://archive.ambermd.org/202007/0099.html
Saved 2020-Jul-0099
[SUCCESS] http://archive.ambermd.org/202007/0085.html
Saved 2020-Jul-0085
[SUCCESS] http://archive.ambermd.org/202007/0089.html
Saved 2020-Jul-0089
[SUCCESS] http://archive.ambermd.org/202007/0090.html
Saved 2020-Jul-0090
[SUCCESS] http://archive.ambermd.org/202007/0091.html
Saved 2020-Jul-0091
[SUCCESS] http://archive.ambermd.org/202007/0148.html
Saved 2020-Jul-0148
[SUCCESS] http://archive.ambermd.org/202007/0166.html
Saved 2020-Jul-0166
[SUCCESS] http://archive.ambermd.org/202007/0092.html
Saved 2020-Jul-0092
[SUCCESS] http://archive.ambermd.org/202007/0093.html
Saved 2020-Jul-0093
[SUCCESS] http://archive.ambermd.org/202007/0100.html
Saved 2020-Jul-0100
[SUCCESS] http://archive.ambermd.org/202007/0189.html
Saved 2020-Jul-0189
[SUCCESS] http://archive.ambermd.org/202007/0222.html
Saved 2020-Jul-0222
[SUCCESS] http://archive.ambermd.org/202007/0094.html
Saved 2020-Jul-0094
[SUCCESS] http://archive.ambermd.org/202007/0114.html
Saved 2020-Jul-0114
[SUCCESS] http://archive.ambermd.org/202007/0125.html
Saved 2020-Jul-0125
[SUCCESS] http://archive.ambermd.org/202007/0141.html
Saved 2020-Jul-0141
[SUCCESS] http://archive.ambermd.org/202007/0153.html
Saved 2020-Jul-0153
[SUCCESS] http://archive.ambermd.org/202007/0095.html
Saved 2020-Jul-0095
[SUCCESS] http://archive.ambermd.org/202007/0103.html
Saved 2020-Jul-0103
[SUCCESS] http://archive.ambermd.org/202007/0104.html
Saved 2020-Jul-0104
[SUCCESS] http://archive.ambermd.org/202007/0096.html
Saved 2020-Jul-0096
[SUCCESS] http://archive.ambermd.org/202007/0097.html
Saved 2020-Jul-0097
[SUCCESS] http://archive.ambermd.org/202007/0098.html
Saved 2020-Jul-0098
[SUCCESS] http://archive.ambermd.org/202007/0102.html
Saved 2020-Jul-0102
[SUCCESS] http://archive.ambermd.org/202007/0110.html
Saved 2020-Jul-0110
[SUCCESS] http://archive.ambermd.org/202007/0105.html
Saved 2020-Jul-0105
[SUCCESS] http://archive.ambermd.org/202007/0108.html
Saved 2020-Jul-0108
[SUCCESS] http://archive.ambermd.org/202007/0106.html
Saved 2020-Jul-0106
[SUCCESS] http://archive.ambermd.org/202007/0109.html
Saved 2020-Jul-0109
[SUCCESS] http://archive.ambermd.org/202007/0111.html
Saved 2020-Jul-0111
[SUCCESS] http://archive.ambermd.org/202007/0107.html
Saved 2020-Jul-0107
[SUCCESS] http://archive.ambermd.org/202007/0112.html
Saved 2020-Jul-0112
[SUCCESS] http://archive.ambermd.org/202007/0113.html
Saved 2020-Jul-0113
[SUCCESS] http://archive.ambermd.org/202007/0115.html
Saved 2020-Jul-0115
[SUCCESS] http://archive.ambermd.org/202007/0117.html
Saved 2020-Jul-0117
[SUCCESS] http://archive.ambermd.org/202007/0116.html
Saved 2020-Jul-0116
[SUCCESS] http://archive.ambermd.org/202007/0118.html
Saved 2020-Jul-0118
[SUCCESS] http://archive.ambermd.org/202007/0168.html
Saved 2020-Jul-0168
[SUCCESS] http://archive.ambermd.org/202007/0120.html
Saved 2020-Jul-0120
[SUCCESS] http://archive.ambermd.org/202007/0122.html
Saved 2020-Jul-0122
[SUCCESS] http://archive.ambermd.org/202007/0128.html
Saved 2020-Jul-0128
[SUCCESS] http://archive.ambermd.org/202007/0123.html
Saved 2020-Jul-0123
[SUCCESS] http://archive.ambermd.org/202007/0130.html
Saved 2020-Jul-0130
[SUCCESS] http://archive.ambermd.org/202007/0124.html
Saved 2020-Jul-0124
[SUCCESS] http://archive.ambermd.org/202007/0137.html
Saved 2020-Jul-0137
[SUCCESS] http://archive.ambermd.org/202007/0140.html
Saved 2020-Jul-0140
[SUCCESS] http://archive.ambermd.org/202007/0126.html
Saved 2020-Jul-0126
[SUCCESS] http://archive.ambermd.org/202007/0229.html
Saved 2020-Jul-0229
[SUCCESS] http://archive.ambermd.org/202007/0127.html
Saved 2020-Jul-0127
[SUCCESS] http://archive.ambermd.org/202007/0131.html
Saved 2020-Jul-0131
[SUCCESS] http://archive.ambermd.org/202007/0129.html
Saved 2020-Jul-0129
[SUCCESS] http://archive.ambermd.org/202007/0146.html
Saved 2020-Jul-0146
[SUCCESS] http://archive.ambermd.org/202007/0132.html
Saved 2020-Jul-0132
[SUCCESS] http://archive.ambermd.org/202007/0133.html
Saved 2020-Jul-0133
[SUCCESS] http://archive.ambermd.org/202007/0134.html
Saved 2020-Jul-0134
[SUCCESS] http://archive.ambermd.org/202007/0135.html
Saved 2020-Jul-0135
[SUCCESS] http://archive.ambermd.org/202007/0136.html
Saved 2020-Jul-0136
[SUCCESS] http://archive.ambermd.org/202007/0138.html
Saved 2020-Jul-0138
[SUCCESS] http://archive.ambermd.org/202007/0139.html
Saved 2020-Jul-0139
[SUCCESS] http://archive.ambermd.org/202007/0142.html
Saved 2020-Jul-0142
[SUCCESS] http://archive.ambermd.org/202007/0147.html
Saved 2020-Jul-0147
[SUCCESS] http://archive.ambermd.org/202007/0143.html
Saved 2020-Jul-0143
[SUCCESS] http://archive.ambermd.org/202007/0144.html
Saved 2020-Jul-0144
[SUCCESS] http://archive.ambermd.org/202007/0145.html
Saved 2020-Jul-0145
[SUCCESS] http://archive.ambermd.org/202007/0149.html
Saved 2020-Jul-0149
[SUCCESS] http://archive.ambermd.org/202007/0150.html
Saved 2020-Jul-0150
[SUCCESS] http://archive.ambermd.org/202007/0151.html
Saved 2020-Jul-0151
[SUCCESS] http://archive.ambermd.org/202007/0152.html
Saved 2020-Jul-0152
[SUCCESS] http://archive.ambermd.org/202007/0165.html
Saved 2020-Jul-0165
[SUCCESS] http://archive.ambermd.org/202007/0167.html
Saved 2020-Jul-0167
[SUCCESS] http://archive.ambermd.org/202007/0154.html
Saved 2020-Jul-0154
[SUCCESS] http://archive.ambermd.org/202007/0155.html
Saved 2020-Jul-0155
[SUCCESS] http://archive.ambermd.org/202007/0156.html
Saved 2020-Jul-0156
[SUCCESS] http://archive.ambermd.org/202007/0159.html
Saved 2020-Jul-0159
[SUCCESS] http://archive.ambermd.org/202007/0157.html
Saved 2020-Jul-0157
[SUCCESS] http://archive.ambermd.org/202007/0158.html
Saved 2020-Jul-0158
[SUCCESS] http://archive.ambermd.org/202007/0160.html
Saved 2020-Jul-0160
[SUCCESS] http://archive.ambermd.org/202007/0161.html
Saved 2020-Jul-0161
[SUCCESS] http://archive.ambermd.org/202007/0162.html
Saved 2020-Jul-0162
[SUCCESS] http://archive.ambermd.org/202007/0163.html
Saved 2020-Jul-0163
[SUCCESS] http://archive.ambermd.org/202007/0164.html
Saved 2020-Jul-0164
[SUCCESS] http://archive.ambermd.org/202007/0169.html
Saved 2020-Jul-0169
[SUCCESS] http://archive.ambermd.org/202007/0170.html
Saved 2020-Jul-0170
[SUCCESS] http://archive.ambermd.org/202007/0171.html
Saved 2020-Jul-0171
[SUCCESS] http://archive.ambermd.org/202007/0173.html
Saved 2020-Jul-0173
[SUCCESS] http://archive.ambermd.org/202007/0174.html
Saved 2020-Jul-0174
[SUCCESS] http://archive.ambermd.org/202007/0179.html
Saved 2020-Jul-0179
[SUCCESS] http://archive.ambermd.org/202007/0180.html
Saved 2020-Jul-0180
[SUCCESS] http://archive.ambermd.org/202007/0181.html
Saved 2020-Jul-0181
[SUCCESS] http://archive.ambermd.org/202007/0172.html
Saved 2020-Jul-0172
[SUCCESS] http://archive.ambermd.org/202007/0175.html
Saved 2020-Jul-0175
[SUCCESS] http://archive.ambermd.org/202007/0178.html
Saved 2020-Jul-0178
[SUCCESS] http://archive.ambermd.org/202007/0176.html
Saved 2020-Jul-0176
[SUCCESS] http://archive.ambermd.org/202007/0183.html
Saved 2020-Jul-0183
[SUCCESS] http://archive.ambermd.org/202007/0185.html
Saved 2020-Jul-0185
[SUCCESS] http://archive.ambermd.org/202007/0187.html
Saved 2020-Jul-0187
[SUCCESS] http://archive.ambermd.org/202007/0188.html
Saved 2020-Jul-0188
[SUCCESS] http://archive.ambermd.org/202007/0177.html
Saved 2020-Jul-0177
[SUCCESS] http://archive.ambermd.org/202007/0184.html
Saved 2020-Jul-0184
[SUCCESS] http://archive.ambermd.org/202007/0182.html
Saved 2020-Jul-0182
[SUCCESS] http://archive.ambermd.org/202007/0186.html
Saved 2020-Jul-0186
[SUCCESS] http://archive.ambermd.org/202007/0191.html
Saved 2020-Jul-0191
[SUCCESS] http://archive.ambermd.org/202007/0225.html
Saved 2020-Jul-0225
[SUCCESS] http://archive.ambermd.org/202007/0190.html
Saved 2020-Jul-0190
[SUCCESS] http://archive.ambermd.org/202007/0192.html
Saved 2020-Jul-0192
[SUCCESS] http://archive.ambermd.org/202007/0195.html
Saved 2020-Jul-0195
[SUCCESS] http://archive.ambermd.org/202007/0193.html
Saved 2020-Jul-0193
[SUCCESS] http://archive.ambermd.org/202007/0194.html
Saved 2020-Jul-0194
[SUCCESS] http://archive.ambermd.org/202007/0196.html
Saved 2020-Jul-0196
[SUCCESS] http://archive.ambermd.org/202007/0197.html
Saved 2020-Jul-0197
[SUCCESS] http://archive.ambermd.org/202007/0208.html
Saved 2020-Jul-0208
[SUCCESS] http://archive.ambermd.org/202007/0215.html
Saved 2020-Jul-0215
[SUCCESS] http://archive.ambermd.org/202007/0198.html
Saved 2020-Jul-0198
[SUCCESS] http://archive.ambermd.org/202007/0200.html
Saved 2020-Jul-0200
[SUCCESS] http://archive.ambermd.org/202007/0201.html
Saved 2020-Jul-0201
[SUCCESS] http://archive.ambermd.org/202007/0226.html
Saved 2020-Jul-0226
[SUCCESS] http://archive.ambermd.org/202007/0199.html
Saved 2020-Jul-0199
[SUCCESS] http://archive.ambermd.org/202007/0223.html
Saved 2020-Jul-0223
[SUCCESS] http://archive.ambermd.org/202007/0202.html
Saved 2020-Jul-0202
[SUCCESS] http://archive.ambermd.org/202007/0205.html
Saved 2020-Jul-0205
[SUCCESS] http://archive.ambermd.org/202007/0206.html
Saved 2020-Jul-0206
[SUCCESS] http://archive.ambermd.org/202007/0203.html
Saved 2020-Jul-0203
[SUCCESS] http://archive.ambermd.org/202007/0209.html
Saved 2020-Jul-0209
[SUCCESS] http://archive.ambermd.org/202007/0204.html
Saved 2020-Jul-0204
[SUCCESS] http://archive.ambermd.org/202007/0260.html
Saved 2020-Jul-0260
[SUCCESS] http://archive.ambermd.org/202007/0207.html
Saved 2020-Jul-0207
[SUCCESS] http://archive.ambermd.org/202007/0210.html
Saved 2020-Jul-0210
[SUCCESS] http://archive.ambermd.org/202007/0211.html
Saved 2020-Jul-0211
[SUCCESS] http://archive.ambermd.org/202007/0216.html
Saved 2020-Jul-0216
[SUCCESS] http://archive.ambermd.org/202007/0212.html
Saved 2020-Jul-0212
[SUCCESS] http://archive.ambermd.org/202007/0213.html
Saved 2020-Jul-0213
[SUCCESS] http://archive.ambermd.org/202007/0232.html
Saved 2020-Jul-0232
[SUCCESS] http://archive.ambermd.org/202007/0214.html
Saved 2020-Jul-0214
[SUCCESS] http://archive.ambermd.org/202007/0217.html
Saved 2020-Jul-0217
[SUCCESS] http://archive.ambermd.org/202007/0218.html
Saved 2020-Jul-0218
[SUCCESS] http://archive.ambermd.org/202007/0219.html
Saved 2020-Jul-0219
[SUCCESS] http://archive.ambermd.org/202007/0263.html
Saved 2020-Jul-0263
[SUCCESS] http://archive.ambermd.org/202007/0270.html
Saved 2020-Jul-0270
[SUCCESS] http://archive.ambermd.org/202007/0220.html
Saved 2020-Jul-0220
[SUCCESS] http://archive.ambermd.org/202007/0221.html
Saved 2020-Jul-0221
[SUCCESS] http://archive.ambermd.org/202007/0224.html
Saved 2020-Jul-0224
[SUCCESS] http://archive.ambermd.org/202007/0227.html
Saved 2020-Jul-0227
[SUCCESS] http://archive.ambermd.org/202007/0233.html
Saved 2020-Jul-0233
[SUCCESS] http://archive.ambermd.org/202007/0228.html
Saved 2020-Jul-0228
[SUCCESS] http://archive.ambermd.org/202007/0234.html
Saved 2020-Jul-0234
[SUCCESS] http://archive.ambermd.org/202007/0231.html
Saved 2020-Jul-0231
[SUCCESS] http://archive.ambermd.org/202007/0235.html
Saved 2020-Jul-0235
[SUCCESS] http://archive.ambermd.org/202007/0236.html
Saved 2020-Jul-0236
[SUCCESS] http://archive.ambermd.org/202007/0237.html
Saved 2020-Jul-0237
[SUCCESS] http://archive.ambermd.org/202007/0238.html
Saved 2020-Jul-0238
[SUCCESS] http://archive.ambermd.org/202007/0239.html
Saved 2020-Jul-0239
[SUCCESS] http://archive.ambermd.org/202007/0243.html
Saved 2020-Jul-0243
[SUCCESS] http://archive.ambermd.org/202007/0251.html
Saved 2020-Jul-0251
[SUCCESS] http://archive.ambermd.org/202007/0240.html
Saved 2020-Jul-0240
[SUCCESS] http://archive.ambermd.org/202007/0241.html
Saved 2020-Jul-0241
[SUCCESS] http://archive.ambermd.org/202007/0242.html
Saved 2020-Jul-0242
[SUCCESS] http://archive.ambermd.org/202007/0244.html
Saved 2020-Jul-0244
[SUCCESS] http://archive.ambermd.org/202007/0246.html
Saved 2020-Jul-0246
[SUCCESS] http://archive.ambermd.org/202007/0247.html
Saved 2020-Jul-0247
[SUCCESS] http://archive.ambermd.org/202007/0245.html
Saved 2020-Jul-0245
[SUCCESS] http://archive.ambermd.org/202007/0249.html
Saved 2020-Jul-0249
[SUCCESS] http://archive.ambermd.org/202007/0248.html
Saved 2020-Jul-0248
[SUCCESS] http://archive.ambermd.org/202007/0250.html
Saved 2020-Jul-0250
[SUCCESS] http://archive.ambermd.org/202007/0252.html
Saved 2020-Jul-0252
[SUCCESS] http://archive.ambermd.org/202007/0255.html
Saved 2020-Jul-0255
[SUCCESS] http://archive.ambermd.org/202007/0253.html
Saved 2020-Jul-0253
[SUCCESS] http://archive.ambermd.org/202007/0254.html
Saved 2020-Jul-0254
[SUCCESS] http://archive.ambermd.org/202007/0261.html
Saved 2020-Jul-0261
[SUCCESS] http://archive.ambermd.org/202007/0256.html
Saved 2020-Jul-0256
[SUCCESS] http://archive.ambermd.org/202007/0257.html
Saved 2020-Jul-0257
[SUCCESS] http://archive.ambermd.org/202007/0262.html
Saved 2020-Jul-0262
[SUCCESS] http://archive.ambermd.org/202007/0269.html
Saved 2020-Jul-0269
[SUCCESS] http://archive.ambermd.org/202007/0258.html
Saved 2020-Jul-0258
[SUCCESS] http://archive.ambermd.org/202007/0259.html
Saved 2020-Jul-0259
[SUCCESS] http://archive.ambermd.org/202007/0264.html
Saved 2020-Jul-0264
[SUCCESS] http://archive.ambermd.org/202007/0266.html
Saved 2020-Jul-0266
[SUCCESS] http://archive.ambermd.org/202007/0265.html
Saved 2020-Jul-0265
[SUCCESS] http://archive.ambermd.org/202007/0267.html
Saved 2020-Jul-0267
[SUCCESS] http://archive.ambermd.org/202007/0268.html
Saved 2020-Jul-0268
[SUCCESS] http://archive.ambermd.org/202007/0271.html
Saved 2020-Jul-0271
[SUCCESS] http://archive.ambermd.org/202007/0274.html
Saved 2020-Jul-0274
[SUCCESS] http://archive.ambermd.org/202007/0272.html
Saved 2020-Jul-0272
[SUCCESS] http://archive.ambermd.org/202007/0276.html
Saved 2020-Jul-0276
[SUCCESS] http://archive.ambermd.org/202007/0273.html
Saved 2020-Jul-0273
[SUCCESS] http://archive.ambermd.org/202007/0275.html
Saved 2020-Jul-0275
[SUCCESS] http://archive.ambermd.org/202007/0277.html
Saved 2020-Jul-0277
[SUCCESS] http://archive.ambermd.org/202007/0284.html
Saved 2020-Jul-0284
[SUCCESS] http://archive.ambermd.org/202007/0278.html
Saved 2020-Jul-0278
[SUCCESS] http://archive.ambermd.org/202007/0360.html
Saved 2020-Jul-0360
[SUCCESS] http://archive.ambermd.org/202007/0279.html
Saved 2020-Jul-0279
[SUCCESS] http://archive.ambermd.org/202007/0282.html
Saved 2020-Jul-0282
[SUCCESS] http://archive.ambermd.org/202007/0291.html
Saved 2020-Jul-0291
[SUCCESS] http://archive.ambermd.org/202007/0280.html
Saved 2020-Jul-0280
[SUCCESS] http://archive.ambermd.org/202007/0281.html
Saved 2020-Jul-0281
[SUCCESS] http://archive.ambermd.org/202007/0283.html
Saved 2020-Jul-0283
[SUCCESS] http://archive.ambermd.org/202007/0285.html
Saved 2020-Jul-0285
[SUCCESS] http://archive.ambermd.org/202007/0286.html
Saved 2020-Jul-0286
[SUCCESS] http://archive.ambermd.org/202007/0287.html
Saved 2020-Jul-0287
[SUCCESS] http://archive.ambermd.org/202007/0288.html
Saved 2020-Jul-0288
[SUCCESS] http://archive.ambermd.org/202007/0289.html
Saved 2020-Jul-0289
[SUCCESS] http://archive.ambermd.org/202007/0292.html
Saved 2020-Jul-0292
[SUCCESS] http://archive.ambermd.org/202007/0290.html
Saved 2020-Jul-0290
[SUCCESS] http://archive.ambermd.org/202007/0296.html
Saved 2020-Jul-0296
[SUCCESS] http://archive.ambermd.org/202007/0293.html
Saved 2020-Jul-0293
[SUCCESS] http://archive.ambermd.org/202007/0294.html
Saved 2020-Jul-0294
[SUCCESS] http://archive.ambermd.org/202007/0295.html
Saved 2020-Jul-0295
[SUCCESS] http://archive.ambermd.org/202007/0308.html
Saved 2020-Jul-0308
[SUCCESS] http://archive.ambermd.org/202007/0312.html
Saved 2020-Jul-0312
[SUCCESS] http://archive.ambermd.org/202007/0297.html
Saved 2020-Jul-0297
[SUCCESS] http://archive.ambermd.org/202007/0299.html
Saved 2020-Jul-0299
[SUCCESS] http://archive.ambermd.org/202007/0306.html
Saved 2020-Jul-0306
[SUCCESS] http://archive.ambermd.org/202007/0331.html
Saved 2020-Jul-0331
[SUCCESS] http://archive.ambermd.org/202007/0298.html
Saved 2020-Jul-0298
[SUCCESS] http://archive.ambermd.org/202007/0300.html
Saved 2020-Jul-0300
[SUCCESS] http://archive.ambermd.org/202007/0301.html
Saved 2020-Jul-0301
[SUCCESS] http://archive.ambermd.org/202007/0302.html
Saved 2020-Jul-0302
[SUCCESS] http://archive.ambermd.org/202007/0303.html
Saved 2020-Jul-0303
[SUCCESS] http://archive.ambermd.org/202007/0309.html
Saved 2020-Jul-0309
[SUCCESS] http://archive.ambermd.org/202007/0310.html
Saved 2020-Jul-0310
[SUCCESS] http://archive.ambermd.org/202007/0313.html
Saved 2020-Jul-0313
[SUCCESS] http://archive.ambermd.org/202007/0319.html
Saved 2020-Jul-0319
[SUCCESS] http://archive.ambermd.org/202007/0320.html
Saved 2020-Jul-0320
[SUCCESS] http://archive.ambermd.org/202007/0321.html
Saved 2020-Jul-0321
[SUCCESS] http://archive.ambermd.org/202007/0326.html
Saved 2020-Jul-0326
[SUCCESS] http://archive.ambermd.org/202007/0328.html
Saved 2020-Jul-0328
[SUCCESS] http://archive.ambermd.org/202007/0329.html
Saved 2020-Jul-0329
[SUCCESS] http://archive.ambermd.org/202007/0332.html
Saved 2020-Jul-0332
[SUCCESS] http://archive.ambermd.org/202007/0333.html
Saved 2020-Jul-0333
[SUCCESS] http://archive.ambermd.org/202007/0335.html
Saved 2020-Jul-0335
[SUCCESS] http://archive.ambermd.org/202007/0338.html
Saved 2020-Jul-0338
[SUCCESS] http://archive.ambermd.org/202007/0327.html
Saved 2020-Jul-0327
[SUCCESS] http://archive.ambermd.org/202007/0337.html
Saved 2020-Jul-0337
[SUCCESS] http://archive.ambermd.org/202007/0304.html
Saved 2020-Jul-0304
[SUCCESS] http://archive.ambermd.org/202007/0305.html
Saved 2020-Jul-0305
[SUCCESS] http://archive.ambermd.org/202007/0307.html
Saved 2020-Jul-0307
[SUCCESS] http://archive.ambermd.org/202007/0311.html
Saved 2020-Jul-0311
[SUCCESS] http://archive.ambermd.org/202007/0316.html
Saved 2020-Jul-0316
[SUCCESS] http://archive.ambermd.org/202007/0330.html
Saved 2020-Jul-0330
[SUCCESS] http://archive.ambermd.org/202007/0314.html
Saved 2020-Jul-0314
[SUCCESS] http://archive.ambermd.org/202007/0315.html
Saved 2020-Jul-0315
[SUCCESS] http://archive.ambermd.org/202007/0322.html
Saved 2020-Jul-0322
[SUCCESS] http://archive.ambermd.org/202007/0317.html
Saved 2020-Jul-0317
[SUCCESS] http://archive.ambermd.org/202007/0351.html
Saved 2020-Jul-0351
[SUCCESS] http://archive.ambermd.org/202007/0355.html
Saved 2020-Jul-0355
[SUCCESS] http://archive.ambermd.org/202007/0356.html
Saved 2020-Jul-0356
[SUCCESS] http://archive.ambermd.org/202007/0357.html
Saved 2020-Jul-0357
[SUCCESS] http://archive.ambermd.org/202007/0358.html
Saved 2020-Jul-0358
[SUCCESS] http://archive.ambermd.org/202007/0318.html
Saved 2020-Jul-0318
[SUCCESS] http://archive.ambermd.org/202007/0323.html
Saved 2020-Jul-0323
[SUCCESS] http://archive.ambermd.org/202007/0325.html
Saved 2020-Jul-0325
[SUCCESS] http://archive.ambermd.org/202007/0324.html
Saved 2020-Jul-0324
[SUCCESS] http://archive.ambermd.org/202007/0334.html
Saved 2020-Jul-0334
[SUCCESS] http://archive.ambermd.org/202007/0336.html
Saved 2020-Jul-0336
[SUCCESS] http://archive.ambermd.org/202007/0339.html
Saved 2020-Jul-0339
[SUCCESS] http://archive.ambermd.org/202007/0340.html
Saved 2020-Jul-0340
[SUCCESS] http://archive.ambermd.org/202007/0341.html
Saved 2020-Jul-0341
[SUCCESS] http://archive.ambermd.org/202007/0342.html
Saved 2020-Jul-0342
[SUCCESS] http://archive.ambermd.org/202007/0345.html
Saved 2020-Jul-0345
[SUCCESS] http://archive.ambermd.org/202007/0343.html
Saved 2020-Jul-0343
[SUCCESS] http://archive.ambermd.org/202007/0344.html
Saved 2020-Jul-0344
[SUCCESS] http://archive.ambermd.org/202007/0346.html
Saved 2020-Jul-0346
[SUCCESS] http://archive.ambermd.org/202007/0347.html
Saved 2020-Jul-0347
[SUCCESS] http://archive.ambermd.org/202007/0348.html
Saved 2020-Jul-0348
[SUCCESS] http://archive.ambermd.org/202007/0349.html
Saved 2020-Jul-0349
[SUCCESS] http://archive.ambermd.org/202007/0350.html
Saved 2020-Jul-0350
[SUCCESS] http://archive.ambermd.org/202007/0352.html
Saved 2020-Jul-0352
[SUCCESS] http://archive.ambermd.org/202007/0353.html
Saved 2020-Jul-0353
[SUCCESS] http://archive.ambermd.org/202007/0354.html
Saved 2020-Jul-0354
[SUCCESS] http://archive.ambermd.org/202007/0359.html
Saved 2020-Jul-0359
Processing 2020 Aug → http://archive.ambermd.org/202008/
[SUCCESS] http://archive.ambermd.org/202008/
[SUCCESS] http://archive.ambermd.org/202008/0000.html
Saved 2020-Aug-0000
[SUCCESS] http://archive.ambermd.org/202008/0002.html
Saved 2020-Aug-0002
[SUCCESS] http://archive.ambermd.org/202008/0003.html
Saved 2020-Aug-0003
[SUCCESS] http://archive.ambermd.org/202008/0004.html
Saved 2020-Aug-0004
[SUCCESS] http://archive.ambermd.org/202008/0009.html
Saved 2020-Aug-0009
[SUCCESS] http://archive.ambermd.org/202008/0012.html
Saved 2020-Aug-0012
[SUCCESS] http://archive.ambermd.org/202008/0001.html
Saved 2020-Aug-0001
[SUCCESS] http://archive.ambermd.org/202008/0005.html
Saved 2020-Aug-0005
[SUCCESS] http://archive.ambermd.org/202008/0016.html
Saved 2020-Aug-0016
[SUCCESS] http://archive.ambermd.org/202008/0043.html
Saved 2020-Aug-0043
[SUCCESS] http://archive.ambermd.org/202008/0044.html
Saved 2020-Aug-0044
[SUCCESS] http://archive.ambermd.org/202008/0045.html
Saved 2020-Aug-0045
[SUCCESS] http://archive.ambermd.org/202008/0046.html
Saved 2020-Aug-0046
[SUCCESS] http://archive.ambermd.org/202008/0047.html
Saved 2020-Aug-0047
[SUCCESS] http://archive.ambermd.org/202008/0048.html
Saved 2020-Aug-0048
[SUCCESS] http://archive.ambermd.org/202008/0049.html
Saved 2020-Aug-0049
[SUCCESS] http://archive.ambermd.org/202008/0050.html
Saved 2020-Aug-0050
[SUCCESS] http://archive.ambermd.org/202008/0051.html
Saved 2020-Aug-0051
[SUCCESS] http://archive.ambermd.org/202008/0054.html
Saved 2020-Aug-0054
[SUCCESS] http://archive.ambermd.org/202008/0006.html
Saved 2020-Aug-0006
[SUCCESS] http://archive.ambermd.org/202008/0010.html
Saved 2020-Aug-0010
[SUCCESS] http://archive.ambermd.org/202008/0013.html
Saved 2020-Aug-0013
[SUCCESS] http://archive.ambermd.org/202008/0007.html
Saved 2020-Aug-0007
[SUCCESS] http://archive.ambermd.org/202008/0008.html
Saved 2020-Aug-0008
[SUCCESS] http://archive.ambermd.org/202008/0011.html
Saved 2020-Aug-0011
[SUCCESS] http://archive.ambermd.org/202008/0014.html
Saved 2020-Aug-0014
[SUCCESS] http://archive.ambermd.org/202008/0015.html
Saved 2020-Aug-0015
[SUCCESS] http://archive.ambermd.org/202008/0017.html
Saved 2020-Aug-0017
[SUCCESS] http://archive.ambermd.org/202008/0018.html
Saved 2020-Aug-0018
[SUCCESS] http://archive.ambermd.org/202008/0019.html
Saved 2020-Aug-0019
[SUCCESS] http://archive.ambermd.org/202008/0020.html
Saved 2020-Aug-0020
[SUCCESS] http://archive.ambermd.org/202008/0021.html
Saved 2020-Aug-0021
[SUCCESS] http://archive.ambermd.org/202008/0093.html
Saved 2020-Aug-0093
[SUCCESS] http://archive.ambermd.org/202008/0022.html
Saved 2020-Aug-0022
[SUCCESS] http://archive.ambermd.org/202008/0023.html
Saved 2020-Aug-0023
[SUCCESS] http://archive.ambermd.org/202008/0024.html
Saved 2020-Aug-0024
[SUCCESS] http://archive.ambermd.org/202008/0029.html
Saved 2020-Aug-0029
[SUCCESS] http://archive.ambermd.org/202008/0052.html
Saved 2020-Aug-0052
[SUCCESS] http://archive.ambermd.org/202008/0056.html
Saved 2020-Aug-0056
[SUCCESS] http://archive.ambermd.org/202008/0057.html
Saved 2020-Aug-0057
[SUCCESS] http://archive.ambermd.org/202008/0025.html
Saved 2020-Aug-0025
[SUCCESS] http://archive.ambermd.org/202008/0026.html
Saved 2020-Aug-0026
[SUCCESS] http://archive.ambermd.org/202008/0027.html
Saved 2020-Aug-0027
[SUCCESS] http://archive.ambermd.org/202008/0028.html
Saved 2020-Aug-0028
[SUCCESS] http://archive.ambermd.org/202008/0040.html
Saved 2020-Aug-0040
[SUCCESS] http://archive.ambermd.org/202008/0041.html
Saved 2020-Aug-0041
[SUCCESS] http://archive.ambermd.org/202008/0030.html
Saved 2020-Aug-0030
[SUCCESS] http://archive.ambermd.org/202008/0031.html
Saved 2020-Aug-0031
[SUCCESS] http://archive.ambermd.org/202008/0032.html
Saved 2020-Aug-0032
[SUCCESS] http://archive.ambermd.org/202008/0033.html
Saved 2020-Aug-0033
[SUCCESS] http://archive.ambermd.org/202008/0039.html
Saved 2020-Aug-0039
[SUCCESS] http://archive.ambermd.org/202008/0034.html
Saved 2020-Aug-0034
[SUCCESS] http://archive.ambermd.org/202008/0035.html
Saved 2020-Aug-0035
[SUCCESS] http://archive.ambermd.org/202008/0036.html
Saved 2020-Aug-0036
[SUCCESS] http://archive.ambermd.org/202008/0037.html
Saved 2020-Aug-0037
[SUCCESS] http://archive.ambermd.org/202008/0038.html
Saved 2020-Aug-0038
[SUCCESS] http://archive.ambermd.org/202008/0042.html
Saved 2020-Aug-0042
[SUCCESS] http://archive.ambermd.org/202008/0053.html
Saved 2020-Aug-0053
[SUCCESS] http://archive.ambermd.org/202008/0055.html
Saved 2020-Aug-0055
[SUCCESS] http://archive.ambermd.org/202008/0058.html
Saved 2020-Aug-0058
[SUCCESS] http://archive.ambermd.org/202008/0059.html
Saved 2020-Aug-0059
[SUCCESS] http://archive.ambermd.org/202008/0063.html
Saved 2020-Aug-0063
[SUCCESS] http://archive.ambermd.org/202008/0067.html
Saved 2020-Aug-0067
[SUCCESS] http://archive.ambermd.org/202008/0060.html
Saved 2020-Aug-0060
[SUCCESS] http://archive.ambermd.org/202008/0064.html
Saved 2020-Aug-0064
[SUCCESS] http://archive.ambermd.org/202008/0065.html
Saved 2020-Aug-0065
[SUCCESS] http://archive.ambermd.org/202008/0069.html
Saved 2020-Aug-0069
[SUCCESS] http://archive.ambermd.org/202008/0070.html
Saved 2020-Aug-0070
[SUCCESS] http://archive.ambermd.org/202008/0071.html
Saved 2020-Aug-0071
[SUCCESS] http://archive.ambermd.org/202008/0061.html
Saved 2020-Aug-0061
[SUCCESS] http://archive.ambermd.org/202008/0062.html
Saved 2020-Aug-0062
[SUCCESS] http://archive.ambermd.org/202008/0066.html
Saved 2020-Aug-0066
[SUCCESS] http://archive.ambermd.org/202008/0075.html
Saved 2020-Aug-0075
[SUCCESS] http://archive.ambermd.org/202008/0068.html
Saved 2020-Aug-0068
[SUCCESS] http://archive.ambermd.org/202008/0072.html
Saved 2020-Aug-0072
[SUCCESS] http://archive.ambermd.org/202008/0073.html
Saved 2020-Aug-0073
[SUCCESS] http://archive.ambermd.org/202008/0074.html
Saved 2020-Aug-0074
[SUCCESS] http://archive.ambermd.org/202008/0076.html
Saved 2020-Aug-0076
[SUCCESS] http://archive.ambermd.org/202008/0077.html
Saved 2020-Aug-0077
[SUCCESS] http://archive.ambermd.org/202008/0078.html
Saved 2020-Aug-0078
[SUCCESS] http://archive.ambermd.org/202008/0079.html
Saved 2020-Aug-0079
[SUCCESS] http://archive.ambermd.org/202008/0080.html
Saved 2020-Aug-0080
[SUCCESS] http://archive.ambermd.org/202008/0083.html
Saved 2020-Aug-0083
[SUCCESS] http://archive.ambermd.org/202008/0086.html
Saved 2020-Aug-0086
[SUCCESS] http://archive.ambermd.org/202008/0091.html
Saved 2020-Aug-0091
[SUCCESS] http://archive.ambermd.org/202008/0098.html
Saved 2020-Aug-0098
[SUCCESS] http://archive.ambermd.org/202008/0081.html
Saved 2020-Aug-0081
[SUCCESS] http://archive.ambermd.org/202008/0084.html
Saved 2020-Aug-0084
[SUCCESS] http://archive.ambermd.org/202008/0087.html
Saved 2020-Aug-0087
[SUCCESS] http://archive.ambermd.org/202008/0088.html
Saved 2020-Aug-0088
[SUCCESS] http://archive.ambermd.org/202008/0090.html
Saved 2020-Aug-0090
[SUCCESS] http://archive.ambermd.org/202008/0082.html
Saved 2020-Aug-0082
[SUCCESS] http://archive.ambermd.org/202008/0085.html
Saved 2020-Aug-0085
[SUCCESS] http://archive.ambermd.org/202008/0089.html
Saved 2020-Aug-0089
[SUCCESS] http://archive.ambermd.org/202008/0092.html
Saved 2020-Aug-0092
[SUCCESS] http://archive.ambermd.org/202008/0101.html
Saved 2020-Aug-0101
[SUCCESS] http://archive.ambermd.org/202008/0102.html
Saved 2020-Aug-0102
[SUCCESS] http://archive.ambermd.org/202008/0104.html
Saved 2020-Aug-0104
[SUCCESS] http://archive.ambermd.org/202008/0099.html
Saved 2020-Aug-0099
[SUCCESS] http://archive.ambermd.org/202008/0094.html
Saved 2020-Aug-0094
[SUCCESS] http://archive.ambermd.org/202008/0095.html
Saved 2020-Aug-0095
[SUCCESS] http://archive.ambermd.org/202008/0096.html
Saved 2020-Aug-0096
[SUCCESS] http://archive.ambermd.org/202008/0097.html
Saved 2020-Aug-0097
[SUCCESS] http://archive.ambermd.org/202008/0107.html
Saved 2020-Aug-0107
[SUCCESS] http://archive.ambermd.org/202008/0100.html
Saved 2020-Aug-0100
[SUCCESS] http://archive.ambermd.org/202008/0103.html
Saved 2020-Aug-0103
[SUCCESS] http://archive.ambermd.org/202008/0106.html
Saved 2020-Aug-0106
[SUCCESS] http://archive.ambermd.org/202008/0105.html
Saved 2020-Aug-0105
[SUCCESS] http://archive.ambermd.org/202008/0108.html
Saved 2020-Aug-0108
[SUCCESS] http://archive.ambermd.org/202008/0109.html
Saved 2020-Aug-0109
[SUCCESS] http://archive.ambermd.org/202008/0110.html
Saved 2020-Aug-0110
[SUCCESS] http://archive.ambermd.org/202008/0111.html
Saved 2020-Aug-0111
[SUCCESS] http://archive.ambermd.org/202008/0112.html
Saved 2020-Aug-0112
[SUCCESS] http://archive.ambermd.org/202008/0130.html
Saved 2020-Aug-0130
[SUCCESS] http://archive.ambermd.org/202008/0188.html
Saved 2020-Aug-0188
[SUCCESS] http://archive.ambermd.org/202008/0197.html
Saved 2020-Aug-0197
[SUCCESS] http://archive.ambermd.org/202008/0199.html
Saved 2020-Aug-0199
[SUCCESS] http://archive.ambermd.org/202008/0202.html
Saved 2020-Aug-0202
[SUCCESS] http://archive.ambermd.org/202008/0205.html
Saved 2020-Aug-0205
[SUCCESS] http://archive.ambermd.org/202008/0207.html
Saved 2020-Aug-0207
[SUCCESS] http://archive.ambermd.org/202008/0158.html
Saved 2020-Aug-0158
[SUCCESS] http://archive.ambermd.org/202008/0187.html
Saved 2020-Aug-0187
[SUCCESS] http://archive.ambermd.org/202008/0113.html
Saved 2020-Aug-0113
[SUCCESS] http://archive.ambermd.org/202008/0120.html
Saved 2020-Aug-0120
[SUCCESS] http://archive.ambermd.org/202008/0121.html
Saved 2020-Aug-0121
[SUCCESS] http://archive.ambermd.org/202008/0114.html
Saved 2020-Aug-0114
[SUCCESS] http://archive.ambermd.org/202008/0115.html
Saved 2020-Aug-0115
[SUCCESS] http://archive.ambermd.org/202008/0116.html
Saved 2020-Aug-0116
[SUCCESS] http://archive.ambermd.org/202008/0117.html
Saved 2020-Aug-0117
[SUCCESS] http://archive.ambermd.org/202008/0118.html
Saved 2020-Aug-0118
[SUCCESS] http://archive.ambermd.org/202008/0126.html
Saved 2020-Aug-0126
[SUCCESS] http://archive.ambermd.org/202008/0127.html
Saved 2020-Aug-0127
[SUCCESS] http://archive.ambermd.org/202008/0119.html
Saved 2020-Aug-0119
[SUCCESS] http://archive.ambermd.org/202008/0122.html
Saved 2020-Aug-0122
[SUCCESS] http://archive.ambermd.org/202008/0129.html
Saved 2020-Aug-0129
[SUCCESS] http://archive.ambermd.org/202008/0123.html
Saved 2020-Aug-0123
[SUCCESS] http://archive.ambermd.org/202008/0125.html
Saved 2020-Aug-0125
[SUCCESS] http://archive.ambermd.org/202008/0128.html
Saved 2020-Aug-0128
[SUCCESS] http://archive.ambermd.org/202008/0124.html
Saved 2020-Aug-0124
[SUCCESS] http://archive.ambermd.org/202008/0131.html
Saved 2020-Aug-0131
[SUCCESS] http://archive.ambermd.org/202008/0132.html
Saved 2020-Aug-0132
[SUCCESS] http://archive.ambermd.org/202008/0135.html
Saved 2020-Aug-0135
[SUCCESS] http://archive.ambermd.org/202008/0136.html
Saved 2020-Aug-0136
[SUCCESS] http://archive.ambermd.org/202008/0137.html
Saved 2020-Aug-0137
[SUCCESS] http://archive.ambermd.org/202008/0133.html
Saved 2020-Aug-0133
[SUCCESS] http://archive.ambermd.org/202008/0134.html
Saved 2020-Aug-0134
[SUCCESS] http://archive.ambermd.org/202008/0138.html
Saved 2020-Aug-0138
[SUCCESS] http://archive.ambermd.org/202008/0139.html
Saved 2020-Aug-0139
[SUCCESS] http://archive.ambermd.org/202008/0140.html
Saved 2020-Aug-0140
[SUCCESS] http://archive.ambermd.org/202008/0142.html
Saved 2020-Aug-0142
[SUCCESS] http://archive.ambermd.org/202008/0153.html
Saved 2020-Aug-0153
[SUCCESS] http://archive.ambermd.org/202008/0200.html
Saved 2020-Aug-0200
[SUCCESS] http://archive.ambermd.org/202008/0230.html
Saved 2020-Aug-0230
[SUCCESS] http://archive.ambermd.org/202008/0141.html
Saved 2020-Aug-0141
[SUCCESS] http://archive.ambermd.org/202008/0152.html
Saved 2020-Aug-0152
[SUCCESS] http://archive.ambermd.org/202008/0143.html
Saved 2020-Aug-0143
[SUCCESS] http://archive.ambermd.org/202008/0144.html
Saved 2020-Aug-0144
[SUCCESS] http://archive.ambermd.org/202008/0146.html
Saved 2020-Aug-0146
[SUCCESS] http://archive.ambermd.org/202008/0149.html
Saved 2020-Aug-0149
[SUCCESS] http://archive.ambermd.org/202008/0145.html
Saved 2020-Aug-0145
[SUCCESS] http://archive.ambermd.org/202008/0147.html
Saved 2020-Aug-0147
[SUCCESS] http://archive.ambermd.org/202008/0148.html
Saved 2020-Aug-0148
[SUCCESS] http://archive.ambermd.org/202008/0150.html
Saved 2020-Aug-0150
[SUCCESS] http://archive.ambermd.org/202008/0156.html
Saved 2020-Aug-0156
[SUCCESS] http://archive.ambermd.org/202008/0157.html
Saved 2020-Aug-0157
[SUCCESS] http://archive.ambermd.org/202008/0151.html
Saved 2020-Aug-0151
[SUCCESS] http://archive.ambermd.org/202008/0154.html
Saved 2020-Aug-0154
[SUCCESS] http://archive.ambermd.org/202008/0155.html
Saved 2020-Aug-0155
[SUCCESS] http://archive.ambermd.org/202008/0174.html
Saved 2020-Aug-0174
[SUCCESS] http://archive.ambermd.org/202008/0176.html
Saved 2020-Aug-0176
[SUCCESS] http://archive.ambermd.org/202008/0177.html
Saved 2020-Aug-0177
[SUCCESS] http://archive.ambermd.org/202008/0179.html
Saved 2020-Aug-0179
[SUCCESS] http://archive.ambermd.org/202008/0186.html
Saved 2020-Aug-0186
[SUCCESS] http://archive.ambermd.org/202008/0204.html
Saved 2020-Aug-0204
[SUCCESS] http://archive.ambermd.org/202008/0206.html
Saved 2020-Aug-0206
[SUCCESS] http://archive.ambermd.org/202008/0208.html
Saved 2020-Aug-0208
[SUCCESS] http://archive.ambermd.org/202008/0209.html
Saved 2020-Aug-0209
[SUCCESS] http://archive.ambermd.org/202008/0210.html
Saved 2020-Aug-0210
[SUCCESS] http://archive.ambermd.org/202008/0241.html
Saved 2020-Aug-0241
[SUCCESS] http://archive.ambermd.org/202008/0245.html
Saved 2020-Aug-0245
[SUCCESS] http://archive.ambermd.org/202008/0159.html
Saved 2020-Aug-0159
[SUCCESS] http://archive.ambermd.org/202008/0166.html
Saved 2020-Aug-0166
[SUCCESS] http://archive.ambermd.org/202008/0160.html
Saved 2020-Aug-0160
[SUCCESS] http://archive.ambermd.org/202008/0161.html
Saved 2020-Aug-0161
[SUCCESS] http://archive.ambermd.org/202008/0162.html
Saved 2020-Aug-0162
[SUCCESS] http://archive.ambermd.org/202008/0165.html
Saved 2020-Aug-0165
[SUCCESS] http://archive.ambermd.org/202008/0175.html
Saved 2020-Aug-0175
[SUCCESS] http://archive.ambermd.org/202008/0198.html
Saved 2020-Aug-0198
[SUCCESS] http://archive.ambermd.org/202008/0163.html
Saved 2020-Aug-0163
[SUCCESS] http://archive.ambermd.org/202008/0164.html
Saved 2020-Aug-0164
[SUCCESS] http://archive.ambermd.org/202008/0167.html
Saved 2020-Aug-0167
[SUCCESS] http://archive.ambermd.org/202008/0171.html
Saved 2020-Aug-0171
[SUCCESS] http://archive.ambermd.org/202008/0172.html
Saved 2020-Aug-0172
[SUCCESS] http://archive.ambermd.org/202008/0178.html
Saved 2020-Aug-0178
[SUCCESS] http://archive.ambermd.org/202008/0189.html
Saved 2020-Aug-0189
[SUCCESS] http://archive.ambermd.org/202008/0168.html
Saved 2020-Aug-0168
[SUCCESS] http://archive.ambermd.org/202008/0169.html
Saved 2020-Aug-0169
[SUCCESS] http://archive.ambermd.org/202008/0170.html
Saved 2020-Aug-0170
[SUCCESS] http://archive.ambermd.org/202008/0173.html
Saved 2020-Aug-0173
[SUCCESS] http://archive.ambermd.org/202008/0180.html
Saved 2020-Aug-0180
[SUCCESS] http://archive.ambermd.org/202008/0181.html
Saved 2020-Aug-0181
[SUCCESS] http://archive.ambermd.org/202008/0182.html
Saved 2020-Aug-0182
[SUCCESS] http://archive.ambermd.org/202008/0183.html
Saved 2020-Aug-0183
[SUCCESS] http://archive.ambermd.org/202008/0184.html
Saved 2020-Aug-0184
[SUCCESS] http://archive.ambermd.org/202008/0185.html
Saved 2020-Aug-0185
[SUCCESS] http://archive.ambermd.org/202008/0201.html
Saved 2020-Aug-0201
[SUCCESS] http://archive.ambermd.org/202008/0203.html
Saved 2020-Aug-0203
[SUCCESS] http://archive.ambermd.org/202008/0190.html
Saved 2020-Aug-0190
[SUCCESS] http://archive.ambermd.org/202008/0191.html
Saved 2020-Aug-0191
[SUCCESS] http://archive.ambermd.org/202008/0192.html
Saved 2020-Aug-0192
[SUCCESS] http://archive.ambermd.org/202008/0193.html
Saved 2020-Aug-0193
[SUCCESS] http://archive.ambermd.org/202008/0196.html
Saved 2020-Aug-0196
[SUCCESS] http://archive.ambermd.org/202008/0194.html
Saved 2020-Aug-0194
[SUCCESS] http://archive.ambermd.org/202008/0195.html
Saved 2020-Aug-0195
[SUCCESS] http://archive.ambermd.org/202008/0211.html
Saved 2020-Aug-0211
[SUCCESS] http://archive.ambermd.org/202008/0212.html
Saved 2020-Aug-0212
[SUCCESS] http://archive.ambermd.org/202008/0213.html
Saved 2020-Aug-0213
[SUCCESS] http://archive.ambermd.org/202008/0214.html
Saved 2020-Aug-0214
[SUCCESS] http://archive.ambermd.org/202008/0215.html
Saved 2020-Aug-0215
[SUCCESS] http://archive.ambermd.org/202008/0218.html
Saved 2020-Aug-0218
[SUCCESS] http://archive.ambermd.org/202008/0216.html
Saved 2020-Aug-0216
[SUCCESS] http://archive.ambermd.org/202008/0217.html
Saved 2020-Aug-0217
[SUCCESS] http://archive.ambermd.org/202008/0219.html
Saved 2020-Aug-0219
[SUCCESS] http://archive.ambermd.org/202008/0221.html
Saved 2020-Aug-0221
[SUCCESS] http://archive.ambermd.org/202008/0220.html
Saved 2020-Aug-0220
[SUCCESS] http://archive.ambermd.org/202008/0222.html
Saved 2020-Aug-0222
[SUCCESS] http://archive.ambermd.org/202008/0226.html
Saved 2020-Aug-0226
[SUCCESS] http://archive.ambermd.org/202008/0236.html
Saved 2020-Aug-0236
[SUCCESS] http://archive.ambermd.org/202008/0242.html
Saved 2020-Aug-0242
[SUCCESS] http://archive.ambermd.org/202008/0223.html
Saved 2020-Aug-0223
[SUCCESS] http://archive.ambermd.org/202008/0224.html
Saved 2020-Aug-0224
[SUCCESS] http://archive.ambermd.org/202008/0225.html
Saved 2020-Aug-0225
[SUCCESS] http://archive.ambermd.org/202008/0227.html
Saved 2020-Aug-0227
[SUCCESS] http://archive.ambermd.org/202008/0235.html
Saved 2020-Aug-0235
[SUCCESS] http://archive.ambermd.org/202008/0228.html
Saved 2020-Aug-0228
[SUCCESS] http://archive.ambermd.org/202008/0229.html
Saved 2020-Aug-0229
[SUCCESS] http://archive.ambermd.org/202008/0231.html
Saved 2020-Aug-0231
[SUCCESS] http://archive.ambermd.org/202008/0232.html
Saved 2020-Aug-0232
[SUCCESS] http://archive.ambermd.org/202008/0233.html
Saved 2020-Aug-0233
[SUCCESS] http://archive.ambermd.org/202008/0234.html
Saved 2020-Aug-0234
[SUCCESS] http://archive.ambermd.org/202008/0237.html
Saved 2020-Aug-0237
[SUCCESS] http://archive.ambermd.org/202008/0238.html
Saved 2020-Aug-0238
[SUCCESS] http://archive.ambermd.org/202008/0252.html
Saved 2020-Aug-0252
[SUCCESS] http://archive.ambermd.org/202008/0239.html
Saved 2020-Aug-0239
[SUCCESS] http://archive.ambermd.org/202008/0240.html
Saved 2020-Aug-0240
[SUCCESS] http://archive.ambermd.org/202008/0243.html
Saved 2020-Aug-0243
[SUCCESS] http://archive.ambermd.org/202008/0244.html
Saved 2020-Aug-0244
[SUCCESS] http://archive.ambermd.org/202008/0246.html
Saved 2020-Aug-0246
[SUCCESS] http://archive.ambermd.org/202008/0248.html
Saved 2020-Aug-0248
[SUCCESS] http://archive.ambermd.org/202008/0257.html
Saved 2020-Aug-0257
[SUCCESS] http://archive.ambermd.org/202008/0247.html
Saved 2020-Aug-0247
[SUCCESS] http://archive.ambermd.org/202008/0255.html
Saved 2020-Aug-0255
[SUCCESS] http://archive.ambermd.org/202008/0249.html
Saved 2020-Aug-0249
[SUCCESS] http://archive.ambermd.org/202008/0256.html
Saved 2020-Aug-0256
[SUCCESS] http://archive.ambermd.org/202008/0250.html
Saved 2020-Aug-0250
[SUCCESS] http://archive.ambermd.org/202008/0251.html
Saved 2020-Aug-0251
[SUCCESS] http://archive.ambermd.org/202008/0253.html
Saved 2020-Aug-0253
[SUCCESS] http://archive.ambermd.org/202008/0262.html
Saved 2020-Aug-0262
[SUCCESS] http://archive.ambermd.org/202008/0254.html
Saved 2020-Aug-0254
[SUCCESS] http://archive.ambermd.org/202008/0260.html
Saved 2020-Aug-0260
[SUCCESS] http://archive.ambermd.org/202008/0258.html
Saved 2020-Aug-0258
[SUCCESS] http://archive.ambermd.org/202008/0261.html
Saved 2020-Aug-0261
[SUCCESS] http://archive.ambermd.org/202008/0259.html
Saved 2020-Aug-0259
Processing 2020 Sep → http://archive.ambermd.org/202009/
[SUCCESS] http://archive.ambermd.org/202009/
[SUCCESS] http://archive.ambermd.org/202009/0000.html
Saved 2020-Sep-0000
[SUCCESS] http://archive.ambermd.org/202009/0002.html
Saved 2020-Sep-0002
[SUCCESS] http://archive.ambermd.org/202009/0003.html
Saved 2020-Sep-0003
[SUCCESS] http://archive.ambermd.org/202009/0052.html
Saved 2020-Sep-0052
[SUCCESS] http://archive.ambermd.org/202009/0069.html
Saved 2020-Sep-0069
[SUCCESS] http://archive.ambermd.org/202009/0001.html
Saved 2020-Sep-0001
[SUCCESS] http://archive.ambermd.org/202009/0004.html
Saved 2020-Sep-0004
[SUCCESS] http://archive.ambermd.org/202009/0005.html
Saved 2020-Sep-0005
[SUCCESS] http://archive.ambermd.org/202009/0007.html
Saved 2020-Sep-0007
[SUCCESS] http://archive.ambermd.org/202009/0013.html
Saved 2020-Sep-0013
[SUCCESS] http://archive.ambermd.org/202009/0006.html
Saved 2020-Sep-0006
[SUCCESS] http://archive.ambermd.org/202009/0046.html
Saved 2020-Sep-0046
[SUCCESS] http://archive.ambermd.org/202009/0008.html
Saved 2020-Sep-0008
[SUCCESS] http://archive.ambermd.org/202009/0009.html
Saved 2020-Sep-0009
[SUCCESS] http://archive.ambermd.org/202009/0010.html
Saved 2020-Sep-0010
[SUCCESS] http://archive.ambermd.org/202009/0020.html
Saved 2020-Sep-0020
[SUCCESS] http://archive.ambermd.org/202009/0025.html
Saved 2020-Sep-0025
[SUCCESS] http://archive.ambermd.org/202009/0011.html
Saved 2020-Sep-0011
[SUCCESS] http://archive.ambermd.org/202009/0014.html
Saved 2020-Sep-0014
[SUCCESS] http://archive.ambermd.org/202009/0051.html
Saved 2020-Sep-0051
[SUCCESS] http://archive.ambermd.org/202009/0012.html
Saved 2020-Sep-0012
[SUCCESS] http://archive.ambermd.org/202009/0015.html
Saved 2020-Sep-0015
[SUCCESS] http://archive.ambermd.org/202009/0159.html
Saved 2020-Sep-0159
[SUCCESS] http://archive.ambermd.org/202009/0016.html
Saved 2020-Sep-0016
[SUCCESS] http://archive.ambermd.org/202009/0017.html
Saved 2020-Sep-0017
[SUCCESS] http://archive.ambermd.org/202009/0019.html
Saved 2020-Sep-0019
[SUCCESS] http://archive.ambermd.org/202009/0022.html
Saved 2020-Sep-0022
[SUCCESS] http://archive.ambermd.org/202009/0033.html
Saved 2020-Sep-0033
[SUCCESS] http://archive.ambermd.org/202009/0018.html
Saved 2020-Sep-0018
[SUCCESS] http://archive.ambermd.org/202009/0023.html
Saved 2020-Sep-0023
[SUCCESS] http://archive.ambermd.org/202009/0030.html
Saved 2020-Sep-0030
[SUCCESS] http://archive.ambermd.org/202009/0032.html
Saved 2020-Sep-0032
[SUCCESS] http://archive.ambermd.org/202009/0021.html
Saved 2020-Sep-0021
[SUCCESS] http://archive.ambermd.org/202009/0037.html
Saved 2020-Sep-0037
[SUCCESS] http://archive.ambermd.org/202009/0044.html
Saved 2020-Sep-0044
[SUCCESS] http://archive.ambermd.org/202009/0045.html
Saved 2020-Sep-0045
[SUCCESS] http://archive.ambermd.org/202009/0024.html
Saved 2020-Sep-0024
[SUCCESS] http://archive.ambermd.org/202009/0026.html
Saved 2020-Sep-0026
[SUCCESS] http://archive.ambermd.org/202009/0027.html
Saved 2020-Sep-0027
[SUCCESS] http://archive.ambermd.org/202009/0088.html
Saved 2020-Sep-0088
[SUCCESS] http://archive.ambermd.org/202009/0028.html
Saved 2020-Sep-0028
[SUCCESS] http://archive.ambermd.org/202009/0035.html
Saved 2020-Sep-0035
[SUCCESS] http://archive.ambermd.org/202009/0029.html
Saved 2020-Sep-0029
[SUCCESS] http://archive.ambermd.org/202009/0106.html
Saved 2020-Sep-0106
[SUCCESS] http://archive.ambermd.org/202009/0107.html
Saved 2020-Sep-0107
[SUCCESS] http://archive.ambermd.org/202009/0108.html
Saved 2020-Sep-0108
[SUCCESS] http://archive.ambermd.org/202009/0109.html
Saved 2020-Sep-0109
[SUCCESS] http://archive.ambermd.org/202009/0160.html
Saved 2020-Sep-0160
[SUCCESS] http://archive.ambermd.org/202009/0169.html
Saved 2020-Sep-0169
[SUCCESS] http://archive.ambermd.org/202009/0031.html
Saved 2020-Sep-0031
[SUCCESS] http://archive.ambermd.org/202009/0036.html
Saved 2020-Sep-0036
[SUCCESS] http://archive.ambermd.org/202009/0078.html
Saved 2020-Sep-0078
[SUCCESS] http://archive.ambermd.org/202009/0082.html
Saved 2020-Sep-0082
[SUCCESS] http://archive.ambermd.org/202009/0086.html
Saved 2020-Sep-0086
[SUCCESS] http://archive.ambermd.org/202009/0090.html
Saved 2020-Sep-0090
[SUCCESS] http://archive.ambermd.org/202009/0129.html
Saved 2020-Sep-0129
[SUCCESS] http://archive.ambermd.org/202009/0352.html
Saved 2020-Sep-0352
[SUCCESS] http://archive.ambermd.org/202009/0353.html
Saved 2020-Sep-0353
[SUCCESS] http://archive.ambermd.org/202009/0354.html
Saved 2020-Sep-0354
[SUCCESS] http://archive.ambermd.org/202009/0034.html
Saved 2020-Sep-0034
[SUCCESS] http://archive.ambermd.org/202009/0048.html
Saved 2020-Sep-0048
[SUCCESS] http://archive.ambermd.org/202009/0038.html
Saved 2020-Sep-0038
[SUCCESS] http://archive.ambermd.org/202009/0039.html
Saved 2020-Sep-0039
[SUCCESS] http://archive.ambermd.org/202009/0040.html
Saved 2020-Sep-0040
[SUCCESS] http://archive.ambermd.org/202009/0041.html
Saved 2020-Sep-0041
[SUCCESS] http://archive.ambermd.org/202009/0042.html
Saved 2020-Sep-0042
[SUCCESS] http://archive.ambermd.org/202009/0043.html
Saved 2020-Sep-0043
[SUCCESS] http://archive.ambermd.org/202009/0047.html
Saved 2020-Sep-0047
[SUCCESS] http://archive.ambermd.org/202009/0049.html
Saved 2020-Sep-0049
[SUCCESS] http://archive.ambermd.org/202009/0050.html
Saved 2020-Sep-0050
[SUCCESS] http://archive.ambermd.org/202009/0053.html
Saved 2020-Sep-0053
[SUCCESS] http://archive.ambermd.org/202009/0057.html
Saved 2020-Sep-0057
[SUCCESS] http://archive.ambermd.org/202009/0058.html
Saved 2020-Sep-0058
[SUCCESS] http://archive.ambermd.org/202009/0054.html
Saved 2020-Sep-0054
[SUCCESS] http://archive.ambermd.org/202009/0055.html
Saved 2020-Sep-0055
[SUCCESS] http://archive.ambermd.org/202009/0056.html
Saved 2020-Sep-0056
[SUCCESS] http://archive.ambermd.org/202009/0059.html
Saved 2020-Sep-0059
[SUCCESS] http://archive.ambermd.org/202009/0061.html
Saved 2020-Sep-0061
[SUCCESS] http://archive.ambermd.org/202009/0064.html
Saved 2020-Sep-0064
[SUCCESS] http://archive.ambermd.org/202009/0065.html
Saved 2020-Sep-0065
[SUCCESS] http://archive.ambermd.org/202009/0066.html
Saved 2020-Sep-0066
[SUCCESS] http://archive.ambermd.org/202009/0068.html
Saved 2020-Sep-0068
[SUCCESS] http://archive.ambermd.org/202009/0070.html
Saved 2020-Sep-0070
[SUCCESS] http://archive.ambermd.org/202009/0060.html
Saved 2020-Sep-0060
[SUCCESS] http://archive.ambermd.org/202009/0067.html
Saved 2020-Sep-0067
[SUCCESS] http://archive.ambermd.org/202009/0062.html
Saved 2020-Sep-0062
[SUCCESS] http://archive.ambermd.org/202009/0063.html
Saved 2020-Sep-0063
[SUCCESS] http://archive.ambermd.org/202009/0071.html
Saved 2020-Sep-0071
[SUCCESS] http://archive.ambermd.org/202009/0072.html
Saved 2020-Sep-0072
[SUCCESS] http://archive.ambermd.org/202009/0073.html
Saved 2020-Sep-0073
[SUCCESS] http://archive.ambermd.org/202009/0344.html
Saved 2020-Sep-0344
[SUCCESS] http://archive.ambermd.org/202009/0074.html
Saved 2020-Sep-0074
[SUCCESS] http://archive.ambermd.org/202009/0079.html
Saved 2020-Sep-0079
[SUCCESS] http://archive.ambermd.org/202009/0084.html
Saved 2020-Sep-0084
[SUCCESS] http://archive.ambermd.org/202009/0091.html
Saved 2020-Sep-0091
[SUCCESS] http://archive.ambermd.org/202009/0356.html
Saved 2020-Sep-0356
[SUCCESS] http://archive.ambermd.org/202009/0363.html
Saved 2020-Sep-0363
[SUCCESS] http://archive.ambermd.org/202009/0075.html
Saved 2020-Sep-0075
[SUCCESS] http://archive.ambermd.org/202009/0080.html
Saved 2020-Sep-0080
[SUCCESS] http://archive.ambermd.org/202009/0083.html
Saved 2020-Sep-0083
[SUCCESS] http://archive.ambermd.org/202009/0076.html
Saved 2020-Sep-0076
[SUCCESS] http://archive.ambermd.org/202009/0077.html
Saved 2020-Sep-0077
[SUCCESS] http://archive.ambermd.org/202009/0081.html
Saved 2020-Sep-0081
[SUCCESS] http://archive.ambermd.org/202009/0089.html
Saved 2020-Sep-0089
[SUCCESS] http://archive.ambermd.org/202009/0085.html
Saved 2020-Sep-0085
[SUCCESS] http://archive.ambermd.org/202009/0087.html
Saved 2020-Sep-0087
[SUCCESS] http://archive.ambermd.org/202009/0092.html
Saved 2020-Sep-0092
[SUCCESS] http://archive.ambermd.org/202009/0096.html
Saved 2020-Sep-0096
[SUCCESS] http://archive.ambermd.org/202009/0097.html
Saved 2020-Sep-0097
[SUCCESS] http://archive.ambermd.org/202009/0098.html
Saved 2020-Sep-0098
[SUCCESS] http://archive.ambermd.org/202009/0100.html
Saved 2020-Sep-0100
[SUCCESS] http://archive.ambermd.org/202009/0102.html
Saved 2020-Sep-0102
[SUCCESS] http://archive.ambermd.org/202009/0103.html
Saved 2020-Sep-0103
[SUCCESS] http://archive.ambermd.org/202009/0105.html
Saved 2020-Sep-0105
[SUCCESS] http://archive.ambermd.org/202009/0093.html
Saved 2020-Sep-0093
[SUCCESS] http://archive.ambermd.org/202009/0094.html
Saved 2020-Sep-0094
[SUCCESS] http://archive.ambermd.org/202009/0095.html
Saved 2020-Sep-0095
[SUCCESS] http://archive.ambermd.org/202009/0099.html
Saved 2020-Sep-0099
[SUCCESS] http://archive.ambermd.org/202009/0101.html
Saved 2020-Sep-0101
[SUCCESS] http://archive.ambermd.org/202009/0104.html
Saved 2020-Sep-0104
[SUCCESS] http://archive.ambermd.org/202009/0116.html
Saved 2020-Sep-0116
[SUCCESS] http://archive.ambermd.org/202009/0110.html
Saved 2020-Sep-0110
[SUCCESS] http://archive.ambermd.org/202009/0111.html
Saved 2020-Sep-0111
[SUCCESS] http://archive.ambermd.org/202009/0112.html
Saved 2020-Sep-0112
[SUCCESS] http://archive.ambermd.org/202009/0114.html
Saved 2020-Sep-0114
[SUCCESS] http://archive.ambermd.org/202009/0123.html
Saved 2020-Sep-0123
[SUCCESS] http://archive.ambermd.org/202009/0126.html
Saved 2020-Sep-0126
[SUCCESS] http://archive.ambermd.org/202009/0132.html
Saved 2020-Sep-0132
[SUCCESS] http://archive.ambermd.org/202009/0113.html
Saved 2020-Sep-0113
[SUCCESS] http://archive.ambermd.org/202009/0115.html
Saved 2020-Sep-0115
[SUCCESS] http://archive.ambermd.org/202009/0125.html
Saved 2020-Sep-0125
[SUCCESS] http://archive.ambermd.org/202009/0117.html
Saved 2020-Sep-0117
[SUCCESS] http://archive.ambermd.org/202009/0118.html
Saved 2020-Sep-0118
[SUCCESS] http://archive.ambermd.org/202009/0121.html
Saved 2020-Sep-0121
[SUCCESS] http://archive.ambermd.org/202009/0131.html
Saved 2020-Sep-0131
[SUCCESS] http://archive.ambermd.org/202009/0137.html
Saved 2020-Sep-0137
[SUCCESS] http://archive.ambermd.org/202009/0138.html
Saved 2020-Sep-0138
[SUCCESS] http://archive.ambermd.org/202009/0140.html
Saved 2020-Sep-0140
[SUCCESS] http://archive.ambermd.org/202009/0119.html
Saved 2020-Sep-0119
[SUCCESS] http://archive.ambermd.org/202009/0120.html
Saved 2020-Sep-0120
[SUCCESS] http://archive.ambermd.org/202009/0122.html
Saved 2020-Sep-0122
[SUCCESS] http://archive.ambermd.org/202009/0124.html
Saved 2020-Sep-0124
[SUCCESS] http://archive.ambermd.org/202009/0127.html
Saved 2020-Sep-0127
[SUCCESS] http://archive.ambermd.org/202009/0128.html
Saved 2020-Sep-0128
[SUCCESS] http://archive.ambermd.org/202009/0134.html
Saved 2020-Sep-0134
[SUCCESS] http://archive.ambermd.org/202009/0139.html
Saved 2020-Sep-0139
[SUCCESS] http://archive.ambermd.org/202009/0142.html
Saved 2020-Sep-0142
[SUCCESS] http://archive.ambermd.org/202009/0145.html
Saved 2020-Sep-0145
[SUCCESS] http://archive.ambermd.org/202009/0146.html
Saved 2020-Sep-0146
[SUCCESS] http://archive.ambermd.org/202009/0154.html
Saved 2020-Sep-0154
[SUCCESS] http://archive.ambermd.org/202009/0161.html
Saved 2020-Sep-0161
[SUCCESS] http://archive.ambermd.org/202009/0173.html
Saved 2020-Sep-0173
[SUCCESS] http://archive.ambermd.org/202009/0175.html
Saved 2020-Sep-0175
[SUCCESS] http://archive.ambermd.org/202009/0211.html
Saved 2020-Sep-0211
[SUCCESS] http://archive.ambermd.org/202009/0167.html
Saved 2020-Sep-0167
[SUCCESS] http://archive.ambermd.org/202009/0184.html
Saved 2020-Sep-0184
[SUCCESS] http://archive.ambermd.org/202009/0187.html
Saved 2020-Sep-0187
[SUCCESS] http://archive.ambermd.org/202009/0188.html
Saved 2020-Sep-0188
[SUCCESS] http://archive.ambermd.org/202009/0130.html
Saved 2020-Sep-0130
[SUCCESS] http://archive.ambermd.org/202009/0141.html
Saved 2020-Sep-0141
[SUCCESS] http://archive.ambermd.org/202009/0143.html
Saved 2020-Sep-0143
[SUCCESS] http://archive.ambermd.org/202009/0133.html
Saved 2020-Sep-0133
[SUCCESS] http://archive.ambermd.org/202009/0135.html
Saved 2020-Sep-0135
[SUCCESS] http://archive.ambermd.org/202009/0149.html
Saved 2020-Sep-0149
[SUCCESS] http://archive.ambermd.org/202009/0178.html
Saved 2020-Sep-0178
[SUCCESS] http://archive.ambermd.org/202009/0136.html
Saved 2020-Sep-0136
[SUCCESS] http://archive.ambermd.org/202009/0151.html
Saved 2020-Sep-0151
[SUCCESS] http://archive.ambermd.org/202009/0144.html
Saved 2020-Sep-0144
[SUCCESS] http://archive.ambermd.org/202009/0171.html
Saved 2020-Sep-0171
[SUCCESS] http://archive.ambermd.org/202009/0172.html
Saved 2020-Sep-0172
[SUCCESS] http://archive.ambermd.org/202009/0147.html
Saved 2020-Sep-0147
[SUCCESS] http://archive.ambermd.org/202009/0148.html
Saved 2020-Sep-0148
[SUCCESS] http://archive.ambermd.org/202009/0150.html
Saved 2020-Sep-0150
[SUCCESS] http://archive.ambermd.org/202009/0153.html
Saved 2020-Sep-0153
[SUCCESS] http://archive.ambermd.org/202009/0152.html
Saved 2020-Sep-0152
[SUCCESS] http://archive.ambermd.org/202009/0155.html
Saved 2020-Sep-0155
[SUCCESS] http://archive.ambermd.org/202009/0164.html
Saved 2020-Sep-0164
[SUCCESS] http://archive.ambermd.org/202009/0165.html
Saved 2020-Sep-0165
[SUCCESS] http://archive.ambermd.org/202009/0304.html
Saved 2020-Sep-0304
[SUCCESS] http://archive.ambermd.org/202009/0156.html
Saved 2020-Sep-0156
[SUCCESS] http://archive.ambermd.org/202009/0157.html
Saved 2020-Sep-0157
[SUCCESS] http://archive.ambermd.org/202009/0158.html
Saved 2020-Sep-0158
[SUCCESS] http://archive.ambermd.org/202009/0176.html
Saved 2020-Sep-0176
[SUCCESS] http://archive.ambermd.org/202009/0177.html
Saved 2020-Sep-0177
[SUCCESS] http://archive.ambermd.org/202009/0254.html
Saved 2020-Sep-0254
[SUCCESS] http://archive.ambermd.org/202009/0162.html
Saved 2020-Sep-0162
[SUCCESS] http://archive.ambermd.org/202009/0163.html
Saved 2020-Sep-0163
[SUCCESS] http://archive.ambermd.org/202009/0182.html
Saved 2020-Sep-0182
[SUCCESS] http://archive.ambermd.org/202009/0166.html
Saved 2020-Sep-0166
[SUCCESS] http://archive.ambermd.org/202009/0168.html
Saved 2020-Sep-0168
[SUCCESS] http://archive.ambermd.org/202009/0174.html
Saved 2020-Sep-0174
[SUCCESS] http://archive.ambermd.org/202009/0170.html
Saved 2020-Sep-0170
[SUCCESS] http://archive.ambermd.org/202009/0179.html
Saved 2020-Sep-0179
[SUCCESS] http://archive.ambermd.org/202009/0181.html
Saved 2020-Sep-0181
[SUCCESS] http://archive.ambermd.org/202009/0180.html
Saved 2020-Sep-0180
[SUCCESS] http://archive.ambermd.org/202009/0183.html
Saved 2020-Sep-0183
[SUCCESS] http://archive.ambermd.org/202009/0185.html
Saved 2020-Sep-0185
[SUCCESS] http://archive.ambermd.org/202009/0190.html
Saved 2020-Sep-0190
[SUCCESS] http://archive.ambermd.org/202009/0193.html
Saved 2020-Sep-0193
[SUCCESS] http://archive.ambermd.org/202009/0186.html
Saved 2020-Sep-0186
[SUCCESS] http://archive.ambermd.org/202009/0192.html
Saved 2020-Sep-0192
[SUCCESS] http://archive.ambermd.org/202009/0198.html
Saved 2020-Sep-0198
[SUCCESS] http://archive.ambermd.org/202009/0210.html
Saved 2020-Sep-0210
[SUCCESS] http://archive.ambermd.org/202009/0214.html
Saved 2020-Sep-0214
[SUCCESS] http://archive.ambermd.org/202009/0215.html
Saved 2020-Sep-0215
[SUCCESS] http://archive.ambermd.org/202009/0222.html
Saved 2020-Sep-0222
[SUCCESS] http://archive.ambermd.org/202009/0224.html
Saved 2020-Sep-0224
[SUCCESS] http://archive.ambermd.org/202009/0233.html
Saved 2020-Sep-0233
[SUCCESS] http://archive.ambermd.org/202009/0189.html
Saved 2020-Sep-0189
[SUCCESS] http://archive.ambermd.org/202009/0191.html
Saved 2020-Sep-0191
[SUCCESS] http://archive.ambermd.org/202009/0316.html
Saved 2020-Sep-0316
[SUCCESS] http://archive.ambermd.org/202009/0324.html
Saved 2020-Sep-0324
[SUCCESS] http://archive.ambermd.org/202009/0194.html
Saved 2020-Sep-0194
[SUCCESS] http://archive.ambermd.org/202009/0202.html
Saved 2020-Sep-0202
[SUCCESS] http://archive.ambermd.org/202009/0203.html
Saved 2020-Sep-0203
[SUCCESS] http://archive.ambermd.org/202009/0204.html
Saved 2020-Sep-0204
[SUCCESS] http://archive.ambermd.org/202009/0205.html
Saved 2020-Sep-0205
[SUCCESS] http://archive.ambermd.org/202009/0206.html
Saved 2020-Sep-0206
[SUCCESS] http://archive.ambermd.org/202009/0207.html
Saved 2020-Sep-0207
[SUCCESS] http://archive.ambermd.org/202009/0195.html
Saved 2020-Sep-0195
[SUCCESS] http://archive.ambermd.org/202009/0197.html
Saved 2020-Sep-0197
[SUCCESS] http://archive.ambermd.org/202009/0212.html
Saved 2020-Sep-0212
[SUCCESS] http://archive.ambermd.org/202009/0196.html
Saved 2020-Sep-0196
[SUCCESS] http://archive.ambermd.org/202009/0199.html
Saved 2020-Sep-0199
[SUCCESS] http://archive.ambermd.org/202009/0200.html
Saved 2020-Sep-0200
[SUCCESS] http://archive.ambermd.org/202009/0209.html
Saved 2020-Sep-0209
[SUCCESS] http://archive.ambermd.org/202009/0217.html
Saved 2020-Sep-0217
[SUCCESS] http://archive.ambermd.org/202009/0201.html
Saved 2020-Sep-0201
[SUCCESS] http://archive.ambermd.org/202009/0213.html
Saved 2020-Sep-0213
[SUCCESS] http://archive.ambermd.org/202009/0216.html
Saved 2020-Sep-0216
[SUCCESS] http://archive.ambermd.org/202009/0238.html
Saved 2020-Sep-0238
[SUCCESS] http://archive.ambermd.org/202009/0251.html
Saved 2020-Sep-0251
[SUCCESS] http://archive.ambermd.org/202009/0208.html
Saved 2020-Sep-0208
[SUCCESS] http://archive.ambermd.org/202009/0218.html
Saved 2020-Sep-0218
[SUCCESS] http://archive.ambermd.org/202009/0219.html
Saved 2020-Sep-0219
[SUCCESS] http://archive.ambermd.org/202009/0225.html
Saved 2020-Sep-0225
[SUCCESS] http://archive.ambermd.org/202009/0230.html
Saved 2020-Sep-0230
[SUCCESS] http://archive.ambermd.org/202009/0235.html
Saved 2020-Sep-0235
[SUCCESS] http://archive.ambermd.org/202009/0257.html
Saved 2020-Sep-0257
[SUCCESS] http://archive.ambermd.org/202009/0259.html
Saved 2020-Sep-0259
[SUCCESS] http://archive.ambermd.org/202009/0269.html
Saved 2020-Sep-0269
[SUCCESS] http://archive.ambermd.org/202009/0270.html
Saved 2020-Sep-0270
[SUCCESS] http://archive.ambermd.org/202009/0271.html
Saved 2020-Sep-0271
[SUCCESS] http://archive.ambermd.org/202009/0220.html
Saved 2020-Sep-0220
[SUCCESS] http://archive.ambermd.org/202009/0221.html
Saved 2020-Sep-0221
[SUCCESS] http://archive.ambermd.org/202009/0223.html
Saved 2020-Sep-0223
[SUCCESS] http://archive.ambermd.org/202009/0229.html
Saved 2020-Sep-0229
[SUCCESS] http://archive.ambermd.org/202009/0231.html
Saved 2020-Sep-0231
[SUCCESS] http://archive.ambermd.org/202009/0258.html
Saved 2020-Sep-0258
[SUCCESS] http://archive.ambermd.org/202009/0261.html
Saved 2020-Sep-0261
[SUCCESS] http://archive.ambermd.org/202009/0265.html
Saved 2020-Sep-0265
[SUCCESS] http://archive.ambermd.org/202009/0226.html
Saved 2020-Sep-0226
[SUCCESS] http://archive.ambermd.org/202009/0237.html
Saved 2020-Sep-0237
[SUCCESS] http://archive.ambermd.org/202009/0227.html
Saved 2020-Sep-0227
[SUCCESS] http://archive.ambermd.org/202009/0228.html
Saved 2020-Sep-0228
[SUCCESS] http://archive.ambermd.org/202009/0232.html
Saved 2020-Sep-0232
[SUCCESS] http://archive.ambermd.org/202009/0234.html
Saved 2020-Sep-0234
[SUCCESS] http://archive.ambermd.org/202009/0236.html
Saved 2020-Sep-0236
[SUCCESS] http://archive.ambermd.org/202009/0239.html
Saved 2020-Sep-0239
[SUCCESS] http://archive.ambermd.org/202009/0240.html
Saved 2020-Sep-0240
[SUCCESS] http://archive.ambermd.org/202009/0241.html
Saved 2020-Sep-0241
[SUCCESS] http://archive.ambermd.org/202009/0242.html
Saved 2020-Sep-0242
[SUCCESS] http://archive.ambermd.org/202009/0243.html
Saved 2020-Sep-0243
[SUCCESS] http://archive.ambermd.org/202009/0244.html
Saved 2020-Sep-0244
[SUCCESS] http://archive.ambermd.org/202009/0281.html
Saved 2020-Sep-0281
[SUCCESS] http://archive.ambermd.org/202009/0249.html
Saved 2020-Sep-0249
[SUCCESS] http://archive.ambermd.org/202009/0245.html
Saved 2020-Sep-0245
[SUCCESS] http://archive.ambermd.org/202009/0246.html
Saved 2020-Sep-0246
[SUCCESS] http://archive.ambermd.org/202009/0247.html
Saved 2020-Sep-0247
[SUCCESS] http://archive.ambermd.org/202009/0248.html
Saved 2020-Sep-0248
[SUCCESS] http://archive.ambermd.org/202009/0250.html
Saved 2020-Sep-0250
[SUCCESS] http://archive.ambermd.org/202009/0302.html
Saved 2020-Sep-0302
[SUCCESS] http://archive.ambermd.org/202009/0252.html
Saved 2020-Sep-0252
[SUCCESS] http://archive.ambermd.org/202009/0253.html
Saved 2020-Sep-0253
[SUCCESS] http://archive.ambermd.org/202009/0255.html
Saved 2020-Sep-0255
[SUCCESS] http://archive.ambermd.org/202009/0256.html
Saved 2020-Sep-0256
[SUCCESS] http://archive.ambermd.org/202009/0260.html
Saved 2020-Sep-0260
[SUCCESS] http://archive.ambermd.org/202009/0264.html
Saved 2020-Sep-0264
[SUCCESS] http://archive.ambermd.org/202009/0266.html
Saved 2020-Sep-0266
[SUCCESS] http://archive.ambermd.org/202009/0289.html
Saved 2020-Sep-0289
[SUCCESS] http://archive.ambermd.org/202009/0262.html
Saved 2020-Sep-0262
[SUCCESS] http://archive.ambermd.org/202009/0263.html
Saved 2020-Sep-0263
[SUCCESS] http://archive.ambermd.org/202009/0267.html
Saved 2020-Sep-0267
[SUCCESS] http://archive.ambermd.org/202009/0268.html
Saved 2020-Sep-0268
[SUCCESS] http://archive.ambermd.org/202009/0275.html
Saved 2020-Sep-0275
[SUCCESS] http://archive.ambermd.org/202009/0272.html
Saved 2020-Sep-0272
[SUCCESS] http://archive.ambermd.org/202009/0273.html
Saved 2020-Sep-0273
[SUCCESS] http://archive.ambermd.org/202009/0274.html
Saved 2020-Sep-0274
[SUCCESS] http://archive.ambermd.org/202009/0276.html
Saved 2020-Sep-0276
[SUCCESS] http://archive.ambermd.org/202009/0277.html
Saved 2020-Sep-0277
[SUCCESS] http://archive.ambermd.org/202009/0278.html
Saved 2020-Sep-0278
[SUCCESS] http://archive.ambermd.org/202009/0279.html
Saved 2020-Sep-0279
[SUCCESS] http://archive.ambermd.org/202009/0280.html
Saved 2020-Sep-0280
[SUCCESS] http://archive.ambermd.org/202009/0283.html
Saved 2020-Sep-0283
[SUCCESS] http://archive.ambermd.org/202009/0285.html
Saved 2020-Sep-0285
[SUCCESS] http://archive.ambermd.org/202009/0287.html
Saved 2020-Sep-0287
[SUCCESS] http://archive.ambermd.org/202009/0286.html
Saved 2020-Sep-0286
[SUCCESS] http://archive.ambermd.org/202009/0282.html
Saved 2020-Sep-0282
[SUCCESS] http://archive.ambermd.org/202009/0284.html
Saved 2020-Sep-0284
[SUCCESS] http://archive.ambermd.org/202009/0288.html
Saved 2020-Sep-0288
[SUCCESS] http://archive.ambermd.org/202009/0290.html
Saved 2020-Sep-0290
[SUCCESS] http://archive.ambermd.org/202009/0298.html
Saved 2020-Sep-0298
[SUCCESS] http://archive.ambermd.org/202009/0300.html
Saved 2020-Sep-0300
[SUCCESS] http://archive.ambermd.org/202009/0291.html
Saved 2020-Sep-0291
[SUCCESS] http://archive.ambermd.org/202009/0292.html
Saved 2020-Sep-0292
[SUCCESS] http://archive.ambermd.org/202009/0293.html
Saved 2020-Sep-0293
[SUCCESS] http://archive.ambermd.org/202009/0311.html
Saved 2020-Sep-0311
[SUCCESS] http://archive.ambermd.org/202009/0343.html
Saved 2020-Sep-0343
[SUCCESS] http://archive.ambermd.org/202009/0294.html
Saved 2020-Sep-0294
[SUCCESS] http://archive.ambermd.org/202009/0295.html
Saved 2020-Sep-0295
[SUCCESS] http://archive.ambermd.org/202009/0308.html
Saved 2020-Sep-0308
[SUCCESS] http://archive.ambermd.org/202009/0312.html
Saved 2020-Sep-0312
[SUCCESS] http://archive.ambermd.org/202009/0329.html
Saved 2020-Sep-0329
[SUCCESS] http://archive.ambermd.org/202009/0330.html
Saved 2020-Sep-0330
[SUCCESS] http://archive.ambermd.org/202009/0331.html
Saved 2020-Sep-0331
[SUCCESS] http://archive.ambermd.org/202009/0337.html
Saved 2020-Sep-0337
[SUCCESS] http://archive.ambermd.org/202009/0340.html
Saved 2020-Sep-0340
[SUCCESS] http://archive.ambermd.org/202009/0296.html
Saved 2020-Sep-0296
[SUCCESS] http://archive.ambermd.org/202009/0297.html
Saved 2020-Sep-0297
[SUCCESS] http://archive.ambermd.org/202009/0306.html
Saved 2020-Sep-0306
[SUCCESS] http://archive.ambermd.org/202009/0307.html
Saved 2020-Sep-0307
[SUCCESS] http://archive.ambermd.org/202009/0310.html
Saved 2020-Sep-0310
[SUCCESS] http://archive.ambermd.org/202009/0314.html
Saved 2020-Sep-0314
[SUCCESS] http://archive.ambermd.org/202009/0299.html
Saved 2020-Sep-0299
[SUCCESS] http://archive.ambermd.org/202009/0309.html
Saved 2020-Sep-0309
[SUCCESS] http://archive.ambermd.org/202009/0301.html
Saved 2020-Sep-0301
[SUCCESS] http://archive.ambermd.org/202009/0303.html
Saved 2020-Sep-0303
[SUCCESS] http://archive.ambermd.org/202009/0305.html
Saved 2020-Sep-0305
[SUCCESS] http://archive.ambermd.org/202009/0313.html
Saved 2020-Sep-0313
[SUCCESS] http://archive.ambermd.org/202009/0327.html
Saved 2020-Sep-0327
[SUCCESS] http://archive.ambermd.org/202009/0328.html
Saved 2020-Sep-0328
[SUCCESS] http://archive.ambermd.org/202009/0315.html
Saved 2020-Sep-0315
[SUCCESS] http://archive.ambermd.org/202009/0333.html
Saved 2020-Sep-0333
[SUCCESS] http://archive.ambermd.org/202009/0317.html
Saved 2020-Sep-0317
[SUCCESS] http://archive.ambermd.org/202009/0319.html
Saved 2020-Sep-0319
[SUCCESS] http://archive.ambermd.org/202009/0320.html
Saved 2020-Sep-0320
[SUCCESS] http://archive.ambermd.org/202009/0321.html
Saved 2020-Sep-0321
[SUCCESS] http://archive.ambermd.org/202009/0322.html
Saved 2020-Sep-0322
[SUCCESS] http://archive.ambermd.org/202009/0364.html
Saved 2020-Sep-0364
[SUCCESS] http://archive.ambermd.org/202009/0369.html
Saved 2020-Sep-0369
[SKIPPED] 0000 already exists
[SUCCESS] http://archive.ambermd.org/202009/0370.html
Saved 2020-Sep-0370
[SKIPPED] 0005 already exists
[SUCCESS] http://archive.ambermd.org/202009/0373.html
Saved 2020-Sep-0373
[SKIPPED] 0001 already exists
[SUCCESS] http://archive.ambermd.org/202009/0374.html
Saved 2020-Sep-0374
[SKIPPED] 0002 already exists
[SUCCESS] http://archive.ambermd.org/202009/0375.html
Saved 2020-Sep-0375
[SKIPPED] 0004 already exists
[SUCCESS] http://archive.ambermd.org/202009/0377.html
Saved 2020-Sep-0377
[SKIPPED] 0006 already exists
[SUCCESS] http://archive.ambermd.org/202009/0378.html
Saved 2020-Sep-0378
[SKIPPED] 0003 already exists
[SUCCESS] http://archive.ambermd.org/202009/0379.html
Saved 2020-Sep-0379
[SKIPPED] 0007 already exists
[SUCCESS] http://archive.ambermd.org/202009/0381.html
Saved 2020-Sep-0381
[SKIPPED] 0057 already exists
[SUCCESS] http://archive.ambermd.org/202009/0383.html
Saved 2020-Sep-0383
[SKIPPED] 0008 already exists
[SUCCESS] http://archive.ambermd.org/202009/0380.html
Saved 2020-Sep-0380
[SKIPPED] 0055 already exists
[SUCCESS] http://archive.ambermd.org/202009/0318.html
Saved 2020-Sep-0318
[SKIPPED] 0318 already exists
[SUCCESS] http://archive.ambermd.org/202009/0348.html
Saved 2020-Sep-0348
[SKIPPED] 0009 already exists
[SUCCESS] http://archive.ambermd.org/202009/0323.html
Saved 2020-Sep-0323
[SKIPPED] 0010 already exists
[SUCCESS] http://archive.ambermd.org/202009/0325.html
Saved 2020-Sep-0325
[SKIPPED] 0017 already exists
[SUCCESS] http://archive.ambermd.org/202009/0326.html
Saved 2020-Sep-0326
[SKIPPED] 0011 already exists
[SUCCESS] http://archive.ambermd.org/202009/0332.html
Saved 2020-Sep-0332
[SKIPPED] 0012 already exists
[SUCCESS] http://archive.ambermd.org/202009/0334.html
Saved 2020-Sep-0334
[SKIPPED] 0013 already exists
[SUCCESS] http://archive.ambermd.org/202009/0342.html
Saved 2020-Sep-0342
[SKIPPED] 0014 already exists
[SUCCESS] http://archive.ambermd.org/202009/0335.html
Saved 2020-Sep-0335
[SKIPPED] 0019 already exists
[SUCCESS] http://archive.ambermd.org/202009/0336.html
Saved 2020-Sep-0336
[SKIPPED] 0022 already exists
[SUCCESS] http://archive.ambermd.org/202009/0338.html
Saved 2020-Sep-0338
[SKIPPED] 0023 already exists
[SUCCESS] http://archive.ambermd.org/202009/0339.html
Saved 2020-Sep-0339
[SKIPPED] 0035 already exists
[SUCCESS] http://archive.ambermd.org/202009/0341.html
Saved 2020-Sep-0341
[SKIPPED] 0015 already exists
[SUCCESS] http://archive.ambermd.org/202009/0345.html
Saved 2020-Sep-0345
[SKIPPED] 0018 already exists
[SUCCESS] http://archive.ambermd.org/202009/0346.html
Saved 2020-Sep-0346
[SKIPPED] 0016 already exists
[SUCCESS] http://archive.ambermd.org/202009/0347.html
[SKIPPED] 0020 already exists
Saved 2020-Sep-0347
[SUCCESS] http://archive.ambermd.org/202009/0349.html
[SKIPPED] 0021 already exists
Saved 2020-Sep-0349
[SUCCESS] http://archive.ambermd.org/202009/0350.html
[SKIPPED] 0024 already exists
Saved 2020-Sep-0350
[SKIPPED] 0025 already exists
[SUCCESS] http://archive.ambermd.org/202009/0351.html
Saved 2020-Sep-0351
[SUCCESS] http://archive.ambermd.org/202009/0372.html
[SKIPPED] 0026 already exists
Saved 2020-Sep-0372
[SKIPPED] 0027 already exists
[SUCCESS] http://archive.ambermd.org/202009/0392.html
Saved 2020-Sep-0392
[SKIPPED] 0028 already exists
[SUCCESS] http://archive.ambermd.org/202009/0355.html
Saved 2020-Sep-0355
[SKIPPED] 0029 already exists
[SUCCESS] http://archive.ambermd.org/202009/0358.html
Saved 2020-Sep-0358
[SKIPPED] 0054 already exists
[SUCCESS] http://archive.ambermd.org/202009/0359.html
Saved 2020-Sep-0359
[SKIPPED] 0060 already exists
[SUCCESS] http://archive.ambermd.org/202009/0362.html
Saved 2020-Sep-0362
[SKIPPED] 0073 already exists
[SUCCESS] http://archive.ambermd.org/202009/0357.html
Saved 2020-Sep-0357
[SKIPPED] 0030 already exists
[SUCCESS] http://archive.ambermd.org/202009/0360.html
Saved 2020-Sep-0360
[SKIPPED] 0033 already exists
[SUCCESS] http://archive.ambermd.org/202009/0361.html
Saved 2020-Sep-0361
[SKIPPED] 0031 already exists
[SUCCESS] http://archive.ambermd.org/202009/0365.html
Saved 2020-Sep-0365
[SKIPPED] 0034 already exists
[SUCCESS] http://archive.ambermd.org/202009/0366.html
Saved 2020-Sep-0366
[SKIPPED] 0032 already exists
[SUCCESS] http://archive.ambermd.org/202009/0368.html
Saved 2020-Sep-0368
[SKIPPED] 0036 already exists
[SUCCESS] http://archive.ambermd.org/202009/0367.html
Saved 2020-Sep-0367
[SKIPPED] 0040 already exists
[SUCCESS] http://archive.ambermd.org/202009/0376.html
Saved 2020-Sep-0376
[SKIPPED] 0037 already exists
[SUCCESS] http://archive.ambermd.org/202009/0382.html
Saved 2020-Sep-0382
[SKIPPED] 0038 already exists
[SUCCESS] http://archive.ambermd.org/202009/0371.html
Saved 2020-Sep-0371
[SKIPPED] 0039 already exists
[SUCCESS] http://archive.ambermd.org/202009/0384.html
Saved 2020-Sep-0384
[SKIPPED] 0046 already exists
[SUCCESS] http://archive.ambermd.org/202009/0385.html
Saved 2020-Sep-0385
[SKIPPED] 0041 already exists
[SUCCESS] http://archive.ambermd.org/202009/0386.html
Saved 2020-Sep-0386
[SKIPPED] 0042 already exists
[SUCCESS] http://archive.ambermd.org/202009/0389.html
Saved 2020-Sep-0389
[SKIPPED] 0043 already exists
[SUCCESS] http://archive.ambermd.org/202009/0390.html
Saved 2020-Sep-0390
[SKIPPED] 0044 already exists
[SUCCESS] http://archive.ambermd.org/202009/0391.html
Saved 2020-Sep-0391
[SKIPPED] 0045 already exists
[SUCCESS] http://archive.ambermd.org/202009/0393.html
Saved 2020-Sep-0393
[SKIPPED] 0048 already exists
[SUCCESS] http://archive.ambermd.org/202009/0387.html
Saved 2020-Sep-0387
[SKIPPED] 0050 already exists
[SUCCESS] http://archive.ambermd.org/202009/0388.html
Saved 2020-Sep-0388
[SKIPPED] 0051 already exists
[SUCCESS] http://archive.ambermd.org/202009/0396.html
Saved 2020-Sep-0396
[SKIPPED] 0052 already exists
[SUCCESS] http://archive.ambermd.org/202009/0397.html
Saved 2020-Sep-0397
[SKIPPED] 0047 already exists
[SUCCESS] http://archive.ambermd.org/202009/0394.html
Saved 2020-Sep-0394
[SKIPPED] 0049 already exists
[SUCCESS] http://archive.ambermd.org/202009/0395.html
Saved 2020-Sep-0395
[SKIPPED] 0070 already exists
Processing 2020 Oct → http://archive.ambermd.org/202010/
[SUCCESS] http://archive.ambermd.org/202010/
[SKIPPED] 0053 already exists
[SUCCESS] http://archive.ambermd.org/202010/0000.html
Saved 2020-Oct-0000
[SKIPPED] 0062 already exists
[SUCCESS] http://archive.ambermd.org/202010/0001.html
Saved 2020-Oct-0001
[SKIPPED] 0080 already exists
[SUCCESS] http://archive.ambermd.org/202010/0002.html
Saved 2020-Oct-0002
[SKIPPED] 0056 already exists
[SUCCESS] http://archive.ambermd.org/202010/0003.html
Saved 2020-Oct-0003
[SKIPPED] 0058 already exists
[SUCCESS] http://archive.ambermd.org/202010/0014.html
Saved 2020-Oct-0014
[SKIPPED] 0109 already exists
[SUCCESS] http://archive.ambermd.org/202010/0039.html
Saved 2020-Oct-0039
[SKIPPED] 0059 already exists
[SUCCESS] http://archive.ambermd.org/202010/0004.html
Saved 2020-Oct-0004
[SKIPPED] 0061 already exists
[SUCCESS] http://archive.ambermd.org/202010/0005.html
Saved 2020-Oct-0005
[SKIPPED] 0063 already exists
[SUCCESS] http://archive.ambermd.org/202010/0009.html
Saved 2020-Oct-0009
[SKIPPED] 0064 already exists
[SUCCESS] http://archive.ambermd.org/202010/0006.html
Saved 2020-Oct-0006
[SKIPPED] 0065 already exists
[SUCCESS] http://archive.ambermd.org/202010/0010.html
Saved 2020-Oct-0010
[SKIPPED] 0075 already exists
[SUCCESS] http://archive.ambermd.org/202010/0013.html
Saved 2020-Oct-0013
[SKIPPED] 0079 already exists
[SUCCESS] http://archive.ambermd.org/202010/0025.html
Saved 2020-Oct-0025
[SKIPPED] 0074 already exists
[SUCCESS] http://archive.ambermd.org/202010/0007.html
Saved 2020-Oct-0007
[SKIPPED] 0066 already exists
[SUCCESS] http://archive.ambermd.org/202010/0008.html
Saved 2020-Oct-0008
[SKIPPED] 0067 already exists
[SUCCESS] http://archive.ambermd.org/202010/0024.html
Saved 2020-Oct-0024
[SKIPPED] 0069 already exists
[SUCCESS] http://archive.ambermd.org/202010/0011.html
Saved 2020-Oct-0011
[SKIPPED] 0072 already exists
[SUCCESS] http://archive.ambermd.org/202010/0018.html
Saved 2020-Oct-0018
[SKIPPED] 0098 already exists
[SUCCESS] http://archive.ambermd.org/202010/0012.html
Saved 2020-Oct-0012
[SKIPPED] 0117 already exists
[SUCCESS] http://archive.ambermd.org/202010/0017.html
Saved 2020-Oct-0017
[SKIPPED] 0068 already exists
[SUCCESS] http://archive.ambermd.org/202010/0066.html
Saved 2020-Oct-0066
[SKIPPED] 0071 already exists
[SUCCESS] http://archive.ambermd.org/202010/0015.html
Saved 2020-Oct-0015
[SKIPPED] 0076 already exists
[SUCCESS] http://archive.ambermd.org/202010/0026.html
Saved 2020-Oct-0026
[SKIPPED] 0077 already exists
[SUCCESS] http://archive.ambermd.org/202010/0033.html
Saved 2020-Oct-0033
[SKIPPED] 0078 already exists
[SUCCESS] http://archive.ambermd.org/202010/0016.html
Saved 2020-Oct-0016
[SKIPPED] 0082 already exists
[SUCCESS] http://archive.ambermd.org/202010/0019.html
Saved 2020-Oct-0019
[SKIPPED] 0081 already exists
[SUCCESS] http://archive.ambermd.org/202010/0020.html
Saved 2020-Oct-0020
[SKIPPED] 0083 already exists
[SUCCESS] http://archive.ambermd.org/202010/0027.html
Saved 2020-Oct-0027
[SKIPPED] 0084 already exists
[SUCCESS] http://archive.ambermd.org/202010/0028.html
Saved 2020-Oct-0028
[SKIPPED] 0088 already exists
[SUCCESS] http://archive.ambermd.org/202010/0051.html
Saved 2020-Oct-0051
[SKIPPED] 0094 already exists
[SUCCESS] http://archive.ambermd.org/202010/0054.html
Saved 2020-Oct-0054
[SKIPPED] 0108 already exists
[SUCCESS] http://archive.ambermd.org/202010/0077.html
Saved 2020-Oct-0077
[SKIPPED] 0111 already exists
[SUCCESS] http://archive.ambermd.org/202010/0055.html
Saved 2020-Oct-0055
[SKIPPED] 0085 already exists
[SUCCESS] http://archive.ambermd.org/202010/0078.html
Saved 2020-Oct-0078
[SKIPPED] 0086 already exists
[SUCCESS] http://archive.ambermd.org/202010/0079.html
Saved 2020-Oct-0079
[SKIPPED] 0089 already exists
[SKIPPED] 0139 already exists
[SUCCESS] http://archive.ambermd.org/202010/0095.html
Saved 2020-Oct-0095
[SKIPPED] 0140 already exists
[SUCCESS] http://archive.ambermd.org/202010/0122.html
Saved 2020-Oct-0122
[SKIPPED] 0087 already exists
[SUCCESS] http://archive.ambermd.org/202010/0021.html
Saved 2020-Oct-0021
[SKIPPED] 0097 already exists
[SUCCESS] http://archive.ambermd.org/202010/0030.html
Saved 2020-Oct-0030
[SKIPPED] 0090 already exists
[SUCCESS] http://archive.ambermd.org/202010/0044.html
Saved 2020-Oct-0044
[SKIPPED] 0091 already exists
[SUCCESS] http://archive.ambermd.org/202010/0022.html
Saved 2020-Oct-0022
[SKIPPED] 0092 already exists
[SUCCESS] http://archive.ambermd.org/202010/0023.html
Saved 2020-Oct-0023
[SKIPPED] 0093 already exists
[SUCCESS] http://archive.ambermd.org/202010/0029.html
Saved 2020-Oct-0029
[SKIPPED] 0095 already exists
[SUCCESS] http://archive.ambermd.org/202010/0031.html
Saved 2020-Oct-0031
[SKIPPED] 0096 already exists
[SUCCESS] http://archive.ambermd.org/202010/0032.html
Saved 2020-Oct-0032
[SKIPPED] 0099 already exists
[SUCCESS] http://archive.ambermd.org/202010/0036.html
Saved 2020-Oct-0036
[SKIPPED] 0107 already exists
[SUCCESS] http://archive.ambermd.org/202010/0037.html
Saved 2020-Oct-0037
[SKIPPED] 0112 already exists
[SUCCESS] http://archive.ambermd.org/202010/0112.html
[SKIPPED] 0100 already exists
Saved 2020-Oct-0112
[SKIPPED] 0114 already exists
[SUCCESS] http://archive.ambermd.org/202010/0117.html
Saved 2020-Oct-0117
[SKIPPED] 0101 already exists
[SUCCESS] http://archive.ambermd.org/202010/0127.html
Saved 2020-Oct-0127
[SKIPPED] 0102 already exists
[SUCCESS] http://archive.ambermd.org/202010/0034.html
Saved 2020-Oct-0034
[SKIPPED] 0103 already exists
[SUCCESS] http://archive.ambermd.org/202010/0035.html
Saved 2020-Oct-0035
2025-09-25 17:47:33,328 [INFO] Processing 2020-01
2025-09-25 17:48:00,805 [INFO] Processing 2020-02
2025-09-25 17:48:25,804 [INFO] Processing 2020-03
2025-09-25 17:48:53,311 [INFO] Processing 2020-04
2025-09-25 17:49:24,102 [INFO] Processing 2020-05
2025-09-25 17:49:53,087 [INFO] Processing 2020-06
2025-09-25 17:50:24,157 [INFO] Processing 2020-07
2025-09-25 17:50:54,567 [INFO] Processing 2020-08
2025-09-25 17:51:15,809 [WARNING] Error fetching http://archive.ambermd.org/202008/0118.html: HTTPConnectionPool(host='archive.ambermd.org', port=80): Read timed out. (read timeout=10), retry 1
2025-09-25 17:51:28,698 [INFO] Processing 2020-09
2025-09-25 17:52:00,892 [INFO] Processing 2020-10
