[2025-11-19T06:34:05.369+0000] {local_task_job_runner.py:123} INFO - ::group::Pre task execution logs
[2025-11-19T06:34:05.377+0000] {taskinstance.py:2612} INFO - Dependencies all met for dep_context=non-requeueable deps ti=<TaskInstance: AMBER_Daily_Scraping.web_scrape manual__2025-11-19T05:38:28.422399+00:00 [queued]>
[2025-11-19T06:34:05.382+0000] {taskinstance.py:2612} INFO - Dependencies all met for dep_context=requeueable deps ti=<TaskInstance: AMBER_Daily_Scraping.web_scrape manual__2025-11-19T05:38:28.422399+00:00 [queued]>
[2025-11-19T06:34:05.384+0000] {taskinstance.py:2865} INFO - Starting attempt 1 of 3
[2025-11-19T06:34:05.411+0000] {taskinstance.py:2888} INFO - Executing <Task(BashOperator): web_scrape> on 2025-11-19 05:38:28.422399+00:00
[2025-11-19T06:34:05.415+0000] {standard_task_runner.py:72} INFO - Started process 308 to run task
[2025-11-19T06:34:05.418+0000] {standard_task_runner.py:104} INFO - Running: ['airflow', 'tasks', 'run', 'AMBER_Daily_Scraping', 'web_scrape', 'manual__2025-11-19T05:38:28.422399+00:00', '--job-id', '44', '--raw', '--subdir', 'DAGS_FOLDER/AMBER_Daily_Scraping.py', '--cfg-path', '/tmp/tmparb0ghgh']
[2025-11-19T06:34:05.420+0000] {standard_task_runner.py:105} INFO - Job 44: Subtask web_scrape
[2025-11-19T06:34:05.469+0000] {task_command.py:467} INFO - Running <TaskInstance: AMBER_Daily_Scraping.web_scrape manual__2025-11-19T05:38:28.422399+00:00 [running]> on host d6d6ebac0da2
[2025-11-19T06:34:05.548+0000] {taskinstance.py:3131} INFO - Exporting env vars: AIRFLOW_CTX_DAG_OWNER='data' AIRFLOW_CTX_DAG_ID='AMBER_Daily_Scraping' AIRFLOW_CTX_TASK_ID='web_scrape' AIRFLOW_CTX_EXECUTION_DATE='2025-11-19T05:38:28.422399+00:00' AIRFLOW_CTX_TRY_NUMBER='1' AIRFLOW_CTX_DAG_RUN_ID='manual__2025-11-19T05:38:28.422399+00:00'
[2025-11-19T06:34:05.549+0000] {taskinstance.py:731} INFO - ::endgroup::
[2025-11-19T06:34:05.562+0000] {subprocess.py:63} INFO - Tmp dir root location: /tmp
[2025-11-19T06:34:05.563+0000] {subprocess.py:75} INFO - Running command: ['/usr/bin/bash', '-c', 'cd /opt/airflow/dags/scripts && python AMBER_WEB_Scraping.py']
[2025-11-19T06:34:05.570+0000] {subprocess.py:86} INFO - Output:
[2025-11-19T06:34:53.317+0000] {subprocess.py:93} INFO - Populating Messages...
[2025-11-19T06:34:53.318+0000] {subprocess.py:93} INFO - Success!
[2025-11-19T06:34:53.318+0000] {subprocess.py:93} INFO - Populating Clean Data...
[2025-11-19T06:34:53.319+0000] {subprocess.py:93} INFO - Working on 2020 Jan ...
[2025-11-19T06:34:53.319+0000] {subprocess.py:93} INFO - Added 2020: Jan
[2025-11-19T06:34:53.320+0000] {subprocess.py:93} INFO - Added amber-202001-0000
[2025-11-19T06:34:53.320+0000] {subprocess.py:93} INFO - Added amber-202001-0005
[2025-11-19T06:34:53.320+0000] {subprocess.py:93} INFO - Added amber-202001-0001
[2025-11-19T06:34:53.320+0000] {subprocess.py:93} INFO - Added amber-202001-0002
[2025-11-19T06:34:53.321+0000] {subprocess.py:93} INFO - Added amber-202001-0004
[2025-11-19T06:34:53.321+0000] {subprocess.py:93} INFO - Added amber-202001-0006
[2025-11-19T06:34:53.321+0000] {subprocess.py:93} INFO - Added amber-202001-0003
[2025-11-19T06:34:53.322+0000] {subprocess.py:93} INFO - Added amber-202001-0007
[2025-11-19T06:34:53.322+0000] {subprocess.py:93} INFO - Added amber-202001-0057
[2025-11-19T06:34:53.322+0000] {subprocess.py:93} INFO - Added amber-202001-0008
[2025-11-19T06:34:53.322+0000] {subprocess.py:93} INFO - Added amber-202001-0055
[2025-11-19T06:34:53.323+0000] {subprocess.py:93} INFO - Added amber-202001-0318
[2025-11-19T06:34:53.323+0000] {subprocess.py:93} INFO - Added amber-202001-0009
[2025-11-19T06:34:53.323+0000] {subprocess.py:93} INFO - Added amber-202001-0010
[2025-11-19T06:34:53.323+0000] {subprocess.py:93} INFO - Added amber-202001-0017
[2025-11-19T06:34:53.324+0000] {subprocess.py:93} INFO - Added amber-202001-0011
[2025-11-19T06:34:53.324+0000] {subprocess.py:93} INFO - Added amber-202001-0012
[2025-11-19T06:34:53.324+0000] {subprocess.py:93} INFO - Added amber-202001-0013
[2025-11-19T06:34:53.325+0000] {subprocess.py:93} INFO - Added amber-202001-0014
[2025-11-19T06:34:53.325+0000] {subprocess.py:93} INFO - Added amber-202001-0019
[2025-11-19T06:34:53.325+0000] {subprocess.py:93} INFO - Added amber-202001-0022
[2025-11-19T06:34:53.325+0000] {subprocess.py:93} INFO - Added amber-202001-0023
[2025-11-19T06:34:53.326+0000] {subprocess.py:93} INFO - Added amber-202001-0035
[2025-11-19T06:34:53.326+0000] {subprocess.py:93} INFO - Added amber-202001-0015
[2025-11-19T06:34:53.326+0000] {subprocess.py:93} INFO - Added amber-202001-0018
[2025-11-19T06:34:53.326+0000] {subprocess.py:93} INFO - Added amber-202001-0016
[2025-11-19T06:34:53.327+0000] {subprocess.py:93} INFO - Added amber-202001-0020
[2025-11-19T06:34:53.327+0000] {subprocess.py:93} INFO - Added amber-202001-0021
[2025-11-19T06:34:53.327+0000] {subprocess.py:93} INFO - Added amber-202001-0024
[2025-11-19T06:34:53.327+0000] {subprocess.py:93} INFO - Added amber-202001-0025
[2025-11-19T06:34:53.328+0000] {subprocess.py:93} INFO - Added amber-202001-0026
[2025-11-19T06:34:53.328+0000] {subprocess.py:93} INFO - Added amber-202001-0027
[2025-11-19T06:34:53.328+0000] {subprocess.py:93} INFO - Added amber-202001-0028
[2025-11-19T06:34:53.328+0000] {subprocess.py:93} INFO - Added amber-202001-0029
[2025-11-19T06:34:53.328+0000] {subprocess.py:93} INFO - Added amber-202001-0054
[2025-11-19T06:34:53.329+0000] {subprocess.py:93} INFO - Added amber-202001-0060
[2025-11-19T06:34:53.329+0000] {subprocess.py:93} INFO - Added amber-202001-0073
[2025-11-19T06:34:53.329+0000] {subprocess.py:93} INFO - Added amber-202001-0030
[2025-11-19T06:34:53.329+0000] {subprocess.py:93} INFO - Added amber-202001-0033
[2025-11-19T06:34:53.329+0000] {subprocess.py:93} INFO - Added amber-202001-0031
[2025-11-19T06:34:53.330+0000] {subprocess.py:93} INFO - Added amber-202001-0034
[2025-11-19T06:34:53.330+0000] {subprocess.py:93} INFO - Added amber-202001-0032
[2025-11-19T06:34:53.330+0000] {subprocess.py:93} INFO - Added amber-202001-0036
[2025-11-19T06:34:53.330+0000] {subprocess.py:93} INFO - Added amber-202001-0040
[2025-11-19T06:34:53.330+0000] {subprocess.py:93} INFO - Added amber-202001-0037
[2025-11-19T06:34:53.330+0000] {subprocess.py:93} INFO - Added amber-202001-0038
[2025-11-19T06:34:53.331+0000] {subprocess.py:93} INFO - Added amber-202001-0039
[2025-11-19T06:34:53.331+0000] {subprocess.py:93} INFO - Added amber-202001-0046
[2025-11-19T06:34:53.331+0000] {subprocess.py:93} INFO - Added amber-202001-0041
[2025-11-19T06:34:53.331+0000] {subprocess.py:93} INFO - Added amber-202001-0042
[2025-11-19T06:34:53.331+0000] {subprocess.py:93} INFO - Added amber-202001-0043
[2025-11-19T06:34:53.331+0000] {subprocess.py:93} INFO - Added amber-202001-0044
[2025-11-19T06:34:53.332+0000] {subprocess.py:93} INFO - Added amber-202001-0045
[2025-11-19T06:34:53.332+0000] {subprocess.py:93} INFO - Added amber-202001-0048
[2025-11-19T06:34:53.332+0000] {subprocess.py:93} INFO - Added amber-202001-0050
[2025-11-19T06:34:53.332+0000] {subprocess.py:93} INFO - Added amber-202001-0051
[2025-11-19T06:34:53.332+0000] {subprocess.py:93} INFO - Added amber-202001-0052
[2025-11-19T06:34:53.333+0000] {subprocess.py:93} INFO - Added amber-202001-0047
[2025-11-19T06:34:53.333+0000] {subprocess.py:93} INFO - Added amber-202001-0049
[2025-11-19T06:34:53.333+0000] {subprocess.py:93} INFO - Added amber-202001-0070
[2025-11-19T06:34:53.333+0000] {subprocess.py:93} INFO - Added amber-202001-0053
[2025-11-19T06:34:53.333+0000] {subprocess.py:93} INFO - Added amber-202001-0062
[2025-11-19T06:34:53.334+0000] {subprocess.py:93} INFO - Added amber-202001-0080
[2025-11-19T06:34:53.334+0000] {subprocess.py:93} INFO - Added amber-202001-0056
[2025-11-19T06:34:53.334+0000] {subprocess.py:93} INFO - Added amber-202001-0058
[2025-11-19T06:34:53.334+0000] {subprocess.py:93} INFO - Added amber-202001-0109
[2025-11-19T06:34:53.334+0000] {subprocess.py:93} INFO - Added amber-202001-0059
[2025-11-19T06:34:53.334+0000] {subprocess.py:93} INFO - Added amber-202001-0061
[2025-11-19T06:34:53.335+0000] {subprocess.py:93} INFO - Added amber-202001-0063
[2025-11-19T06:34:53.335+0000] {subprocess.py:93} INFO - Added amber-202001-0064
[2025-11-19T06:34:53.335+0000] {subprocess.py:93} INFO - Added amber-202001-0065
[2025-11-19T06:34:53.335+0000] {subprocess.py:93} INFO - Added amber-202001-0075
[2025-11-19T06:34:53.335+0000] {subprocess.py:93} INFO - Added amber-202001-0079
[2025-11-19T06:34:53.335+0000] {subprocess.py:93} INFO - Added amber-202001-0074
[2025-11-19T06:34:53.336+0000] {subprocess.py:93} INFO - Added amber-202001-0066
[2025-11-19T06:34:53.336+0000] {subprocess.py:93} INFO - Added amber-202001-0067
[2025-11-19T06:34:53.336+0000] {subprocess.py:93} INFO - Added amber-202001-0069
[2025-11-19T06:34:53.336+0000] {subprocess.py:93} INFO - Added amber-202001-0072
[2025-11-19T06:34:53.337+0000] {subprocess.py:93} INFO - Added amber-202001-0098
[2025-11-19T06:34:53.337+0000] {subprocess.py:93} INFO - Added amber-202001-0117
[2025-11-19T06:34:53.337+0000] {subprocess.py:93} INFO - Added amber-202001-0068
[2025-11-19T06:34:53.337+0000] {subprocess.py:93} INFO - Added amber-202001-0071
[2025-11-19T06:34:53.337+0000] {subprocess.py:93} INFO - Added amber-202001-0076
[2025-11-19T06:34:53.337+0000] {subprocess.py:93} INFO - Added amber-202001-0077
[2025-11-19T06:34:53.338+0000] {subprocess.py:93} INFO - Added amber-202001-0078
[2025-11-19T06:34:53.338+0000] {subprocess.py:93} INFO - Added amber-202001-0082
[2025-11-19T06:34:53.338+0000] {subprocess.py:93} INFO - Added amber-202001-0081
[2025-11-19T06:34:53.338+0000] {subprocess.py:93} INFO - Added amber-202001-0083
[2025-11-19T06:34:53.338+0000] {subprocess.py:93} INFO - Added amber-202001-0084
[2025-11-19T06:34:53.338+0000] {subprocess.py:93} INFO - Added amber-202001-0088
[2025-11-19T06:34:53.339+0000] {subprocess.py:93} INFO - Added amber-202001-0094
[2025-11-19T06:34:53.339+0000] {subprocess.py:93} INFO - Added amber-202001-0108
[2025-11-19T06:34:53.339+0000] {subprocess.py:93} INFO - Added amber-202001-0111
[2025-11-19T06:34:53.339+0000] {subprocess.py:93} INFO - Added amber-202001-0085
[2025-11-19T06:34:53.339+0000] {subprocess.py:93} INFO - Added amber-202001-0086
[2025-11-19T06:34:53.340+0000] {subprocess.py:93} INFO - Added amber-202001-0089
[2025-11-19T06:34:53.340+0000] {subprocess.py:93} INFO - Added amber-202001-0139
[2025-11-19T06:34:53.340+0000] {subprocess.py:93} INFO - Added amber-202001-0140
[2025-11-19T06:34:53.340+0000] {subprocess.py:93} INFO - Added amber-202001-0087
[2025-11-19T06:34:53.340+0000] {subprocess.py:93} INFO - Added amber-202001-0097
[2025-11-19T06:34:53.340+0000] {subprocess.py:93} INFO - Added amber-202001-0090
[2025-11-19T06:34:53.341+0000] {subprocess.py:93} INFO - Added amber-202001-0091
[2025-11-19T06:34:53.341+0000] {subprocess.py:93} INFO - Added amber-202001-0092
[2025-11-19T06:34:53.341+0000] {subprocess.py:93} INFO - Added amber-202001-0093
[2025-11-19T06:34:53.341+0000] {subprocess.py:93} INFO - Added amber-202001-0095
[2025-11-19T06:34:53.341+0000] {subprocess.py:93} INFO - Added amber-202001-0096
[2025-11-19T06:34:53.342+0000] {subprocess.py:93} INFO - Added amber-202001-0099
[2025-11-19T06:34:53.342+0000] {subprocess.py:93} INFO - Added amber-202001-0107
[2025-11-19T06:34:53.342+0000] {subprocess.py:93} INFO - Added amber-202001-0112
[2025-11-19T06:34:53.342+0000] {subprocess.py:93} INFO - Added amber-202001-0100
[2025-11-19T06:34:53.342+0000] {subprocess.py:93} INFO - Added amber-202001-0114
[2025-11-19T06:34:53.342+0000] {subprocess.py:93} INFO - Added amber-202001-0101
[2025-11-19T06:34:53.343+0000] {subprocess.py:93} INFO - Added amber-202001-0102
[2025-11-19T06:34:53.343+0000] {subprocess.py:93} INFO - Added amber-202001-0103
[2025-11-19T06:34:53.343+0000] {subprocess.py:93} INFO - Added amber-202001-0104
[2025-11-19T06:34:53.343+0000] {subprocess.py:93} INFO - Added amber-202001-0105
[2025-11-19T06:34:53.343+0000] {subprocess.py:93} INFO - Added amber-202001-0106
[2025-11-19T06:34:53.343+0000] {subprocess.py:93} INFO - Added amber-202001-0110
[2025-11-19T06:34:53.344+0000] {subprocess.py:93} INFO - Added amber-202001-0124
[2025-11-19T06:34:53.344+0000] {subprocess.py:93} INFO - Added amber-202001-0125
[2025-11-19T06:34:53.344+0000] {subprocess.py:93} INFO - Added amber-202001-0126
[2025-11-19T06:34:53.344+0000] {subprocess.py:93} INFO - Added amber-202001-0113
[2025-11-19T06:34:53.344+0000] {subprocess.py:93} INFO - Added amber-202001-0119
[2025-11-19T06:34:53.345+0000] {subprocess.py:93} INFO - Added amber-202001-0115
[2025-11-19T06:34:53.345+0000] {subprocess.py:93} INFO - Added amber-202001-0116
[2025-11-19T06:34:53.345+0000] {subprocess.py:93} INFO - Added amber-202001-0120
[2025-11-19T06:34:53.345+0000] {subprocess.py:93} INFO - Added amber-202001-0118
[2025-11-19T06:34:53.345+0000] {subprocess.py:93} INFO - Added amber-202001-0121
[2025-11-19T06:34:53.345+0000] {subprocess.py:93} INFO - Added amber-202001-0122
[2025-11-19T06:34:53.346+0000] {subprocess.py:93} INFO - Added amber-202001-0123
[2025-11-19T06:34:53.346+0000] {subprocess.py:93} INFO - Added amber-202001-0143
[2025-11-19T06:34:53.346+0000] {subprocess.py:93} INFO - Added amber-202001-0144
[2025-11-19T06:34:53.346+0000] {subprocess.py:93} INFO - Added amber-202001-0154
[2025-11-19T06:34:53.346+0000] {subprocess.py:93} INFO - Added amber-202001-0155
[2025-11-19T06:34:53.346+0000] {subprocess.py:93} INFO - Added amber-202001-0127
[2025-11-19T06:34:53.347+0000] {subprocess.py:93} INFO - Added amber-202001-0128
[2025-11-19T06:34:53.347+0000] {subprocess.py:93} INFO - Added amber-202001-0129
[2025-11-19T06:34:53.347+0000] {subprocess.py:93} INFO - Added amber-202001-0137
[2025-11-19T06:34:53.347+0000] {subprocess.py:93} INFO - Added amber-202001-0138
[2025-11-19T06:34:53.347+0000] {subprocess.py:93} INFO - Added amber-202001-0130
[2025-11-19T06:34:53.347+0000] {subprocess.py:93} INFO - Added amber-202001-0177
[2025-11-19T06:34:53.348+0000] {subprocess.py:93} INFO - Added amber-202001-0131
[2025-11-19T06:34:53.348+0000] {subprocess.py:93} INFO - Added amber-202001-0134
[2025-11-19T06:34:53.348+0000] {subprocess.py:93} INFO - Added amber-202001-0136
[2025-11-19T06:34:53.348+0000] {subprocess.py:93} INFO - Added amber-202001-0146
[2025-11-19T06:34:53.348+0000] {subprocess.py:93} INFO - Added amber-202001-0135
[2025-11-19T06:34:53.349+0000] {subprocess.py:93} INFO - Added amber-202001-0132
[2025-11-19T06:34:53.349+0000] {subprocess.py:93} INFO - Added amber-202001-0142
[2025-11-19T06:34:53.349+0000] {subprocess.py:93} INFO - Added amber-202001-0133
[2025-11-19T06:34:53.349+0000] {subprocess.py:93} INFO - Added amber-202001-0141
[2025-11-19T06:34:53.349+0000] {subprocess.py:93} INFO - Added amber-202001-0145
[2025-11-19T06:34:53.349+0000] {subprocess.py:93} INFO - Added amber-202001-0147
[2025-11-19T06:34:53.350+0000] {subprocess.py:93} INFO - Added amber-202001-0148
[2025-11-19T06:34:53.350+0000] {subprocess.py:93} INFO - Added amber-202001-0150
[2025-11-19T06:34:53.350+0000] {subprocess.py:93} INFO - Added amber-202001-0149
[2025-11-19T06:34:53.350+0000] {subprocess.py:93} INFO - Added amber-202001-0151
[2025-11-19T06:34:53.350+0000] {subprocess.py:93} INFO - Added amber-202001-0152
[2025-11-19T06:34:53.350+0000] {subprocess.py:93} INFO - Added amber-202001-0153
[2025-11-19T06:34:53.351+0000] {subprocess.py:93} INFO - Added amber-202001-0156
[2025-11-19T06:34:53.351+0000] {subprocess.py:93} INFO - Added amber-202001-0157
[2025-11-19T06:34:53.351+0000] {subprocess.py:93} INFO - Added amber-202001-0159
[2025-11-19T06:34:53.351+0000] {subprocess.py:93} INFO - Added amber-202001-0192
[2025-11-19T06:34:53.351+0000] {subprocess.py:93} INFO - Added amber-202001-0193
[2025-11-19T06:34:53.352+0000] {subprocess.py:93} INFO - Added amber-202001-0194
[2025-11-19T06:34:53.352+0000] {subprocess.py:93} INFO - Added amber-202001-0196
[2025-11-19T06:34:53.352+0000] {subprocess.py:93} INFO - Added amber-202001-0200
[2025-11-19T06:34:53.352+0000] {subprocess.py:93} INFO - Added amber-202001-0201
[2025-11-19T06:34:53.352+0000] {subprocess.py:93} INFO - Added amber-202001-0158
[2025-11-19T06:34:53.353+0000] {subprocess.py:93} INFO - Added amber-202001-0160
[2025-11-19T06:34:53.353+0000] {subprocess.py:93} INFO - Added amber-202001-0163
[2025-11-19T06:34:53.353+0000] {subprocess.py:93} INFO - Added amber-202001-0164
[2025-11-19T06:34:53.353+0000] {subprocess.py:93} INFO - Added amber-202001-0165
[2025-11-19T06:34:53.353+0000] {subprocess.py:93} INFO - Added amber-202001-0166
[2025-11-19T06:34:53.353+0000] {subprocess.py:93} INFO - Added amber-202001-0168
[2025-11-19T06:34:53.354+0000] {subprocess.py:93} INFO - Added amber-202001-0174
[2025-11-19T06:34:53.354+0000] {subprocess.py:93} INFO - Added amber-202001-0197
[2025-11-19T06:34:53.354+0000] {subprocess.py:93} INFO - Added amber-202001-0198
[2025-11-19T06:34:53.354+0000] {subprocess.py:93} INFO - Added amber-202001-0199
[2025-11-19T06:34:53.354+0000] {subprocess.py:93} INFO - Added amber-202001-0161
[2025-11-19T06:34:53.354+0000] {subprocess.py:93} INFO - Added amber-202001-0171
[2025-11-19T06:34:53.355+0000] {subprocess.py:93} INFO - Added amber-202001-0162
[2025-11-19T06:34:53.355+0000] {subprocess.py:93} INFO - Added amber-202001-0215
[2025-11-19T06:34:53.355+0000] {subprocess.py:93} INFO - Added amber-202001-0167
[2025-11-19T06:34:53.355+0000] {subprocess.py:93} INFO - Added amber-202001-0169
[2025-11-19T06:34:53.355+0000] {subprocess.py:93} INFO - Added amber-202001-0170
[2025-11-19T06:34:53.356+0000] {subprocess.py:93} INFO - Added amber-202001-0173
[2025-11-19T06:34:53.356+0000] {subprocess.py:93} INFO - Added amber-202001-0175
[2025-11-19T06:34:53.356+0000] {subprocess.py:93} INFO - Added amber-202001-0189
[2025-11-19T06:34:53.356+0000] {subprocess.py:93} INFO - Added amber-202001-0213
[2025-11-19T06:34:53.356+0000] {subprocess.py:93} INFO - Added amber-202001-0221
[2025-11-19T06:34:53.357+0000] {subprocess.py:93} INFO - Added amber-202001-0172
[2025-11-19T06:34:53.357+0000] {subprocess.py:93} INFO - Added amber-202001-0176
[2025-11-19T06:34:53.357+0000] {subprocess.py:93} INFO - Added amber-202001-0178
[2025-11-19T06:34:53.357+0000] {subprocess.py:93} INFO - Added amber-202001-0183
[2025-11-19T06:34:53.358+0000] {subprocess.py:93} INFO - Added amber-202001-0179
[2025-11-19T06:34:53.358+0000] {subprocess.py:93} INFO - Added amber-202001-0184
[2025-11-19T06:34:53.358+0000] {subprocess.py:93} INFO - Added amber-202001-0180
[2025-11-19T06:34:53.358+0000] {subprocess.py:93} INFO - Added amber-202001-0181
[2025-11-19T06:34:53.358+0000] {subprocess.py:93} INFO - Added amber-202001-0182
[2025-11-19T06:34:53.358+0000] {subprocess.py:93} INFO - Added amber-202001-0186
[2025-11-19T06:34:53.359+0000] {subprocess.py:93} INFO - Added amber-202001-0190
[2025-11-19T06:34:53.359+0000] {subprocess.py:93} INFO - Added amber-202001-0228
[2025-11-19T06:34:53.359+0000] {subprocess.py:93} INFO - Added amber-202001-0242
[2025-11-19T06:34:53.359+0000] {subprocess.py:93} INFO - Added amber-202001-0185
[2025-11-19T06:34:53.359+0000] {subprocess.py:93} INFO - Added amber-202001-0195
[2025-11-19T06:34:53.359+0000] {subprocess.py:93} INFO - Added amber-202001-0260
[2025-11-19T06:34:53.360+0000] {subprocess.py:93} INFO - Added amber-202001-0187
[2025-11-19T06:34:53.360+0000] {subprocess.py:93} INFO - Added amber-202001-0188
[2025-11-19T06:34:53.360+0000] {subprocess.py:93} INFO - Added amber-202001-0191
[2025-11-19T06:34:53.360+0000] {subprocess.py:93} INFO - Added amber-202001-0202
[2025-11-19T06:34:53.360+0000] {subprocess.py:93} INFO - Added amber-202001-0203
[2025-11-19T06:34:53.360+0000] {subprocess.py:93} INFO - Added amber-202001-0223
[2025-11-19T06:34:53.361+0000] {subprocess.py:93} INFO - Added amber-202001-0244
[2025-11-19T06:34:53.361+0000] {subprocess.py:93} INFO - Added amber-202001-0249
[2025-11-19T06:34:53.361+0000] {subprocess.py:93} INFO - Added amber-202001-0204
[2025-11-19T06:34:53.361+0000] {subprocess.py:93} INFO - Added amber-202001-0205
[2025-11-19T06:34:53.361+0000] {subprocess.py:93} INFO - Added amber-202001-0206
[2025-11-19T06:34:53.361+0000] {subprocess.py:93} INFO - Added amber-202001-0211
[2025-11-19T06:34:53.362+0000] {subprocess.py:93} INFO - Added amber-202001-0218
[2025-11-19T06:34:53.362+0000] {subprocess.py:93} INFO - Added amber-202001-0207
[2025-11-19T06:34:53.362+0000] {subprocess.py:93} INFO - Added amber-202001-0214
[2025-11-19T06:34:53.362+0000] {subprocess.py:93} INFO - Added amber-202001-0224
[2025-11-19T06:34:53.362+0000] {subprocess.py:93} INFO - Added amber-202001-0208
[2025-11-19T06:34:53.362+0000] {subprocess.py:93} INFO - Added amber-202001-0209
[2025-11-19T06:34:53.363+0000] {subprocess.py:93} INFO - Added amber-202001-0212
[2025-11-19T06:34:53.363+0000] {subprocess.py:93} INFO - Added amber-202001-0210
[2025-11-19T06:34:53.363+0000] {subprocess.py:93} INFO - Added amber-202001-0216
[2025-11-19T06:34:53.363+0000] {subprocess.py:93} INFO - Added amber-202001-0217
[2025-11-19T06:34:53.364+0000] {subprocess.py:93} INFO - Added amber-202001-0220
[2025-11-19T06:34:53.364+0000] {subprocess.py:93} INFO - Added amber-202001-0227
[2025-11-19T06:34:53.364+0000] {subprocess.py:93} INFO - Added amber-202001-0219
[2025-11-19T06:34:53.364+0000] {subprocess.py:93} INFO - Added amber-202001-0222
[2025-11-19T06:34:53.364+0000] {subprocess.py:93} INFO - Added amber-202001-0225
[2025-11-19T06:34:53.365+0000] {subprocess.py:93} INFO - Added amber-202001-0226
[2025-11-19T06:34:53.365+0000] {subprocess.py:93} INFO - Added amber-202001-0278
[2025-11-19T06:34:53.365+0000] {subprocess.py:93} INFO - Added amber-202001-0288
[2025-11-19T06:34:53.365+0000] {subprocess.py:93} INFO - Added amber-202001-0229
[2025-11-19T06:34:53.365+0000] {subprocess.py:93} INFO - Added amber-202001-0246
[2025-11-19T06:34:53.366+0000] {subprocess.py:93} INFO - Added amber-202001-0230
[2025-11-19T06:34:53.366+0000] {subprocess.py:93} INFO - Added amber-202001-0234
[2025-11-19T06:34:53.366+0000] {subprocess.py:93} INFO - Added amber-202001-0236
[2025-11-19T06:34:53.366+0000] {subprocess.py:93} INFO - Added amber-202001-0238
[2025-11-19T06:34:53.366+0000] {subprocess.py:93} INFO - Added amber-202001-0240
[2025-11-19T06:34:53.366+0000] {subprocess.py:93} INFO - Added amber-202001-0248
[2025-11-19T06:34:53.367+0000] {subprocess.py:93} INFO - Added amber-202001-0254
[2025-11-19T06:34:53.367+0000] {subprocess.py:93} INFO - Added amber-202001-0284
[2025-11-19T06:34:53.367+0000] {subprocess.py:93} INFO - Added amber-202001-0231
[2025-11-19T06:34:53.367+0000] {subprocess.py:93} INFO - Added amber-202001-0232
[2025-11-19T06:34:53.367+0000] {subprocess.py:93} INFO - Added amber-202001-0233
[2025-11-19T06:34:53.368+0000] {subprocess.py:93} INFO - Added amber-202001-0235
[2025-11-19T06:34:53.368+0000] {subprocess.py:93} INFO - Added amber-202001-0237
[2025-11-19T06:34:53.368+0000] {subprocess.py:93} INFO - Added amber-202001-0239
[2025-11-19T06:34:53.368+0000] {subprocess.py:93} INFO - Added amber-202001-0241
[2025-11-19T06:34:53.368+0000] {subprocess.py:93} INFO - Added amber-202001-0243
[2025-11-19T06:34:53.369+0000] {subprocess.py:93} INFO - Added amber-202001-0245
[2025-11-19T06:34:53.369+0000] {subprocess.py:93} INFO - Added amber-202001-0323
[2025-11-19T06:34:53.369+0000] {subprocess.py:93} INFO - Added amber-202001-0247
[2025-11-19T06:34:53.369+0000] {subprocess.py:93} INFO - Added amber-202001-0251
[2025-11-19T06:34:53.369+0000] {subprocess.py:93} INFO - Added amber-202001-0261
[2025-11-19T06:34:53.369+0000] {subprocess.py:93} INFO - Added amber-202001-0267
[2025-11-19T06:34:53.370+0000] {subprocess.py:93} INFO - Added amber-202001-0250
[2025-11-19T06:34:53.370+0000] {subprocess.py:93} INFO - Added amber-202001-0252
[2025-11-19T06:34:53.370+0000] {subprocess.py:93} INFO - Added amber-202001-0255
[2025-11-19T06:34:53.370+0000] {subprocess.py:93} INFO - Added amber-202001-0256
[2025-11-19T06:34:53.370+0000] {subprocess.py:93} INFO - Added amber-202001-0257
[2025-11-19T06:34:53.370+0000] {subprocess.py:93} INFO - Added amber-202001-0258
[2025-11-19T06:34:53.371+0000] {subprocess.py:93} INFO - Added amber-202001-0259
[2025-11-19T06:34:53.371+0000] {subprocess.py:93} INFO - Added amber-202001-0253
[2025-11-19T06:34:53.371+0000] {subprocess.py:93} INFO - Added amber-202001-0262
[2025-11-19T06:34:53.371+0000] {subprocess.py:93} INFO - Added amber-202001-0264
[2025-11-19T06:34:53.371+0000] {subprocess.py:93} INFO - Added amber-202001-0266
[2025-11-19T06:34:53.371+0000] {subprocess.py:93} INFO - Added amber-202001-0268
[2025-11-19T06:34:53.372+0000] {subprocess.py:93} INFO - Added amber-202001-0269
[2025-11-19T06:34:53.372+0000] {subprocess.py:93} INFO - Added amber-202001-0270
[2025-11-19T06:34:53.372+0000] {subprocess.py:93} INFO - Added amber-202001-0273
[2025-11-19T06:34:53.372+0000] {subprocess.py:93} INFO - Added amber-202001-0275
[2025-11-19T06:34:53.372+0000] {subprocess.py:93} INFO - Added amber-202001-0276
[2025-11-19T06:34:53.373+0000] {subprocess.py:93} INFO - Added amber-202001-0279
[2025-11-19T06:34:53.373+0000] {subprocess.py:93} INFO - Added amber-202001-0280
[2025-11-19T06:34:53.374+0000] {subprocess.py:93} INFO - Added amber-202001-0281
[2025-11-19T06:34:53.374+0000] {subprocess.py:93} INFO - Added amber-202001-0285
[2025-11-19T06:34:53.375+0000] {subprocess.py:93} INFO - Added amber-202001-0286
[2025-11-19T06:34:53.375+0000] {subprocess.py:93} INFO - Added amber-202001-0289
[2025-11-19T06:34:53.375+0000] {subprocess.py:93} INFO - Added amber-202001-0290
[2025-11-19T06:34:53.375+0000] {subprocess.py:93} INFO - Added amber-202001-0291
[2025-11-19T06:34:53.376+0000] {subprocess.py:93} INFO - Added amber-202001-0263
[2025-11-19T06:34:53.376+0000] {subprocess.py:93} INFO - Added amber-202001-0265
[2025-11-19T06:34:53.376+0000] {subprocess.py:93} INFO - Added amber-202001-0271
[2025-11-19T06:34:53.376+0000] {subprocess.py:93} INFO - Added amber-202001-0272
[2025-11-19T06:34:53.377+0000] {subprocess.py:93} INFO - Added amber-202001-0274
[2025-11-19T06:34:53.377+0000] {subprocess.py:93} INFO - Added amber-202001-0277
[2025-11-19T06:34:53.377+0000] {subprocess.py:93} INFO - Added amber-202001-0282
[2025-11-19T06:34:53.377+0000] {subprocess.py:93} INFO - Added amber-202001-0283
[2025-11-19T06:34:53.378+0000] {subprocess.py:93} INFO - Added amber-202001-0287
[2025-11-19T06:34:53.378+0000] {subprocess.py:93} INFO - Added amber-202001-0292
[2025-11-19T06:34:53.378+0000] {subprocess.py:93} INFO - Added amber-202001-0293
[2025-11-19T06:34:53.378+0000] {subprocess.py:93} INFO - Added amber-202001-0294
[2025-11-19T06:34:53.378+0000] {subprocess.py:93} INFO - Added amber-202001-0295
[2025-11-19T06:34:53.379+0000] {subprocess.py:93} INFO - Added amber-202001-0296
[2025-11-19T06:34:53.379+0000] {subprocess.py:93} INFO - Added amber-202001-0297
[2025-11-19T06:34:53.379+0000] {subprocess.py:93} INFO - Added amber-202001-0298
[2025-11-19T06:34:53.379+0000] {subprocess.py:93} INFO - Added amber-202001-0299
[2025-11-19T06:34:53.379+0000] {subprocess.py:93} INFO - Added amber-202001-0300
[2025-11-19T06:34:53.380+0000] {subprocess.py:93} INFO - Added amber-202001-0301
[2025-11-19T06:34:53.380+0000] {subprocess.py:93} INFO - Added amber-202001-0302
[2025-11-19T06:34:53.380+0000] {subprocess.py:93} INFO - Added amber-202001-0303
[2025-11-19T06:34:53.380+0000] {subprocess.py:93} INFO - Added amber-202001-0304
[2025-11-19T06:34:53.381+0000] {subprocess.py:93} INFO - Added amber-202001-0305
[2025-11-19T06:34:53.381+0000] {subprocess.py:93} INFO - Added amber-202001-0306
[2025-11-19T06:34:53.381+0000] {subprocess.py:93} INFO - Added amber-202001-0309
[2025-11-19T06:34:53.381+0000] {subprocess.py:93} INFO - Added amber-202001-0307
[2025-11-19T06:34:53.381+0000] {subprocess.py:93} INFO - Added amber-202001-0308
[2025-11-19T06:34:53.382+0000] {subprocess.py:93} INFO - Added amber-202001-0310
[2025-11-19T06:34:53.382+0000] {subprocess.py:93} INFO - Added amber-202001-0311
[2025-11-19T06:34:53.382+0000] {subprocess.py:93} INFO - Added amber-202001-0312
[2025-11-19T06:34:53.382+0000] {subprocess.py:93} INFO - Added amber-202001-0313
[2025-11-19T06:34:53.382+0000] {subprocess.py:93} INFO - Added amber-202001-0314
[2025-11-19T06:34:53.382+0000] {subprocess.py:93} INFO - Added amber-202001-0315
[2025-11-19T06:34:53.383+0000] {subprocess.py:93} INFO - Added amber-202001-0316
[2025-11-19T06:34:53.383+0000] {subprocess.py:93} INFO - Added amber-202001-0317
[2025-11-19T06:34:53.383+0000] {subprocess.py:93} INFO - Added amber-202001-0319
[2025-11-19T06:34:53.383+0000] {subprocess.py:93} INFO - Added amber-202001-0320
[2025-11-19T06:34:53.383+0000] {subprocess.py:93} INFO - Added amber-202001-0321
[2025-11-19T06:34:53.384+0000] {subprocess.py:93} INFO - Added amber-202001-0322
[2025-11-19T06:34:53.384+0000] {subprocess.py:93} INFO - Added amber-202001-0324
[2025-11-19T06:34:53.384+0000] {subprocess.py:93} INFO - Added amber-202001-0326
[2025-11-19T06:34:53.384+0000] {subprocess.py:93} INFO - Added amber-202001-0325
[2025-11-19T06:34:53.384+0000] {subprocess.py:93} INFO - Added amber-202001-0327
[2025-11-19T06:34:53.385+0000] {subprocess.py:93} INFO - Added amber-202001-0328
[2025-11-19T06:34:53.385+0000] {subprocess.py:93} INFO - Added amber-202001-0329
[2025-11-19T06:34:53.385+0000] {subprocess.py:93} INFO - Added amber-202001-0332
[2025-11-19T06:34:53.385+0000] {subprocess.py:93} INFO - Added amber-202001-0330
[2025-11-19T06:34:53.385+0000] {subprocess.py:93} INFO - Added amber-202001-0331
[2025-11-19T06:34:53.385+0000] {subprocess.py:93} INFO - Added amber-202001-0333
[2025-11-19T06:34:53.386+0000] {subprocess.py:93} INFO - Added amber-202001-0334
[2025-11-19T06:35:34.582+0000] {subprocess.py:93} INFO - Wrote 335 messages to /opt/airflow/data/RawData/2020_Data/2020_Jan.json
[2025-11-19T06:35:34.583+0000] {subprocess.py:93} INFO - Working on 2020 Feb ...
[2025-11-19T06:35:34.583+0000] {subprocess.py:93} INFO - Added 2020: Feb
[2025-11-19T06:35:34.584+0000] {subprocess.py:93} INFO - Added amber-202002-0000
[2025-11-19T06:35:34.584+0000] {subprocess.py:93} INFO - Added amber-202002-0001
[2025-11-19T06:35:34.585+0000] {subprocess.py:93} INFO - Added amber-202002-0002
[2025-11-19T06:35:34.585+0000] {subprocess.py:93} INFO - Added amber-202002-0003
[2025-11-19T06:35:34.586+0000] {subprocess.py:93} INFO - Added amber-202002-0004
[2025-11-19T06:35:34.586+0000] {subprocess.py:93} INFO - Added amber-202002-0006
[2025-11-19T06:35:34.587+0000] {subprocess.py:93} INFO - Added amber-202002-0007
[2025-11-19T06:35:34.587+0000] {subprocess.py:93} INFO - Added amber-202002-0010
[2025-11-19T06:35:34.587+0000] {subprocess.py:93} INFO - Added amber-202002-0005
[2025-11-19T06:35:34.587+0000] {subprocess.py:93} INFO - Added amber-202002-0008
[2025-11-19T06:35:34.588+0000] {subprocess.py:93} INFO - Added amber-202002-0009
[2025-11-19T06:35:34.588+0000] {subprocess.py:93} INFO - Added amber-202002-0011
[2025-11-19T06:35:34.588+0000] {subprocess.py:93} INFO - Added amber-202002-0012
[2025-11-19T06:35:34.588+0000] {subprocess.py:93} INFO - Added amber-202002-0013
[2025-11-19T06:35:34.588+0000] {subprocess.py:93} INFO - Added amber-202002-0016
[2025-11-19T06:35:34.589+0000] {subprocess.py:93} INFO - Added amber-202002-0017
[2025-11-19T06:35:34.589+0000] {subprocess.py:93} INFO - Added amber-202002-0014
[2025-11-19T06:35:34.589+0000] {subprocess.py:93} INFO - Added amber-202002-0015
[2025-11-19T06:35:34.589+0000] {subprocess.py:93} INFO - Added amber-202002-0032
[2025-11-19T06:35:34.589+0000] {subprocess.py:93} INFO - Added amber-202002-0033
[2025-11-19T06:35:34.589+0000] {subprocess.py:93} INFO - Added amber-202002-0036
[2025-11-19T06:35:34.590+0000] {subprocess.py:93} INFO - Added amber-202002-0038
[2025-11-19T06:35:34.590+0000] {subprocess.py:93} INFO - Added amber-202002-0039
[2025-11-19T06:35:34.590+0000] {subprocess.py:93} INFO - Added amber-202002-0041
[2025-11-19T06:35:34.590+0000] {subprocess.py:93} INFO - Added amber-202002-0043
[2025-11-19T06:35:34.590+0000] {subprocess.py:93} INFO - Added amber-202002-0040
[2025-11-19T06:35:34.591+0000] {subprocess.py:93} INFO - Added amber-202002-0044
[2025-11-19T06:35:34.591+0000] {subprocess.py:93} INFO - Added amber-202002-0018
[2025-11-19T06:35:34.591+0000] {subprocess.py:93} INFO - Added amber-202002-0019
[2025-11-19T06:35:34.591+0000] {subprocess.py:93} INFO - Added amber-202002-0065
[2025-11-19T06:35:34.591+0000] {subprocess.py:93} INFO - Added amber-202002-0020
[2025-11-19T06:35:34.591+0000] {subprocess.py:93} INFO - Added amber-202002-0021
[2025-11-19T06:35:34.592+0000] {subprocess.py:93} INFO - Added amber-202002-0022
[2025-11-19T06:35:34.592+0000] {subprocess.py:93} INFO - Added amber-202002-0023
[2025-11-19T06:35:34.592+0000] {subprocess.py:93} INFO - Added amber-202002-0024
[2025-11-19T06:35:34.592+0000] {subprocess.py:93} INFO - Added amber-202002-0025
[2025-11-19T06:35:34.592+0000] {subprocess.py:93} INFO - Added amber-202002-0026
[2025-11-19T06:35:34.593+0000] {subprocess.py:93} INFO - Added amber-202002-0027
[2025-11-19T06:35:34.593+0000] {subprocess.py:93} INFO - Added amber-202002-0028
[2025-11-19T06:35:34.593+0000] {subprocess.py:93} INFO - Added amber-202002-0029
[2025-11-19T06:35:34.593+0000] {subprocess.py:93} INFO - Added amber-202002-0030
[2025-11-19T06:35:34.593+0000] {subprocess.py:93} INFO - Added amber-202002-0031
[2025-11-19T06:35:34.593+0000] {subprocess.py:93} INFO - Added amber-202002-0034
[2025-11-19T06:35:34.594+0000] {subprocess.py:93} INFO - Added amber-202002-0037
[2025-11-19T06:35:34.594+0000] {subprocess.py:93} INFO - Added amber-202002-0035
[2025-11-19T06:35:34.594+0000] {subprocess.py:93} INFO - Added amber-202002-0042
[2025-11-19T06:35:34.595+0000] {subprocess.py:93} INFO - Added amber-202002-0045
[2025-11-19T06:35:34.595+0000] {subprocess.py:93} INFO - Added amber-202002-0047
[2025-11-19T06:35:34.595+0000] {subprocess.py:93} INFO - Added amber-202002-0046
[2025-11-19T06:35:34.595+0000] {subprocess.py:93} INFO - Added amber-202002-0048
[2025-11-19T06:35:34.595+0000] {subprocess.py:93} INFO - Added amber-202002-0049
[2025-11-19T06:35:34.596+0000] {subprocess.py:93} INFO - Added amber-202002-0050
[2025-11-19T06:35:34.596+0000] {subprocess.py:93} INFO - Added amber-202002-0051
[2025-11-19T06:35:34.596+0000] {subprocess.py:93} INFO - Added amber-202002-0052
[2025-11-19T06:35:34.596+0000] {subprocess.py:93} INFO - Added amber-202002-0053
[2025-11-19T06:35:34.597+0000] {subprocess.py:93} INFO - Added amber-202002-0054
[2025-11-19T06:35:34.597+0000] {subprocess.py:93} INFO - Added amber-202002-0055
[2025-11-19T06:35:34.597+0000] {subprocess.py:93} INFO - Added amber-202002-0056
[2025-11-19T06:35:34.598+0000] {subprocess.py:93} INFO - Added amber-202002-0057
[2025-11-19T06:35:34.598+0000] {subprocess.py:93} INFO - Added amber-202002-0058
[2025-11-19T06:35:34.598+0000] {subprocess.py:93} INFO - Added amber-202002-0059
[2025-11-19T06:35:34.598+0000] {subprocess.py:93} INFO - Added amber-202002-0060
[2025-11-19T06:35:34.598+0000] {subprocess.py:93} INFO - Added amber-202002-0062
[2025-11-19T06:35:34.599+0000] {subprocess.py:93} INFO - Added amber-202002-0061
[2025-11-19T06:35:34.599+0000] {subprocess.py:93} INFO - Added amber-202002-0071
[2025-11-19T06:35:34.599+0000] {subprocess.py:93} INFO - Added amber-202002-0063
[2025-11-19T06:35:34.599+0000] {subprocess.py:93} INFO - Added amber-202002-0066
[2025-11-19T06:35:34.599+0000] {subprocess.py:93} INFO - Added amber-202002-0064
[2025-11-19T06:35:34.599+0000] {subprocess.py:93} INFO - Added amber-202002-0067
[2025-11-19T06:35:34.600+0000] {subprocess.py:93} INFO - Added amber-202002-0069
[2025-11-19T06:35:34.600+0000] {subprocess.py:93} INFO - Added amber-202002-0070
[2025-11-19T06:35:34.600+0000] {subprocess.py:93} INFO - Added amber-202002-0091
[2025-11-19T06:35:34.600+0000] {subprocess.py:93} INFO - Added amber-202002-0092
[2025-11-19T06:35:34.600+0000] {subprocess.py:93} INFO - Added amber-202002-0093
[2025-11-19T06:35:34.600+0000] {subprocess.py:93} INFO - Added amber-202002-0068
[2025-11-19T06:35:34.601+0000] {subprocess.py:93} INFO - Added amber-202002-0072
[2025-11-19T06:35:34.601+0000] {subprocess.py:93} INFO - Added amber-202002-0076
[2025-11-19T06:35:34.601+0000] {subprocess.py:93} INFO - Added amber-202002-0077
[2025-11-19T06:35:34.602+0000] {subprocess.py:93} INFO - Added amber-202002-0086
[2025-11-19T06:35:34.602+0000] {subprocess.py:93} INFO - Added amber-202002-0073
[2025-11-19T06:35:34.602+0000] {subprocess.py:93} INFO - Added amber-202002-0074
[2025-11-19T06:35:34.602+0000] {subprocess.py:93} INFO - Added amber-202002-0075
[2025-11-19T06:35:34.603+0000] {subprocess.py:93} INFO - Added amber-202002-0078
[2025-11-19T06:35:34.603+0000] {subprocess.py:93} INFO - Added amber-202002-0079
[2025-11-19T06:35:34.603+0000] {subprocess.py:93} INFO - Added amber-202002-0080
[2025-11-19T06:35:34.603+0000] {subprocess.py:93} INFO - Added amber-202002-0081
[2025-11-19T06:35:34.604+0000] {subprocess.py:93} INFO - Added amber-202002-0082
[2025-11-19T06:35:34.604+0000] {subprocess.py:93} INFO - Added amber-202002-0083
[2025-11-19T06:35:34.605+0000] {subprocess.py:93} INFO - Added amber-202002-0090
[2025-11-19T06:35:34.605+0000] {subprocess.py:93} INFO - Added amber-202002-0230
[2025-11-19T06:35:34.606+0000] {subprocess.py:93} INFO - Added amber-202002-0084
[2025-11-19T06:35:34.606+0000] {subprocess.py:93} INFO - Added amber-202002-0085
[2025-11-19T06:35:34.607+0000] {subprocess.py:93} INFO - Added amber-202002-0087
[2025-11-19T06:35:34.607+0000] {subprocess.py:93} INFO - Added amber-202002-0088
[2025-11-19T06:35:34.607+0000] {subprocess.py:93} INFO - Added amber-202002-0089
[2025-11-19T06:35:34.608+0000] {subprocess.py:93} INFO - Added amber-202002-0094
[2025-11-19T06:35:34.608+0000] {subprocess.py:93} INFO - Added amber-202002-0097
[2025-11-19T06:35:34.608+0000] {subprocess.py:93} INFO - Added amber-202002-0095
[2025-11-19T06:35:34.609+0000] {subprocess.py:93} INFO - Added amber-202002-0099
[2025-11-19T06:35:34.609+0000] {subprocess.py:93} INFO - Added amber-202002-0100
[2025-11-19T06:35:34.609+0000] {subprocess.py:93} INFO - Added amber-202002-0096
[2025-11-19T06:35:34.609+0000] {subprocess.py:93} INFO - Added amber-202002-0101
[2025-11-19T06:35:34.610+0000] {subprocess.py:93} INFO - Added amber-202002-0098
[2025-11-19T06:35:34.610+0000] {subprocess.py:93} INFO - Added amber-202002-0102
[2025-11-19T06:35:34.610+0000] {subprocess.py:93} INFO - Added amber-202002-0108
[2025-11-19T06:35:34.610+0000] {subprocess.py:93} INFO - Added amber-202002-0115
[2025-11-19T06:35:34.611+0000] {subprocess.py:93} INFO - Added amber-202002-0103
[2025-11-19T06:35:34.611+0000] {subprocess.py:93} INFO - Added amber-202002-0104
[2025-11-19T06:35:34.611+0000] {subprocess.py:93} INFO - Added amber-202002-0110
[2025-11-19T06:35:34.611+0000] {subprocess.py:93} INFO - Added amber-202002-0112
[2025-11-19T06:35:34.612+0000] {subprocess.py:93} INFO - Added amber-202002-0113
[2025-11-19T06:35:34.612+0000] {subprocess.py:93} INFO - Added amber-202002-0114
[2025-11-19T06:35:34.612+0000] {subprocess.py:93} INFO - Added amber-202002-0105
[2025-11-19T06:35:34.612+0000] {subprocess.py:93} INFO - Added amber-202002-0106
[2025-11-19T06:35:34.612+0000] {subprocess.py:93} INFO - Added amber-202002-0107
[2025-11-19T06:35:34.613+0000] {subprocess.py:93} INFO - Added amber-202002-0109
[2025-11-19T06:35:34.613+0000] {subprocess.py:93} INFO - Added amber-202002-0111
[2025-11-19T06:35:34.613+0000] {subprocess.py:93} INFO - Added amber-202002-0118
[2025-11-19T06:35:34.613+0000] {subprocess.py:93} INFO - Added amber-202002-0212
[2025-11-19T06:35:34.613+0000] {subprocess.py:93} INFO - Added amber-202002-0214
[2025-11-19T06:35:34.614+0000] {subprocess.py:93} INFO - Added amber-202002-0116
[2025-11-19T06:35:34.614+0000] {subprocess.py:93} INFO - Added amber-202002-0126
[2025-11-19T06:35:34.614+0000] {subprocess.py:93} INFO - Added amber-202002-0117
[2025-11-19T06:35:34.614+0000] {subprocess.py:93} INFO - Added amber-202002-0127
[2025-11-19T06:35:34.615+0000] {subprocess.py:93} INFO - Added amber-202002-0119
[2025-11-19T06:35:34.615+0000] {subprocess.py:93} INFO - Added amber-202002-0120
[2025-11-19T06:35:34.615+0000] {subprocess.py:93} INFO - Added amber-202002-0123
[2025-11-19T06:35:34.615+0000] {subprocess.py:93} INFO - Added amber-202002-0198
[2025-11-19T06:35:34.615+0000] {subprocess.py:93} INFO - Added amber-202002-0121
[2025-11-19T06:35:34.616+0000] {subprocess.py:93} INFO - Added amber-202002-0122
[2025-11-19T06:35:34.616+0000] {subprocess.py:93} INFO - Added amber-202002-0124
[2025-11-19T06:35:34.616+0000] {subprocess.py:93} INFO - Added amber-202002-0128
[2025-11-19T06:35:34.616+0000] {subprocess.py:93} INFO - Added amber-202002-0129
[2025-11-19T06:35:34.616+0000] {subprocess.py:93} INFO - Added amber-202002-0125
[2025-11-19T06:35:34.617+0000] {subprocess.py:93} INFO - Added amber-202002-0132
[2025-11-19T06:35:34.617+0000] {subprocess.py:93} INFO - Added amber-202002-0130
[2025-11-19T06:35:34.617+0000] {subprocess.py:93} INFO - Added amber-202002-0131
[2025-11-19T06:35:34.618+0000] {subprocess.py:93} INFO - Added amber-202002-0140
[2025-11-19T06:35:34.618+0000] {subprocess.py:93} INFO - Added amber-202002-0153
[2025-11-19T06:35:34.618+0000] {subprocess.py:93} INFO - Added amber-202002-0154
[2025-11-19T06:35:34.618+0000] {subprocess.py:93} INFO - Added amber-202002-0155
[2025-11-19T06:35:34.619+0000] {subprocess.py:93} INFO - Added amber-202002-0193
[2025-11-19T06:35:34.619+0000] {subprocess.py:93} INFO - Added amber-202002-0219
[2025-11-19T06:35:34.619+0000] {subprocess.py:93} INFO - Added amber-202002-0133
[2025-11-19T06:35:34.620+0000] {subprocess.py:93} INFO - Added amber-202002-0134
[2025-11-19T06:35:34.620+0000] {subprocess.py:93} INFO - Added amber-202002-0135
[2025-11-19T06:35:34.620+0000] {subprocess.py:93} INFO - Added amber-202002-0136
[2025-11-19T06:35:34.620+0000] {subprocess.py:93} INFO - Added amber-202002-0138
[2025-11-19T06:35:34.621+0000] {subprocess.py:93} INFO - Added amber-202002-0137
[2025-11-19T06:35:34.621+0000] {subprocess.py:93} INFO - Added amber-202002-0139
[2025-11-19T06:35:34.621+0000] {subprocess.py:93} INFO - Added amber-202002-0141
[2025-11-19T06:35:34.621+0000] {subprocess.py:93} INFO - Added amber-202002-0142
[2025-11-19T06:35:34.621+0000] {subprocess.py:93} INFO - Added amber-202002-0143
[2025-11-19T06:35:34.622+0000] {subprocess.py:93} INFO - Added amber-202002-0146
[2025-11-19T06:35:34.622+0000] {subprocess.py:93} INFO - Added amber-202002-0147
[2025-11-19T06:35:34.622+0000] {subprocess.py:93} INFO - Added amber-202002-0148
[2025-11-19T06:35:34.622+0000] {subprocess.py:93} INFO - Added amber-202002-0149
[2025-11-19T06:35:34.622+0000] {subprocess.py:93} INFO - Added amber-202002-0175
[2025-11-19T06:35:34.622+0000] {subprocess.py:93} INFO - Added amber-202002-0197
[2025-11-19T06:35:34.623+0000] {subprocess.py:93} INFO - Added amber-202002-0203
[2025-11-19T06:35:34.623+0000] {subprocess.py:93} INFO - Added amber-202002-0220
[2025-11-19T06:35:34.623+0000] {subprocess.py:93} INFO - Added amber-202002-0225
[2025-11-19T06:35:34.623+0000] {subprocess.py:93} INFO - Added amber-202002-0226
[2025-11-19T06:35:34.623+0000] {subprocess.py:93} INFO - Added amber-202002-0227
[2025-11-19T06:35:34.623+0000] {subprocess.py:93} INFO - Added amber-202002-0144
[2025-11-19T06:35:34.624+0000] {subprocess.py:93} INFO - Added amber-202002-0145
[2025-11-19T06:35:34.624+0000] {subprocess.py:93} INFO - Added amber-202002-0150
[2025-11-19T06:35:34.624+0000] {subprocess.py:93} INFO - Added amber-202002-0151
[2025-11-19T06:35:34.624+0000] {subprocess.py:93} INFO - Added amber-202002-0152
[2025-11-19T06:35:34.624+0000] {subprocess.py:93} INFO - Added amber-202002-0156
[2025-11-19T06:35:34.624+0000] {subprocess.py:93} INFO - Added amber-202002-0157
[2025-11-19T06:35:34.625+0000] {subprocess.py:93} INFO - Added amber-202002-0158
[2025-11-19T06:35:34.625+0000] {subprocess.py:93} INFO - Added amber-202002-0159
[2025-11-19T06:35:34.625+0000] {subprocess.py:93} INFO - Added amber-202002-0160
[2025-11-19T06:35:34.625+0000] {subprocess.py:93} INFO - Added amber-202002-0161
[2025-11-19T06:35:34.625+0000] {subprocess.py:93} INFO - Added amber-202002-0162
[2025-11-19T06:35:34.625+0000] {subprocess.py:93} INFO - Added amber-202002-0163
[2025-11-19T06:35:34.626+0000] {subprocess.py:93} INFO - Added amber-202002-0164
[2025-11-19T06:35:34.626+0000] {subprocess.py:93} INFO - Added amber-202002-0165
[2025-11-19T06:35:34.626+0000] {subprocess.py:93} INFO - Added amber-202002-0166
[2025-11-19T06:35:34.626+0000] {subprocess.py:93} INFO - Added amber-202002-0167
[2025-11-19T06:35:34.626+0000] {subprocess.py:93} INFO - Added amber-202002-0168
[2025-11-19T06:35:34.626+0000] {subprocess.py:93} INFO - Added amber-202002-0169
[2025-11-19T06:35:34.627+0000] {subprocess.py:93} INFO - Added amber-202002-0170
[2025-11-19T06:35:34.627+0000] {subprocess.py:93} INFO - Added amber-202002-0171
[2025-11-19T06:35:34.627+0000] {subprocess.py:93} INFO - Added amber-202002-0172
[2025-11-19T06:35:34.627+0000] {subprocess.py:93} INFO - Added amber-202002-0173
[2025-11-19T06:35:34.627+0000] {subprocess.py:93} INFO - Added amber-202002-0174
[2025-11-19T06:35:34.628+0000] {subprocess.py:93} INFO - Added amber-202002-0182
[2025-11-19T06:35:34.628+0000] {subprocess.py:93} INFO - Added amber-202002-0184
[2025-11-19T06:35:34.628+0000] {subprocess.py:93} INFO - Added amber-202002-0185
[2025-11-19T06:35:34.629+0000] {subprocess.py:93} INFO - Added amber-202002-0186
[2025-11-19T06:35:34.629+0000] {subprocess.py:93} INFO - Added amber-202002-0188
[2025-11-19T06:35:34.629+0000] {subprocess.py:93} INFO - Added amber-202002-0190
[2025-11-19T06:35:34.630+0000] {subprocess.py:93} INFO - Added amber-202002-0191
[2025-11-19T06:35:34.630+0000] {subprocess.py:93} INFO - Added amber-202002-0176
[2025-11-19T06:35:34.630+0000] {subprocess.py:93} INFO - Added amber-202002-0177
[2025-11-19T06:35:34.631+0000] {subprocess.py:93} INFO - Added amber-202002-0180
[2025-11-19T06:35:34.631+0000] {subprocess.py:93} INFO - Added amber-202002-0195
[2025-11-19T06:35:34.631+0000] {subprocess.py:93} INFO - Added amber-202002-0196
[2025-11-19T06:35:34.632+0000] {subprocess.py:93} INFO - Added amber-202002-0178
[2025-11-19T06:35:34.632+0000] {subprocess.py:93} INFO - Added amber-202002-0192
[2025-11-19T06:35:34.632+0000] {subprocess.py:93} INFO - Added amber-202002-0179
[2025-11-19T06:35:34.633+0000] {subprocess.py:93} INFO - Added amber-202002-0181
[2025-11-19T06:35:34.633+0000] {subprocess.py:93} INFO - Added amber-202002-0183
[2025-11-19T06:35:34.633+0000] {subprocess.py:93} INFO - Added amber-202002-0187
[2025-11-19T06:35:34.634+0000] {subprocess.py:93} INFO - Added amber-202002-0189
[2025-11-19T06:35:34.634+0000] {subprocess.py:93} INFO - Added amber-202002-0194
[2025-11-19T06:35:34.634+0000] {subprocess.py:93} INFO - Added amber-202002-0199
[2025-11-19T06:35:34.634+0000] {subprocess.py:93} INFO - Added amber-202002-0200
[2025-11-19T06:35:34.635+0000] {subprocess.py:93} INFO - Added amber-202002-0204
[2025-11-19T06:35:34.635+0000] {subprocess.py:93} INFO - Added amber-202002-0201
[2025-11-19T06:35:34.635+0000] {subprocess.py:93} INFO - Added amber-202002-0202
[2025-11-19T06:35:34.635+0000] {subprocess.py:93} INFO - Added amber-202002-0205
[2025-11-19T06:35:34.636+0000] {subprocess.py:93} INFO - Added amber-202002-0206
[2025-11-19T06:35:34.636+0000] {subprocess.py:93} INFO - Added amber-202002-0207
[2025-11-19T06:35:34.636+0000] {subprocess.py:93} INFO - Added amber-202002-0210
[2025-11-19T06:35:34.636+0000] {subprocess.py:93} INFO - Added amber-202002-0211
[2025-11-19T06:35:34.636+0000] {subprocess.py:93} INFO - Added amber-202002-0213
[2025-11-19T06:35:34.637+0000] {subprocess.py:93} INFO - Added amber-202002-0208
[2025-11-19T06:35:34.637+0000] {subprocess.py:93} INFO - Added amber-202002-0209
[2025-11-19T06:35:34.637+0000] {subprocess.py:93} INFO - Added amber-202002-0215
[2025-11-19T06:35:34.637+0000] {subprocess.py:93} INFO - Added amber-202002-0216
[2025-11-19T06:35:34.638+0000] {subprocess.py:93} INFO - Added amber-202002-0217
[2025-11-19T06:35:34.638+0000] {subprocess.py:93} INFO - Added amber-202002-0218
[2025-11-19T06:35:34.638+0000] {subprocess.py:93} INFO - Added amber-202002-0224
[2025-11-19T06:35:34.638+0000] {subprocess.py:93} INFO - Added amber-202002-0221
[2025-11-19T06:35:34.638+0000] {subprocess.py:93} INFO - Added amber-202002-0222
[2025-11-19T06:35:34.639+0000] {subprocess.py:93} INFO - Added amber-202002-0223
[2025-11-19T06:35:34.639+0000] {subprocess.py:93} INFO - Added amber-202002-0228
[2025-11-19T06:35:34.639+0000] {subprocess.py:93} INFO - Added amber-202002-0229
[2025-11-19T06:35:34.640+0000] {subprocess.py:93} INFO - Added amber-202002-0231
[2025-11-19T06:35:34.640+0000] {subprocess.py:93} INFO - Added amber-202002-0233
[2025-11-19T06:35:34.640+0000] {subprocess.py:93} INFO - Added amber-202002-0235
[2025-11-19T06:35:34.640+0000] {subprocess.py:93} INFO - Added amber-202002-0232
[2025-11-19T06:35:34.641+0000] {subprocess.py:93} INFO - Added amber-202002-0259
[2025-11-19T06:35:34.641+0000] {subprocess.py:93} INFO - Added amber-202002-0260
[2025-11-19T06:35:34.641+0000] {subprocess.py:93} INFO - Added amber-202002-0261
[2025-11-19T06:35:34.642+0000] {subprocess.py:93} INFO - Added amber-202002-0262
[2025-11-19T06:35:34.642+0000] {subprocess.py:93} INFO - Added amber-202002-0263
[2025-11-19T06:35:34.642+0000] {subprocess.py:93} INFO - Added amber-202002-0264
[2025-11-19T06:35:34.642+0000] {subprocess.py:93} INFO - Added amber-202002-0277
[2025-11-19T06:35:34.643+0000] {subprocess.py:93} INFO - Added amber-202002-0234
[2025-11-19T06:35:34.643+0000] {subprocess.py:93} INFO - Added amber-202002-0236
[2025-11-19T06:35:34.644+0000] {subprocess.py:93} INFO - Added amber-202002-0237
[2025-11-19T06:35:34.644+0000] {subprocess.py:93} INFO - Added amber-202002-0244
[2025-11-19T06:35:34.644+0000] {subprocess.py:93} INFO - Added amber-202002-0245
[2025-11-19T06:35:34.645+0000] {subprocess.py:93} INFO - Added amber-202002-0246
[2025-11-19T06:35:34.645+0000] {subprocess.py:93} INFO - Added amber-202002-0247
[2025-11-19T06:35:34.645+0000] {subprocess.py:93} INFO - Added amber-202002-0248
[2025-11-19T06:35:34.646+0000] {subprocess.py:93} INFO - Added amber-202002-0249
[2025-11-19T06:35:34.646+0000] {subprocess.py:93} INFO - Added amber-202002-0238
[2025-11-19T06:35:34.646+0000] {subprocess.py:93} INFO - Added amber-202002-0239
[2025-11-19T06:35:34.646+0000] {subprocess.py:93} INFO - Added amber-202002-0240
[2025-11-19T06:35:34.646+0000] {subprocess.py:93} INFO - Added amber-202002-0241
[2025-11-19T06:35:34.647+0000] {subprocess.py:93} INFO - Added amber-202002-0242
[2025-11-19T06:35:34.647+0000] {subprocess.py:93} INFO - Added amber-202002-0243
[2025-11-19T06:35:34.647+0000] {subprocess.py:93} INFO - Added amber-202002-0256
[2025-11-19T06:35:34.648+0000] {subprocess.py:93} INFO - Added amber-202002-0257
[2025-11-19T06:35:34.648+0000] {subprocess.py:93} INFO - Added amber-202002-0250
[2025-11-19T06:35:34.648+0000] {subprocess.py:93} INFO - Added amber-202002-0265
[2025-11-19T06:35:34.649+0000] {subprocess.py:93} INFO - Added amber-202002-0251
[2025-11-19T06:35:34.649+0000] {subprocess.py:93} INFO - Added amber-202002-0252
[2025-11-19T06:35:34.649+0000] {subprocess.py:93} INFO - Added amber-202002-0253
[2025-11-19T06:35:34.649+0000] {subprocess.py:93} INFO - Added amber-202002-0254
[2025-11-19T06:35:34.650+0000] {subprocess.py:93} INFO - Added amber-202002-0258
[2025-11-19T06:35:34.650+0000] {subprocess.py:93} INFO - Added amber-202002-0255
[2025-11-19T06:35:34.650+0000] {subprocess.py:93} INFO - Added amber-202002-0266
[2025-11-19T06:35:34.650+0000] {subprocess.py:93} INFO - Added amber-202002-0267
[2025-11-19T06:35:34.651+0000] {subprocess.py:93} INFO - Added amber-202002-0268
[2025-11-19T06:35:34.651+0000] {subprocess.py:93} INFO - Added amber-202002-0269
[2025-11-19T06:35:34.651+0000] {subprocess.py:93} INFO - Added amber-202002-0270
[2025-11-19T06:35:34.651+0000] {subprocess.py:93} INFO - Added amber-202002-0271
[2025-11-19T06:35:34.651+0000] {subprocess.py:93} INFO - Added amber-202002-0272
[2025-11-19T06:35:34.651+0000] {subprocess.py:93} INFO - Added amber-202002-0273
[2025-11-19T06:35:34.652+0000] {subprocess.py:93} INFO - Added amber-202002-0274
[2025-11-19T06:35:34.652+0000] {subprocess.py:93} INFO - Added amber-202002-0275
[2025-11-19T06:35:34.652+0000] {subprocess.py:93} INFO - Added amber-202002-0276
[2025-11-19T06:35:34.652+0000] {subprocess.py:93} INFO - Wrote 278 messages to /opt/airflow/data/RawData/2020_Data/2020_Feb.json
[2025-11-19T06:35:34.652+0000] {subprocess.py:93} INFO - Working on 2020 Mar ...
[2025-11-19T06:35:34.653+0000] {subprocess.py:93} INFO - Added 2020: Mar
[2025-11-19T06:35:34.653+0000] {subprocess.py:93} INFO - Added amber-202003-0000
[2025-11-19T06:35:34.653+0000] {subprocess.py:93} INFO - Added amber-202003-0001
[2025-11-19T06:35:34.653+0000] {subprocess.py:93} INFO - Added amber-202003-0002
[2025-11-19T06:35:34.653+0000] {subprocess.py:93} INFO - Added amber-202003-0003
[2025-11-19T06:35:34.654+0000] {subprocess.py:93} INFO - Added amber-202003-0004
[2025-11-19T06:35:34.654+0000] {subprocess.py:93} INFO - Added amber-202003-0031
[2025-11-19T06:35:34.654+0000] {subprocess.py:93} INFO - Added amber-202003-0005
[2025-11-19T06:35:34.654+0000] {subprocess.py:93} INFO - Added amber-202003-0010
[2025-11-19T06:35:34.655+0000] {subprocess.py:93} INFO - Added amber-202003-0014
[2025-11-19T06:35:34.655+0000] {subprocess.py:93} INFO - Added amber-202003-0006
[2025-11-19T06:35:34.655+0000] {subprocess.py:93} INFO - Added amber-202003-0007
[2025-11-19T06:35:34.655+0000] {subprocess.py:93} INFO - Added amber-202003-0009
[2025-11-19T06:35:34.655+0000] {subprocess.py:93} INFO - Added amber-202003-0008
[2025-11-19T06:35:34.656+0000] {subprocess.py:93} INFO - Added amber-202003-0011
[2025-11-19T06:35:34.656+0000] {subprocess.py:93} INFO - Added amber-202003-0012
[2025-11-19T06:35:34.656+0000] {subprocess.py:93} INFO - Added amber-202003-0013
[2025-11-19T06:35:34.656+0000] {subprocess.py:93} INFO - Added amber-202003-0015
[2025-11-19T06:35:34.657+0000] {subprocess.py:93} INFO - Added amber-202003-0016
[2025-11-19T06:35:34.657+0000] {subprocess.py:93} INFO - Added amber-202003-0017
[2025-11-19T06:35:34.657+0000] {subprocess.py:93} INFO - Added amber-202003-0018
[2025-11-19T06:35:34.658+0000] {subprocess.py:93} INFO - Added amber-202003-0021
[2025-11-19T06:35:34.658+0000] {subprocess.py:93} INFO - Added amber-202003-0022
[2025-11-19T06:35:34.658+0000] {subprocess.py:93} INFO - Added amber-202003-0023
[2025-11-19T06:35:34.658+0000] {subprocess.py:93} INFO - Added amber-202003-0024
[2025-11-19T06:35:34.659+0000] {subprocess.py:93} INFO - Added amber-202003-0025
[2025-11-19T06:35:34.659+0000] {subprocess.py:93} INFO - Added amber-202003-0026
[2025-11-19T06:35:34.659+0000] {subprocess.py:93} INFO - Added amber-202003-0027
[2025-11-19T06:35:34.659+0000] {subprocess.py:93} INFO - Added amber-202003-0028
[2025-11-19T06:35:34.659+0000] {subprocess.py:93} INFO - Added amber-202003-0029
[2025-11-19T06:35:34.660+0000] {subprocess.py:93} INFO - Added amber-202003-0032
[2025-11-19T06:35:34.660+0000] {subprocess.py:93} INFO - Added amber-202003-0034
[2025-11-19T06:35:34.660+0000] {subprocess.py:93} INFO - Added amber-202003-0035
[2025-11-19T06:35:34.660+0000] {subprocess.py:93} INFO - Added amber-202003-0055
[2025-11-19T06:35:34.660+0000] {subprocess.py:93} INFO - Added amber-202003-0061
[2025-11-19T06:35:34.660+0000] {subprocess.py:93} INFO - Added amber-202003-0069
[2025-11-19T06:35:34.661+0000] {subprocess.py:93} INFO - Added amber-202003-0020
[2025-11-19T06:35:34.661+0000] {subprocess.py:93} INFO - Added amber-202003-0019
[2025-11-19T06:35:34.661+0000] {subprocess.py:93} INFO - Added amber-202003-0030
[2025-11-19T06:35:34.661+0000] {subprocess.py:93} INFO - Added amber-202003-0040
[2025-11-19T06:35:34.661+0000] {subprocess.py:93} INFO - Added amber-202003-0041
[2025-11-19T06:35:34.661+0000] {subprocess.py:93} INFO - Added amber-202003-0043
[2025-11-19T06:35:34.662+0000] {subprocess.py:93} INFO - Added amber-202003-0063
[2025-11-19T06:35:34.662+0000] {subprocess.py:93} INFO - Added amber-202003-0064
[2025-11-19T06:35:34.662+0000] {subprocess.py:93} INFO - Added amber-202003-0065
[2025-11-19T06:35:34.662+0000] {subprocess.py:93} INFO - Added amber-202003-0033
[2025-11-19T06:35:34.663+0000] {subprocess.py:93} INFO - Added amber-202003-0274
[2025-11-19T06:35:34.663+0000] {subprocess.py:93} INFO - Added amber-202003-0275
[2025-11-19T06:35:34.664+0000] {subprocess.py:93} INFO - Added amber-202003-0036
[2025-11-19T06:35:34.664+0000] {subprocess.py:93} INFO - Added amber-202003-0037
[2025-11-19T06:35:34.664+0000] {subprocess.py:93} INFO - Added amber-202003-0039
[2025-11-19T06:35:34.665+0000] {subprocess.py:93} INFO - Added amber-202003-0044
[2025-11-19T06:35:34.665+0000] {subprocess.py:93} INFO - Added amber-202003-0038
[2025-11-19T06:35:34.665+0000] {subprocess.py:93} INFO - Added amber-202003-0050
[2025-11-19T06:35:34.665+0000] {subprocess.py:93} INFO - Added amber-202003-0051
[2025-11-19T06:35:34.666+0000] {subprocess.py:93} INFO - Added amber-202003-0042
[2025-11-19T06:35:34.666+0000] {subprocess.py:93} INFO - Added amber-202003-0273
[2025-11-19T06:36:19.192+0000] {subprocess.py:93} INFO - Added amber-202003-0045
[2025-11-19T06:36:19.193+0000] {subprocess.py:93} INFO - Added amber-202003-0046
[2025-11-19T06:36:19.194+0000] {subprocess.py:93} INFO - Added amber-202003-0052
[2025-11-19T06:36:19.194+0000] {subprocess.py:93} INFO - Added amber-202003-0059
[2025-11-19T06:36:19.195+0000] {subprocess.py:93} INFO - Added amber-202003-0083
[2025-11-19T06:36:19.195+0000] {subprocess.py:93} INFO - Added amber-202003-0094
[2025-11-19T06:36:19.195+0000] {subprocess.py:93} INFO - Added amber-202003-0047
[2025-11-19T06:36:19.196+0000] {subprocess.py:93} INFO - Added amber-202003-0048
[2025-11-19T06:36:19.196+0000] {subprocess.py:93} INFO - Added amber-202003-0049
[2025-11-19T06:36:19.197+0000] {subprocess.py:93} INFO - Added amber-202003-0058
[2025-11-19T06:36:19.197+0000] {subprocess.py:93} INFO - Added amber-202003-0062
[2025-11-19T06:36:19.198+0000] {subprocess.py:93} INFO - Added amber-202003-0053
[2025-11-19T06:36:19.198+0000] {subprocess.py:93} INFO - Added amber-202003-0060
[2025-11-19T06:36:19.198+0000] {subprocess.py:93} INFO - Added amber-202003-0077
[2025-11-19T06:36:19.198+0000] {subprocess.py:93} INFO - Added amber-202003-0080
[2025-11-19T06:36:19.199+0000] {subprocess.py:93} INFO - Added amber-202003-0081
[2025-11-19T06:36:19.199+0000] {subprocess.py:93} INFO - Added amber-202003-0091
[2025-11-19T06:36:19.199+0000] {subprocess.py:93} INFO - Added amber-202003-0092
[2025-11-19T06:36:19.199+0000] {subprocess.py:93} INFO - Added amber-202003-0103
[2025-11-19T06:36:19.200+0000] {subprocess.py:93} INFO - Added amber-202003-0105
[2025-11-19T06:36:19.200+0000] {subprocess.py:93} INFO - Added amber-202003-0106
[2025-11-19T06:36:19.200+0000] {subprocess.py:93} INFO - Added amber-202003-0107
[2025-11-19T06:36:19.200+0000] {subprocess.py:93} INFO - Added amber-202003-0054
[2025-11-19T06:36:19.200+0000] {subprocess.py:93} INFO - Added amber-202003-0066
[2025-11-19T06:36:19.201+0000] {subprocess.py:93} INFO - Added amber-202003-0056
[2025-11-19T06:36:19.201+0000] {subprocess.py:93} INFO - Added amber-202003-0057
[2025-11-19T06:36:19.201+0000] {subprocess.py:93} INFO - Added amber-202003-0067
[2025-11-19T06:36:19.201+0000] {subprocess.py:93} INFO - Added amber-202003-0068
[2025-11-19T06:36:19.202+0000] {subprocess.py:93} INFO - Added amber-202003-0082
[2025-11-19T06:36:19.202+0000] {subprocess.py:93} INFO - Added amber-202003-0088
[2025-11-19T06:36:19.203+0000] {subprocess.py:93} INFO - Added amber-202003-0093
[2025-11-19T06:36:19.203+0000] {subprocess.py:93} INFO - Added amber-202003-0123
[2025-11-19T06:36:19.203+0000] {subprocess.py:93} INFO - Added amber-202003-0070
[2025-11-19T06:36:19.204+0000] {subprocess.py:93} INFO - Added amber-202003-0071
[2025-11-19T06:36:19.204+0000] {subprocess.py:93} INFO - Added amber-202003-0072
[2025-11-19T06:36:19.204+0000] {subprocess.py:93} INFO - Added amber-202003-0102
[2025-11-19T06:36:19.205+0000] {subprocess.py:93} INFO - Added amber-202003-0073
[2025-11-19T06:36:19.205+0000] {subprocess.py:93} INFO - Added amber-202003-0074
[2025-11-19T06:36:19.205+0000] {subprocess.py:93} INFO - Added amber-202003-0075
[2025-11-19T06:36:19.205+0000] {subprocess.py:93} INFO - Added amber-202003-0076
[2025-11-19T06:36:19.206+0000] {subprocess.py:93} INFO - Added amber-202003-0078
[2025-11-19T06:36:19.206+0000] {subprocess.py:93} INFO - Added amber-202003-0079
[2025-11-19T06:36:19.206+0000] {subprocess.py:93} INFO - Added amber-202003-0089
[2025-11-19T06:36:19.207+0000] {subprocess.py:93} INFO - Added amber-202003-0084
[2025-11-19T06:36:19.207+0000] {subprocess.py:93} INFO - Added amber-202003-0086
[2025-11-19T06:36:19.207+0000] {subprocess.py:93} INFO - Added amber-202003-0085
[2025-11-19T06:36:19.207+0000] {subprocess.py:93} INFO - Added amber-202003-0087
[2025-11-19T06:36:19.208+0000] {subprocess.py:93} INFO - Added amber-202003-0090
[2025-11-19T06:36:19.208+0000] {subprocess.py:93} INFO - Added amber-202003-0095
[2025-11-19T06:36:19.208+0000] {subprocess.py:93} INFO - Added amber-202003-0096
[2025-11-19T06:36:19.209+0000] {subprocess.py:93} INFO - Added amber-202003-0097
[2025-11-19T06:36:19.209+0000] {subprocess.py:93} INFO - Added amber-202003-0100
[2025-11-19T06:36:19.209+0000] {subprocess.py:93} INFO - Added amber-202003-0098
[2025-11-19T06:36:19.210+0000] {subprocess.py:93} INFO - Added amber-202003-0236
[2025-11-19T06:36:19.210+0000] {subprocess.py:93} INFO - Added amber-202003-0099
[2025-11-19T06:36:19.210+0000] {subprocess.py:93} INFO - Added amber-202003-0101
[2025-11-19T06:36:19.210+0000] {subprocess.py:93} INFO - Added amber-202003-0104
[2025-11-19T06:36:19.211+0000] {subprocess.py:93} INFO - Added amber-202003-0108
[2025-11-19T06:36:19.211+0000] {subprocess.py:93} INFO - Added amber-202003-0109
[2025-11-19T06:36:19.211+0000] {subprocess.py:93} INFO - Added amber-202003-0110
[2025-11-19T06:36:19.212+0000] {subprocess.py:93} INFO - Added amber-202003-0111
[2025-11-19T06:36:19.212+0000] {subprocess.py:93} INFO - Added amber-202003-0114
[2025-11-19T06:36:19.212+0000] {subprocess.py:93} INFO - Added amber-202003-0115
[2025-11-19T06:36:19.213+0000] {subprocess.py:93} INFO - Added amber-202003-0117
[2025-11-19T06:36:19.213+0000] {subprocess.py:93} INFO - Added amber-202003-0119
[2025-11-19T06:36:19.213+0000] {subprocess.py:93} INFO - Added amber-202003-0120
[2025-11-19T06:36:19.213+0000] {subprocess.py:93} INFO - Added amber-202003-0112
[2025-11-19T06:36:19.214+0000] {subprocess.py:93} INFO - Added amber-202003-0113
[2025-11-19T06:36:19.214+0000] {subprocess.py:93} INFO - Added amber-202003-0116
[2025-11-19T06:36:19.214+0000] {subprocess.py:93} INFO - Added amber-202003-0237
[2025-11-19T06:36:19.215+0000] {subprocess.py:93} INFO - Added amber-202003-0118
[2025-11-19T06:36:19.215+0000] {subprocess.py:93} INFO - Added amber-202003-0122
[2025-11-19T06:36:19.216+0000] {subprocess.py:93} INFO - Added amber-202003-0121
[2025-11-19T06:36:19.216+0000] {subprocess.py:93} INFO - Added amber-202003-0141
[2025-11-19T06:36:19.216+0000] {subprocess.py:93} INFO - Added amber-202003-0124
[2025-11-19T06:36:19.217+0000] {subprocess.py:93} INFO - Added amber-202003-0125
[2025-11-19T06:36:19.217+0000] {subprocess.py:93} INFO - Added amber-202003-0126
[2025-11-19T06:36:19.217+0000] {subprocess.py:93} INFO - Added amber-202003-0127
[2025-11-19T06:36:19.217+0000] {subprocess.py:93} INFO - Added amber-202003-0129
[2025-11-19T06:36:19.218+0000] {subprocess.py:93} INFO - Added amber-202003-0140
[2025-11-19T06:36:19.218+0000] {subprocess.py:93} INFO - Added amber-202003-0142
[2025-11-19T06:36:19.219+0000] {subprocess.py:93} INFO - Added amber-202003-0143
[2025-11-19T06:36:19.219+0000] {subprocess.py:93} INFO - Added amber-202003-0128
[2025-11-19T06:36:19.219+0000] {subprocess.py:93} INFO - Added amber-202003-0135
[2025-11-19T06:36:19.220+0000] {subprocess.py:93} INFO - Added amber-202003-0144
[2025-11-19T06:36:19.220+0000] {subprocess.py:93} INFO - Added amber-202003-0130
[2025-11-19T06:36:19.220+0000] {subprocess.py:93} INFO - Added amber-202003-0131
[2025-11-19T06:36:19.221+0000] {subprocess.py:93} INFO - Added amber-202003-0132
[2025-11-19T06:36:19.221+0000] {subprocess.py:93} INFO - Added amber-202003-0133
[2025-11-19T06:36:19.221+0000] {subprocess.py:93} INFO - Added amber-202003-0134
[2025-11-19T06:36:19.222+0000] {subprocess.py:93} INFO - Added amber-202003-0136
[2025-11-19T06:36:19.222+0000] {subprocess.py:93} INFO - Added amber-202003-0137
[2025-11-19T06:36:19.222+0000] {subprocess.py:93} INFO - Added amber-202003-0138
[2025-11-19T06:36:19.222+0000] {subprocess.py:93} INFO - Added amber-202003-0139
[2025-11-19T06:36:19.222+0000] {subprocess.py:93} INFO - Added amber-202003-0145
[2025-11-19T06:36:19.223+0000] {subprocess.py:93} INFO - Added amber-202003-0146
[2025-11-19T06:36:19.223+0000] {subprocess.py:93} INFO - Added amber-202003-0149
[2025-11-19T06:36:19.223+0000] {subprocess.py:93} INFO - Added amber-202003-0147
[2025-11-19T06:36:19.223+0000] {subprocess.py:93} INFO - Added amber-202003-0150
[2025-11-19T06:36:19.223+0000] {subprocess.py:93} INFO - Added amber-202003-0172
[2025-11-19T06:36:19.224+0000] {subprocess.py:93} INFO - Added amber-202003-0148
[2025-11-19T06:36:19.224+0000] {subprocess.py:93} INFO - Added amber-202003-0151
[2025-11-19T06:36:19.224+0000] {subprocess.py:93} INFO - Added amber-202003-0152
[2025-11-19T06:36:19.225+0000] {subprocess.py:93} INFO - Added amber-202003-0153
[2025-11-19T06:36:19.225+0000] {subprocess.py:93} INFO - Added amber-202003-0154
[2025-11-19T06:36:19.225+0000] {subprocess.py:93} INFO - Added amber-202003-0155
[2025-11-19T06:36:19.226+0000] {subprocess.py:93} INFO - Added amber-202003-0156
[2025-11-19T06:36:19.226+0000] {subprocess.py:93} INFO - Added amber-202003-0157
[2025-11-19T06:36:19.226+0000] {subprocess.py:93} INFO - Added amber-202003-0158
[2025-11-19T06:36:19.227+0000] {subprocess.py:93} INFO - Added amber-202003-0166
[2025-11-19T06:36:19.227+0000] {subprocess.py:93} INFO - Added amber-202003-0171
[2025-11-19T06:36:19.227+0000] {subprocess.py:93} INFO - Added amber-202003-0187
[2025-11-19T06:36:19.228+0000] {subprocess.py:93} INFO - Added amber-202003-0159
[2025-11-19T06:36:19.228+0000] {subprocess.py:93} INFO - Added amber-202003-0174
[2025-11-19T06:36:19.228+0000] {subprocess.py:93} INFO - Added amber-202003-0180
[2025-11-19T06:36:19.228+0000] {subprocess.py:93} INFO - Added amber-202003-0160
[2025-11-19T06:36:19.229+0000] {subprocess.py:93} INFO - Added amber-202003-0161
[2025-11-19T06:36:19.229+0000] {subprocess.py:93} INFO - Added amber-202003-0162
[2025-11-19T06:36:19.229+0000] {subprocess.py:93} INFO - Added amber-202003-0163
[2025-11-19T06:36:19.229+0000] {subprocess.py:93} INFO - Added amber-202003-0165
[2025-11-19T06:36:19.229+0000] {subprocess.py:93} INFO - Added amber-202003-0164
[2025-11-19T06:36:19.230+0000] {subprocess.py:93} INFO - Added amber-202003-0167
[2025-11-19T06:36:19.230+0000] {subprocess.py:93} INFO - Added amber-202003-0169
[2025-11-19T06:36:19.230+0000] {subprocess.py:93} INFO - Added amber-202003-0168
[2025-11-19T06:36:19.230+0000] {subprocess.py:93} INFO - Added amber-202003-0170
[2025-11-19T06:36:19.230+0000] {subprocess.py:93} INFO - Added amber-202003-0173
[2025-11-19T06:36:19.230+0000] {subprocess.py:93} INFO - Added amber-202003-0175
[2025-11-19T06:36:19.231+0000] {subprocess.py:93} INFO - Added amber-202003-0176
[2025-11-19T06:36:19.231+0000] {subprocess.py:93} INFO - Added amber-202003-0177
[2025-11-19T06:36:19.231+0000] {subprocess.py:93} INFO - Added amber-202003-0178
[2025-11-19T06:36:19.231+0000] {subprocess.py:93} INFO - Added amber-202003-0179
[2025-11-19T06:36:19.231+0000] {subprocess.py:93} INFO - Added amber-202003-0181
[2025-11-19T06:36:19.231+0000] {subprocess.py:93} INFO - Added amber-202003-0185
[2025-11-19T06:36:19.232+0000] {subprocess.py:93} INFO - Added amber-202003-0191
[2025-11-19T06:36:19.232+0000] {subprocess.py:93} INFO - Added amber-202003-0192
[2025-11-19T06:36:19.232+0000] {subprocess.py:93} INFO - Added amber-202003-0193
[2025-11-19T06:36:19.233+0000] {subprocess.py:93} INFO - Added amber-202003-0202
[2025-11-19T06:36:19.233+0000] {subprocess.py:93} INFO - Added amber-202003-0206
[2025-11-19T06:36:19.233+0000] {subprocess.py:93} INFO - Added amber-202003-0182
[2025-11-19T06:36:19.234+0000] {subprocess.py:93} INFO - Added amber-202003-0183
[2025-11-19T06:36:19.234+0000] {subprocess.py:93} INFO - Added amber-202003-0184
[2025-11-19T06:36:19.235+0000] {subprocess.py:93} INFO - Added amber-202003-0186
[2025-11-19T06:36:19.235+0000] {subprocess.py:93} INFO - Added amber-202003-0239
[2025-11-19T06:36:19.235+0000] {subprocess.py:93} INFO - Added amber-202003-0188
[2025-11-19T06:36:19.236+0000] {subprocess.py:93} INFO - Added amber-202003-0240
[2025-11-19T06:36:19.236+0000] {subprocess.py:93} INFO - Added amber-202003-0189
[2025-11-19T06:36:19.236+0000] {subprocess.py:93} INFO - Added amber-202003-0190
[2025-11-19T06:36:19.236+0000] {subprocess.py:93} INFO - Added amber-202003-0194
[2025-11-19T06:36:19.236+0000] {subprocess.py:93} INFO - Added amber-202003-0195
[2025-11-19T06:36:19.237+0000] {subprocess.py:93} INFO - Added amber-202003-0196
[2025-11-19T06:36:19.237+0000] {subprocess.py:93} INFO - Added amber-202003-0197
[2025-11-19T06:36:19.237+0000] {subprocess.py:93} INFO - Added amber-202003-0198
[2025-11-19T06:36:19.237+0000] {subprocess.py:93} INFO - Added amber-202003-0200
[2025-11-19T06:36:19.237+0000] {subprocess.py:93} INFO - Added amber-202003-0201
[2025-11-19T06:36:19.237+0000] {subprocess.py:93} INFO - Added amber-202003-0203
[2025-11-19T06:36:19.238+0000] {subprocess.py:93} INFO - Added amber-202003-0204
[2025-11-19T06:36:19.238+0000] {subprocess.py:93} INFO - Added amber-202003-0205
[2025-11-19T06:36:19.238+0000] {subprocess.py:93} INFO - Added amber-202003-0207
[2025-11-19T06:36:19.238+0000] {subprocess.py:93} INFO - Added amber-202003-0199
[2025-11-19T06:36:19.239+0000] {subprocess.py:93} INFO - Added amber-202003-0277
[2025-11-19T06:36:19.239+0000] {subprocess.py:93} INFO - Added amber-202003-0208
[2025-11-19T06:36:19.239+0000] {subprocess.py:93} INFO - Added amber-202003-0209
[2025-11-19T06:36:19.240+0000] {subprocess.py:93} INFO - Added amber-202003-0210
[2025-11-19T06:36:19.240+0000] {subprocess.py:93} INFO - Added amber-202003-0211
[2025-11-19T06:36:19.240+0000] {subprocess.py:93} INFO - Added amber-202003-0212
[2025-11-19T06:36:19.241+0000] {subprocess.py:93} INFO - Added amber-202003-0213
[2025-11-19T06:36:19.241+0000] {subprocess.py:93} INFO - Added amber-202003-0214
[2025-11-19T06:36:19.241+0000] {subprocess.py:93} INFO - Added amber-202003-0215
[2025-11-19T06:36:19.241+0000] {subprocess.py:93} INFO - Added amber-202003-0217
[2025-11-19T06:36:19.241+0000] {subprocess.py:93} INFO - Added amber-202003-0221
[2025-11-19T06:36:19.241+0000] {subprocess.py:93} INFO - Added amber-202003-0216
[2025-11-19T06:36:19.242+0000] {subprocess.py:93} INFO - Added amber-202003-0219
[2025-11-19T06:36:19.242+0000] {subprocess.py:93} INFO - Added amber-202003-0225
[2025-11-19T06:36:19.242+0000] {subprocess.py:93} INFO - Added amber-202003-0226
[2025-11-19T06:36:19.243+0000] {subprocess.py:93} INFO - Added amber-202003-0228
[2025-11-19T06:36:19.243+0000] {subprocess.py:93} INFO - Added amber-202003-0227
[2025-11-19T06:36:19.243+0000] {subprocess.py:93} INFO - Added amber-202003-0218
[2025-11-19T06:36:19.243+0000] {subprocess.py:93} INFO - Added amber-202003-0220
[2025-11-19T06:36:19.244+0000] {subprocess.py:93} INFO - Added amber-202003-0222
[2025-11-19T06:36:19.244+0000] {subprocess.py:93} INFO - Added amber-202003-0223
[2025-11-19T06:36:19.244+0000] {subprocess.py:93} INFO - Added amber-202003-0241
[2025-11-19T06:36:19.244+0000] {subprocess.py:93} INFO - Added amber-202003-0224
[2025-11-19T06:36:19.245+0000] {subprocess.py:93} INFO - Added amber-202003-0229
[2025-11-19T06:36:19.245+0000] {subprocess.py:93} INFO - Added amber-202003-0230
[2025-11-19T06:36:19.245+0000] {subprocess.py:93} INFO - Added amber-202003-0248
[2025-11-19T06:36:19.246+0000] {subprocess.py:93} INFO - Added amber-202003-0253
[2025-11-19T06:36:19.246+0000] {subprocess.py:93} INFO - Added amber-202003-0261
[2025-11-19T06:36:19.246+0000] {subprocess.py:93} INFO - Added amber-202003-0262
[2025-11-19T06:36:19.246+0000] {subprocess.py:93} INFO - Added amber-202003-0231
[2025-11-19T06:36:19.246+0000] {subprocess.py:93} INFO - Added amber-202003-0232
[2025-11-19T06:36:19.247+0000] {subprocess.py:93} INFO - Added amber-202003-0238
[2025-11-19T06:36:19.247+0000] {subprocess.py:93} INFO - Added amber-202003-0233
[2025-11-19T06:36:19.248+0000] {subprocess.py:93} INFO - Added amber-202003-0234
[2025-11-19T06:36:19.248+0000] {subprocess.py:93} INFO - Added amber-202003-0250
[2025-11-19T06:36:19.248+0000] {subprocess.py:93} INFO - Added amber-202003-0235
[2025-11-19T06:36:19.248+0000] {subprocess.py:93} INFO - Added amber-202003-0242
[2025-11-19T06:36:19.249+0000] {subprocess.py:93} INFO - Added amber-202003-0245
[2025-11-19T06:36:19.249+0000] {subprocess.py:93} INFO - Added amber-202003-0258
[2025-11-19T06:36:19.249+0000] {subprocess.py:93} INFO - Added amber-202003-0260
[2025-11-19T06:36:19.249+0000] {subprocess.py:93} INFO - Added amber-202003-0264
[2025-11-19T06:36:19.249+0000] {subprocess.py:93} INFO - Added amber-202003-0243
[2025-11-19T06:36:19.250+0000] {subprocess.py:93} INFO - Added amber-202003-0244
[2025-11-19T06:36:19.250+0000] {subprocess.py:93} INFO - Added amber-202003-0246
[2025-11-19T06:36:19.251+0000] {subprocess.py:93} INFO - Added amber-202003-0252
[2025-11-19T06:36:19.251+0000] {subprocess.py:93} INFO - Added amber-202003-0251
[2025-11-19T06:36:19.252+0000] {subprocess.py:93} INFO - Added amber-202003-0247
[2025-11-19T06:36:19.252+0000] {subprocess.py:93} INFO - Added amber-202003-0254
[2025-11-19T06:36:19.252+0000] {subprocess.py:93} INFO - Added amber-202003-0249
[2025-11-19T06:36:19.252+0000] {subprocess.py:93} INFO - Added amber-202003-0255
[2025-11-19T06:36:19.253+0000] {subprocess.py:93} INFO - Added amber-202003-0257
[2025-11-19T06:36:19.253+0000] {subprocess.py:93} INFO - Added amber-202003-0256
[2025-11-19T06:36:19.253+0000] {subprocess.py:93} INFO - Added amber-202003-0259
[2025-11-19T06:36:19.253+0000] {subprocess.py:93} INFO - Added amber-202003-0283
[2025-11-19T06:36:19.254+0000] {subprocess.py:93} INFO - Added amber-202003-0284
[2025-11-19T06:36:19.254+0000] {subprocess.py:93} INFO - Added amber-202003-0294
[2025-11-19T06:36:19.254+0000] {subprocess.py:93} INFO - Added amber-202003-0263
[2025-11-19T06:36:19.255+0000] {subprocess.py:93} INFO - Added amber-202003-0269
[2025-11-19T06:36:19.255+0000] {subprocess.py:93} INFO - Added amber-202003-0279
[2025-11-19T06:36:19.255+0000] {subprocess.py:93} INFO - Added amber-202003-0280
[2025-11-19T06:36:19.255+0000] {subprocess.py:93} INFO - Added amber-202003-0281
[2025-11-19T06:36:19.255+0000] {subprocess.py:93} INFO - Added amber-202003-0265
[2025-11-19T06:36:19.255+0000] {subprocess.py:93} INFO - Added amber-202003-0267
[2025-11-19T06:36:19.256+0000] {subprocess.py:93} INFO - Added amber-202003-0266
[2025-11-19T06:36:19.256+0000] {subprocess.py:93} INFO - Added amber-202003-0268
[2025-11-19T06:36:19.256+0000] {subprocess.py:93} INFO - Added amber-202003-0270
[2025-11-19T06:36:19.256+0000] {subprocess.py:93} INFO - Added amber-202003-0278
[2025-11-19T06:36:19.257+0000] {subprocess.py:93} INFO - Added amber-202003-0271
[2025-11-19T06:36:19.257+0000] {subprocess.py:93} INFO - Added amber-202003-0272
[2025-11-19T06:36:19.257+0000] {subprocess.py:93} INFO - Added amber-202003-0282
[2025-11-19T06:36:19.257+0000] {subprocess.py:93} INFO - Added amber-202003-0276
[2025-11-19T06:36:19.258+0000] {subprocess.py:93} INFO - Added amber-202003-0285
[2025-11-19T06:36:19.258+0000] {subprocess.py:93} INFO - Added amber-202003-0286
[2025-11-19T06:36:19.258+0000] {subprocess.py:93} INFO - Added amber-202003-0287
[2025-11-19T06:36:19.258+0000] {subprocess.py:93} INFO - Added amber-202003-0289
[2025-11-19T06:36:19.258+0000] {subprocess.py:93} INFO - Added amber-202003-0291
[2025-11-19T06:36:19.259+0000] {subprocess.py:93} INFO - Added amber-202003-0288
[2025-11-19T06:36:19.259+0000] {subprocess.py:93} INFO - Added amber-202003-0290
[2025-11-19T06:36:19.259+0000] {subprocess.py:93} INFO - Added amber-202003-0292
[2025-11-19T06:36:19.259+0000] {subprocess.py:93} INFO - Added amber-202003-0293
[2025-11-19T06:36:19.259+0000] {subprocess.py:93} INFO - Added amber-202003-0304
[2025-11-19T06:36:19.260+0000] {subprocess.py:93} INFO - Added amber-202003-0295
[2025-11-19T06:36:19.260+0000] {subprocess.py:93} INFO - Added amber-202003-0297
[2025-11-19T06:36:19.260+0000] {subprocess.py:93} INFO - Added amber-202003-0300
[2025-11-19T06:36:19.260+0000] {subprocess.py:93} INFO - Added amber-202003-0302
[2025-11-19T06:36:19.260+0000] {subprocess.py:93} INFO - Added amber-202003-0296
[2025-11-19T06:36:19.260+0000] {subprocess.py:93} INFO - Added amber-202003-0298
[2025-11-19T06:36:19.261+0000] {subprocess.py:93} INFO - Added amber-202003-0299
[2025-11-19T06:36:19.261+0000] {subprocess.py:93} INFO - Added amber-202003-0301
[2025-11-19T06:36:19.261+0000] {subprocess.py:93} INFO - Added amber-202003-0303
[2025-11-19T06:36:19.261+0000] {subprocess.py:93} INFO - Added amber-202003-0322
[2025-11-19T06:36:19.262+0000] {subprocess.py:93} INFO - Added amber-202003-0324
[2025-11-19T06:36:19.262+0000] {subprocess.py:93} INFO - Added amber-202003-0318
[2025-11-19T06:36:19.262+0000] {subprocess.py:93} INFO - Added amber-202003-0320
[2025-11-19T06:36:19.262+0000] {subprocess.py:93} INFO - Added amber-202003-0321
[2025-11-19T06:36:19.262+0000] {subprocess.py:93} INFO - Added amber-202003-0323
[2025-11-19T06:36:19.263+0000] {subprocess.py:93} INFO - Added amber-202003-0305
[2025-11-19T06:36:19.263+0000] {subprocess.py:93} INFO - Added amber-202003-0308
[2025-11-19T06:36:19.263+0000] {subprocess.py:93} INFO - Added amber-202003-0309
[2025-11-19T06:36:19.264+0000] {subprocess.py:93} INFO - Added amber-202003-0310
[2025-11-19T06:36:19.264+0000] {subprocess.py:93} INFO - Added amber-202003-0306
[2025-11-19T06:36:19.265+0000] {subprocess.py:93} INFO - Added amber-202003-0307
[2025-11-19T06:36:19.265+0000] {subprocess.py:93} INFO - Added amber-202003-0313
[2025-11-19T06:36:19.265+0000] {subprocess.py:93} INFO - Added amber-202003-0314
[2025-11-19T06:36:19.266+0000] {subprocess.py:93} INFO - Added amber-202003-0315
[2025-11-19T06:36:19.266+0000] {subprocess.py:93} INFO - Added amber-202003-0311
[2025-11-19T06:36:19.266+0000] {subprocess.py:93} INFO - Added amber-202003-0312
[2025-11-19T06:36:19.266+0000] {subprocess.py:93} INFO - Added amber-202003-0319
[2025-11-19T06:36:19.267+0000] {subprocess.py:93} INFO - Added amber-202003-0316
[2025-11-19T06:36:19.267+0000] {subprocess.py:93} INFO - Added amber-202003-0317
[2025-11-19T06:36:19.267+0000] {subprocess.py:93} INFO - Added amber-202003-0325
[2025-11-19T06:36:19.268+0000] {subprocess.py:93} INFO - Wrote 326 messages to /opt/airflow/data/RawData/2020_Data/2020_Mar.json
[2025-11-19T06:36:19.268+0000] {subprocess.py:93} INFO - Working on 2020 Apr ...
[2025-11-19T06:36:19.268+0000] {subprocess.py:93} INFO - Added 2020: Apr
[2025-11-19T06:36:19.269+0000] {subprocess.py:93} INFO - Added amber-202004-0000
[2025-11-19T06:36:19.269+0000] {subprocess.py:93} INFO - Added amber-202004-0001
[2025-11-19T06:36:19.269+0000] {subprocess.py:93} INFO - Added amber-202004-0076
[2025-11-19T06:36:19.270+0000] {subprocess.py:93} INFO - Added amber-202004-0002
[2025-11-19T06:36:19.270+0000] {subprocess.py:93} INFO - Added amber-202004-0231
[2025-11-19T06:36:19.271+0000] {subprocess.py:93} INFO - Added amber-202004-0003
[2025-11-19T06:36:19.271+0000] {subprocess.py:93} INFO - Added amber-202004-0006
[2025-11-19T06:36:19.271+0000] {subprocess.py:93} INFO - Added amber-202004-0007
[2025-11-19T06:36:19.271+0000] {subprocess.py:93} INFO - Added amber-202004-0011
[2025-11-19T06:36:19.272+0000] {subprocess.py:93} INFO - Added amber-202004-0012
[2025-11-19T06:36:19.272+0000] {subprocess.py:93} INFO - Added amber-202004-0026
[2025-11-19T06:36:19.272+0000] {subprocess.py:93} INFO - Added amber-202004-0028
[2025-11-19T06:36:19.272+0000] {subprocess.py:93} INFO - Added amber-202004-0035
[2025-11-19T06:36:19.272+0000] {subprocess.py:93} INFO - Added amber-202004-0036
[2025-11-19T06:36:19.273+0000] {subprocess.py:93} INFO - Added amber-202004-0043
[2025-11-19T06:36:19.273+0000] {subprocess.py:93} INFO - Added amber-202004-0047
[2025-11-19T06:36:19.273+0000] {subprocess.py:93} INFO - Added amber-202004-0004
[2025-11-19T06:36:19.273+0000] {subprocess.py:93} INFO - Added amber-202004-0005
[2025-11-19T06:36:19.273+0000] {subprocess.py:93} INFO - Added amber-202004-0008
[2025-11-19T06:36:19.274+0000] {subprocess.py:93} INFO - Added amber-202004-0009
[2025-11-19T06:36:19.274+0000] {subprocess.py:93} INFO - Added amber-202004-0010
[2025-11-19T06:36:19.274+0000] {subprocess.py:93} INFO - Added amber-202004-0013
[2025-11-19T06:36:19.274+0000] {subprocess.py:93} INFO - Added amber-202004-0014
[2025-11-19T06:36:19.274+0000] {subprocess.py:93} INFO - Added amber-202004-0015
[2025-11-19T06:36:19.274+0000] {subprocess.py:93} INFO - Added amber-202004-0016
[2025-11-19T06:36:19.275+0000] {subprocess.py:93} INFO - Added amber-202004-0041
[2025-11-19T06:36:19.275+0000] {subprocess.py:93} INFO - Added amber-202004-0044
[2025-11-19T06:36:19.276+0000] {subprocess.py:93} INFO - Added amber-202004-0017
[2025-11-19T06:36:19.276+0000] {subprocess.py:93} INFO - Added amber-202004-0018
[2025-11-19T06:36:19.276+0000] {subprocess.py:93} INFO - Added amber-202004-0049
[2025-11-19T06:36:19.276+0000] {subprocess.py:93} INFO - Added amber-202004-0052
[2025-11-19T06:36:19.277+0000] {subprocess.py:93} INFO - Added amber-202004-0019
[2025-11-19T06:36:19.277+0000] {subprocess.py:93} INFO - Added amber-202004-0020
[2025-11-19T06:36:19.277+0000] {subprocess.py:93} INFO - Added amber-202004-0021
[2025-11-19T06:36:19.277+0000] {subprocess.py:93} INFO - Added amber-202004-0022
[2025-11-19T06:36:19.277+0000] {subprocess.py:93} INFO - Added amber-202004-0023
[2025-11-19T06:36:19.278+0000] {subprocess.py:93} INFO - Added amber-202004-0024
[2025-11-19T06:36:19.278+0000] {subprocess.py:93} INFO - Added amber-202004-0025
[2025-11-19T06:36:19.278+0000] {subprocess.py:93} INFO - Added amber-202004-0027
[2025-11-19T06:36:19.279+0000] {subprocess.py:93} INFO - Added amber-202004-0034
[2025-11-19T06:36:19.279+0000] {subprocess.py:93} INFO - Added amber-202004-0038
[2025-11-19T06:36:19.280+0000] {subprocess.py:93} INFO - Added amber-202004-0123
[2025-11-19T06:36:19.280+0000] {subprocess.py:93} INFO - Added amber-202004-0029
[2025-11-19T06:36:19.281+0000] {subprocess.py:93} INFO - Added amber-202004-0030
[2025-11-19T06:36:19.281+0000] {subprocess.py:93} INFO - Added amber-202004-0033
[2025-11-19T06:36:19.281+0000] {subprocess.py:93} INFO - Added amber-202004-0031
[2025-11-19T06:36:19.282+0000] {subprocess.py:93} INFO - Added amber-202004-0032
[2025-11-19T06:36:19.282+0000] {subprocess.py:93} INFO - Added amber-202004-0039
[2025-11-19T06:36:19.282+0000] {subprocess.py:93} INFO - Added amber-202004-0040
[2025-11-19T06:36:19.283+0000] {subprocess.py:93} INFO - Added amber-202004-0051
[2025-11-19T06:36:19.283+0000] {subprocess.py:93} INFO - Added amber-202004-0054
[2025-11-19T06:36:19.284+0000] {subprocess.py:93} INFO - Added amber-202004-0037
[2025-11-19T06:36:19.284+0000] {subprocess.py:93} INFO - Added amber-202004-0072
[2025-11-19T06:36:19.284+0000] {subprocess.py:93} INFO - Added amber-202004-0075
[2025-11-19T06:36:19.284+0000] {subprocess.py:93} INFO - Added amber-202004-0042
[2025-11-19T06:36:19.285+0000] {subprocess.py:93} INFO - Added amber-202004-0046
[2025-11-19T06:36:19.285+0000] {subprocess.py:93} INFO - Added amber-202004-0056
[2025-11-19T06:36:19.285+0000] {subprocess.py:93} INFO - Added amber-202004-0053
[2025-11-19T06:36:19.285+0000] {subprocess.py:93} INFO - Added amber-202004-0055
[2025-11-19T06:36:19.285+0000] {subprocess.py:93} INFO - Added amber-202004-0045
[2025-11-19T06:36:19.286+0000] {subprocess.py:93} INFO - Added amber-202004-0048
[2025-11-19T06:36:19.286+0000] {subprocess.py:93} INFO - Added amber-202004-0050
[2025-11-19T06:36:19.286+0000] {subprocess.py:93} INFO - Added amber-202004-0057
[2025-11-19T06:36:19.286+0000] {subprocess.py:93} INFO - Added amber-202004-0058
[2025-11-19T06:36:19.286+0000] {subprocess.py:93} INFO - Added amber-202004-0061
[2025-11-19T06:36:19.287+0000] {subprocess.py:93} INFO - Added amber-202004-0059
[2025-11-19T06:36:19.287+0000] {subprocess.py:93} INFO - Added amber-202004-0060
[2025-11-19T06:37:06.149+0000] {subprocess.py:93} INFO - Added amber-202004-0062
[2025-11-19T06:37:06.150+0000] {subprocess.py:93} INFO - Added amber-202004-0063
[2025-11-19T06:37:06.151+0000] {subprocess.py:93} INFO - Added amber-202004-0064
[2025-11-19T06:37:06.151+0000] {subprocess.py:93} INFO - Added amber-202004-0065
[2025-11-19T06:37:06.152+0000] {subprocess.py:93} INFO - Added amber-202004-0066
[2025-11-19T06:37:06.152+0000] {subprocess.py:93} INFO - Added amber-202004-0067
[2025-11-19T06:37:06.152+0000] {subprocess.py:93} INFO - Added amber-202004-0068
[2025-11-19T06:37:06.153+0000] {subprocess.py:93} INFO - Added amber-202004-0079
[2025-11-19T06:37:06.153+0000] {subprocess.py:93} INFO - Added amber-202004-0080
[2025-11-19T06:37:06.153+0000] {subprocess.py:93} INFO - Added amber-202004-0081
[2025-11-19T06:37:06.154+0000] {subprocess.py:93} INFO - Added amber-202004-0092
[2025-11-19T06:37:06.154+0000] {subprocess.py:93} INFO - Added amber-202004-0093
[2025-11-19T06:37:06.154+0000] {subprocess.py:93} INFO - Added amber-202004-0094
[2025-11-19T06:37:06.155+0000] {subprocess.py:93} INFO - Added amber-202004-0112
[2025-11-19T06:37:06.155+0000] {subprocess.py:93} INFO - Added amber-202004-0120
[2025-11-19T06:37:06.155+0000] {subprocess.py:93} INFO - Added amber-202004-0069
[2025-11-19T06:37:06.156+0000] {subprocess.py:93} INFO - Added amber-202004-0070
[2025-11-19T06:37:06.156+0000] {subprocess.py:93} INFO - Added amber-202004-0071
[2025-11-19T06:37:06.156+0000] {subprocess.py:93} INFO - Added amber-202004-0074
[2025-11-19T06:37:06.157+0000] {subprocess.py:93} INFO - Added amber-202004-0108
[2025-11-19T06:37:06.157+0000] {subprocess.py:93} INFO - Added amber-202004-0073
[2025-11-19T06:37:06.158+0000] {subprocess.py:93} INFO - Added amber-202004-0077
[2025-11-19T06:37:06.158+0000] {subprocess.py:93} INFO - Added amber-202004-0083
[2025-11-19T06:37:06.158+0000] {subprocess.py:93} INFO - Added amber-202004-0078
[2025-11-19T06:37:06.159+0000] {subprocess.py:93} INFO - Added amber-202004-0082
[2025-11-19T06:37:06.159+0000] {subprocess.py:93} INFO - Added amber-202004-0084
[2025-11-19T06:37:06.159+0000] {subprocess.py:93} INFO - Added amber-202004-0102
[2025-11-19T06:37:06.160+0000] {subprocess.py:93} INFO - Added amber-202004-0103
[2025-11-19T06:37:06.160+0000] {subprocess.py:93} INFO - Added amber-202004-0104
[2025-11-19T06:37:06.160+0000] {subprocess.py:93} INFO - Added amber-202004-0085
[2025-11-19T06:37:06.161+0000] {subprocess.py:93} INFO - Added amber-202004-0087
[2025-11-19T06:37:06.161+0000] {subprocess.py:93} INFO - Added amber-202004-0088
[2025-11-19T06:37:06.162+0000] {subprocess.py:93} INFO - Added amber-202004-0090
[2025-11-19T06:37:06.162+0000] {subprocess.py:93} INFO - Added amber-202004-0091
[2025-11-19T06:37:06.162+0000] {subprocess.py:93} INFO - Added amber-202004-0089
[2025-11-19T06:37:06.163+0000] {subprocess.py:93} INFO - Added amber-202004-0086
[2025-11-19T06:37:06.163+0000] {subprocess.py:93} INFO - Added amber-202004-0095
[2025-11-19T06:37:06.163+0000] {subprocess.py:93} INFO - Added amber-202004-0096
[2025-11-19T06:37:06.164+0000] {subprocess.py:93} INFO - Added amber-202004-0099
[2025-11-19T06:37:06.164+0000] {subprocess.py:93} INFO - Added amber-202004-0105
[2025-11-19T06:37:06.164+0000] {subprocess.py:93} INFO - Added amber-202004-0107
[2025-11-19T06:37:06.165+0000] {subprocess.py:93} INFO - Added amber-202004-0111
[2025-11-19T06:37:06.165+0000] {subprocess.py:93} INFO - Added amber-202004-0114
[2025-11-19T06:37:06.165+0000] {subprocess.py:93} INFO - Added amber-202004-0126
[2025-11-19T06:37:06.166+0000] {subprocess.py:93} INFO - Added amber-202004-0129
[2025-11-19T06:37:06.166+0000] {subprocess.py:93} INFO - Added amber-202004-0132
[2025-11-19T06:37:06.166+0000] {subprocess.py:93} INFO - Added amber-202004-0143
[2025-11-19T06:37:06.167+0000] {subprocess.py:93} INFO - Added amber-202004-0145
[2025-11-19T06:37:06.167+0000] {subprocess.py:93} INFO - Added amber-202004-0166
[2025-11-19T06:37:06.167+0000] {subprocess.py:93} INFO - Added amber-202004-0097
[2025-11-19T06:37:06.168+0000] {subprocess.py:93} INFO - Added amber-202004-0098
[2025-11-19T06:37:06.168+0000] {subprocess.py:93} INFO - Added amber-202004-0128
[2025-11-19T06:37:06.168+0000] {subprocess.py:93} INFO - Added amber-202004-0148
[2025-11-19T06:37:06.169+0000] {subprocess.py:93} INFO - Added amber-202004-0149
[2025-11-19T06:37:06.169+0000] {subprocess.py:93} INFO - Added amber-202004-0161
[2025-11-19T06:37:06.169+0000] {subprocess.py:93} INFO - Added amber-202004-0167
[2025-11-19T06:37:06.170+0000] {subprocess.py:93} INFO - Added amber-202004-0150
[2025-11-19T06:37:06.170+0000] {subprocess.py:93} INFO - Added amber-202004-0100
[2025-11-19T06:37:06.170+0000] {subprocess.py:93} INFO - Added amber-202004-0115
[2025-11-19T06:37:06.171+0000] {subprocess.py:93} INFO - Added amber-202004-0116
[2025-11-19T06:37:06.171+0000] {subprocess.py:93} INFO - Added amber-202004-0118
[2025-11-19T06:37:06.171+0000] {subprocess.py:93} INFO - Added amber-202004-0144
[2025-11-19T06:37:06.172+0000] {subprocess.py:93} INFO - Added amber-202004-0151
[2025-11-19T06:37:06.172+0000] {subprocess.py:93} INFO - Added amber-202004-0152
[2025-11-19T06:37:06.172+0000] {subprocess.py:93} INFO - Added amber-202004-0156
[2025-11-19T06:37:06.173+0000] {subprocess.py:93} INFO - Added amber-202004-0117
[2025-11-19T06:37:06.173+0000] {subprocess.py:93} INFO - Added amber-202004-0130
[2025-11-19T06:37:06.173+0000] {subprocess.py:93} INFO - Added amber-202004-0209
[2025-11-19T06:37:06.173+0000] {subprocess.py:93} INFO - Added amber-202004-0211
[2025-11-19T06:37:06.174+0000] {subprocess.py:93} INFO - Added amber-202004-0214
[2025-11-19T06:37:06.174+0000] {subprocess.py:93} INFO - Added amber-202004-0101
[2025-11-19T06:37:06.174+0000] {subprocess.py:93} INFO - Added amber-202004-0106
[2025-11-19T06:37:06.175+0000] {subprocess.py:93} INFO - Added amber-202004-0113
[2025-11-19T06:37:06.175+0000] {subprocess.py:93} INFO - Added amber-202004-0124
[2025-11-19T06:37:06.175+0000] {subprocess.py:93} INFO - Added amber-202004-0131
[2025-11-19T06:37:06.176+0000] {subprocess.py:93} INFO - Added amber-202004-0133
[2025-11-19T06:37:06.176+0000] {subprocess.py:93} INFO - Added amber-202004-0168
[2025-11-19T06:37:06.176+0000] {subprocess.py:93} INFO - Added amber-202004-0169
[2025-11-19T06:37:06.176+0000] {subprocess.py:93} INFO - Added amber-202004-0109
[2025-11-19T06:37:06.177+0000] {subprocess.py:93} INFO - Added amber-202004-0110
[2025-11-19T06:37:06.177+0000] {subprocess.py:93} INFO - Added amber-202004-0163
[2025-11-19T06:37:06.177+0000] {subprocess.py:93} INFO - Added amber-202004-0164
[2025-11-19T06:37:06.178+0000] {subprocess.py:93} INFO - Added amber-202004-0119
[2025-11-19T06:37:06.178+0000] {subprocess.py:93} INFO - Added amber-202004-0121
[2025-11-19T06:37:06.178+0000] {subprocess.py:93} INFO - Added amber-202004-0125
[2025-11-19T06:37:06.178+0000] {subprocess.py:93} INFO - Added amber-202004-0122
[2025-11-19T06:37:06.179+0000] {subprocess.py:93} INFO - Added amber-202004-0127
[2025-11-19T06:37:06.179+0000] {subprocess.py:93} INFO - Added amber-202004-0134
[2025-11-19T06:37:06.180+0000] {subprocess.py:93} INFO - Added amber-202004-0135
[2025-11-19T06:37:06.180+0000] {subprocess.py:93} INFO - Added amber-202004-0136
[2025-11-19T06:37:06.180+0000] {subprocess.py:93} INFO - Added amber-202004-0137
[2025-11-19T06:37:06.181+0000] {subprocess.py:93} INFO - Added amber-202004-0138
[2025-11-19T06:37:06.181+0000] {subprocess.py:93} INFO - Added amber-202004-0142
[2025-11-19T06:37:06.181+0000] {subprocess.py:93} INFO - Added amber-202004-0160
[2025-11-19T06:37:06.182+0000] {subprocess.py:93} INFO - Added amber-202004-0139
[2025-11-19T06:37:06.182+0000] {subprocess.py:93} INFO - Added amber-202004-0140
[2025-11-19T06:37:06.182+0000] {subprocess.py:93} INFO - Added amber-202004-0141
[2025-11-19T06:37:06.182+0000] {subprocess.py:93} INFO - Added amber-202004-0146
[2025-11-19T06:37:06.183+0000] {subprocess.py:93} INFO - Added amber-202004-0147
[2025-11-19T06:37:06.183+0000] {subprocess.py:93} INFO - Added amber-202004-0153
[2025-11-19T06:37:06.183+0000] {subprocess.py:93} INFO - Added amber-202004-0155
[2025-11-19T06:37:06.184+0000] {subprocess.py:93} INFO - Added amber-202004-0159
[2025-11-19T06:37:06.184+0000] {subprocess.py:93} INFO - Added amber-202004-0154
[2025-11-19T06:37:06.184+0000] {subprocess.py:93} INFO - Added amber-202004-0157
[2025-11-19T06:37:06.184+0000] {subprocess.py:93} INFO - Added amber-202004-0158
[2025-11-19T06:37:06.185+0000] {subprocess.py:93} INFO - Added amber-202004-0162
[2025-11-19T06:37:06.185+0000] {subprocess.py:93} INFO - Added amber-202004-0173
[2025-11-19T06:37:06.185+0000] {subprocess.py:93} INFO - Added amber-202004-0165
[2025-11-19T06:37:06.186+0000] {subprocess.py:93} INFO - Added amber-202004-0170
[2025-11-19T06:37:06.186+0000] {subprocess.py:93} INFO - Added amber-202004-0176
[2025-11-19T06:37:06.187+0000] {subprocess.py:93} INFO - Added amber-202004-0193
[2025-11-19T06:37:06.187+0000] {subprocess.py:93} INFO - Added amber-202004-0197
[2025-11-19T06:37:06.187+0000] {subprocess.py:93} INFO - Added amber-202004-0171
[2025-11-19T06:37:06.187+0000] {subprocess.py:93} INFO - Added amber-202004-0172
[2025-11-19T06:37:06.188+0000] {subprocess.py:93} INFO - Added amber-202004-0174
[2025-11-19T06:37:06.188+0000] {subprocess.py:93} INFO - Added amber-202004-0195
[2025-11-19T06:37:06.189+0000] {subprocess.py:93} INFO - Added amber-202004-0196
[2025-11-19T06:37:06.189+0000] {subprocess.py:93} INFO - Added amber-202004-0198
[2025-11-19T06:37:06.189+0000] {subprocess.py:93} INFO - Added amber-202004-0208
[2025-11-19T06:37:06.190+0000] {subprocess.py:93} INFO - Added amber-202004-0215
[2025-11-19T06:37:06.190+0000] {subprocess.py:93} INFO - Added amber-202004-0217
[2025-11-19T06:37:06.190+0000] {subprocess.py:93} INFO - Added amber-202004-0225
[2025-11-19T06:37:06.191+0000] {subprocess.py:93} INFO - Added amber-202004-0226
[2025-11-19T06:37:06.191+0000] {subprocess.py:93} INFO - Added amber-202004-0238
[2025-11-19T06:37:06.192+0000] {subprocess.py:93} INFO - Added amber-202004-0282
[2025-11-19T06:37:06.192+0000] {subprocess.py:93} INFO - Added amber-202004-0283
[2025-11-19T06:37:06.192+0000] {subprocess.py:93} INFO - Added amber-202004-0308
[2025-11-19T06:37:06.193+0000] {subprocess.py:93} INFO - Added amber-202004-0309
[2025-11-19T06:37:06.193+0000] {subprocess.py:93} INFO - Added amber-202004-0347
[2025-11-19T06:37:06.193+0000] {subprocess.py:93} INFO - Added amber-202004-0175
[2025-11-19T06:37:06.194+0000] {subprocess.py:93} INFO - Added amber-202004-0177
[2025-11-19T06:37:06.194+0000] {subprocess.py:93} INFO - Added amber-202004-0178
[2025-11-19T06:37:06.194+0000] {subprocess.py:93} INFO - Added amber-202004-0180
[2025-11-19T06:37:06.195+0000] {subprocess.py:93} INFO - Added amber-202004-0182
[2025-11-19T06:37:06.195+0000] {subprocess.py:93} INFO - Added amber-202004-0183
[2025-11-19T06:37:06.196+0000] {subprocess.py:93} INFO - Added amber-202004-0184
[2025-11-19T06:37:06.196+0000] {subprocess.py:93} INFO - Added amber-202004-0185
[2025-11-19T06:37:06.196+0000] {subprocess.py:93} INFO - Added amber-202004-0186
[2025-11-19T06:37:06.197+0000] {subprocess.py:93} INFO - Added amber-202004-0190
[2025-11-19T06:37:06.197+0000] {subprocess.py:93} INFO - Added amber-202004-0191
[2025-11-19T06:37:06.197+0000] {subprocess.py:93} INFO - Added amber-202004-0199
[2025-11-19T06:37:06.198+0000] {subprocess.py:93} INFO - Added amber-202004-0200
[2025-11-19T06:37:06.198+0000] {subprocess.py:93} INFO - Added amber-202004-0179
[2025-11-19T06:37:06.198+0000] {subprocess.py:93} INFO - Added amber-202004-0181
[2025-11-19T06:37:06.199+0000] {subprocess.py:93} INFO - Added amber-202004-0187
[2025-11-19T06:37:06.199+0000] {subprocess.py:93} INFO - Added amber-202004-0188
[2025-11-19T06:37:06.199+0000] {subprocess.py:93} INFO - Added amber-202004-0189
[2025-11-19T06:37:06.200+0000] {subprocess.py:93} INFO - Added amber-202004-0192
[2025-11-19T06:37:06.200+0000] {subprocess.py:93} INFO - Added amber-202004-0194
[2025-11-19T06:37:06.200+0000] {subprocess.py:93} INFO - Added amber-202004-0201
[2025-11-19T06:37:06.201+0000] {subprocess.py:93} INFO - Added amber-202004-0202
[2025-11-19T06:37:06.201+0000] {subprocess.py:93} INFO - Added amber-202004-0203
[2025-11-19T06:37:06.201+0000] {subprocess.py:93} INFO - Added amber-202004-0204
[2025-11-19T06:37:06.202+0000] {subprocess.py:93} INFO - Added amber-202004-0205
[2025-11-19T06:37:06.202+0000] {subprocess.py:93} INFO - Added amber-202004-0206
[2025-11-19T06:37:06.203+0000] {subprocess.py:93} INFO - Added amber-202004-0207
[2025-11-19T06:37:06.203+0000] {subprocess.py:93} INFO - Added amber-202004-0210
[2025-11-19T06:37:06.203+0000] {subprocess.py:93} INFO - Added amber-202004-0212
[2025-11-19T06:37:06.203+0000] {subprocess.py:93} INFO - Added amber-202004-0213
[2025-11-19T06:37:06.204+0000] {subprocess.py:93} INFO - Added amber-202004-0216
[2025-11-19T06:37:06.204+0000] {subprocess.py:93} INFO - Added amber-202004-0218
[2025-11-19T06:37:06.205+0000] {subprocess.py:93} INFO - Added amber-202004-0222
[2025-11-19T06:37:06.205+0000] {subprocess.py:93} INFO - Added amber-202004-0219
[2025-11-19T06:37:06.205+0000] {subprocess.py:93} INFO - Added amber-202004-0223
[2025-11-19T06:37:06.206+0000] {subprocess.py:93} INFO - Added amber-202004-0224
[2025-11-19T06:37:06.206+0000] {subprocess.py:93} INFO - Added amber-202004-0227
[2025-11-19T06:37:06.206+0000] {subprocess.py:93} INFO - Added amber-202004-0229
[2025-11-19T06:37:06.206+0000] {subprocess.py:93} INFO - Added amber-202004-0220
[2025-11-19T06:37:06.207+0000] {subprocess.py:93} INFO - Added amber-202004-0221
[2025-11-19T06:37:06.207+0000] {subprocess.py:93} INFO - Added amber-202004-0228
[2025-11-19T06:37:06.208+0000] {subprocess.py:93} INFO - Added amber-202004-0230
[2025-11-19T06:37:06.208+0000] {subprocess.py:93} INFO - Added amber-202004-0237
[2025-11-19T06:37:06.208+0000] {subprocess.py:93} INFO - Added amber-202004-0240
[2025-11-19T06:37:06.209+0000] {subprocess.py:93} INFO - Added amber-202004-0243
[2025-11-19T06:37:06.209+0000] {subprocess.py:93} INFO - Added amber-202004-0245
[2025-11-19T06:37:06.209+0000] {subprocess.py:93} INFO - Added amber-202004-0250
[2025-11-19T06:37:06.210+0000] {subprocess.py:93} INFO - Added amber-202004-0232
[2025-11-19T06:37:06.210+0000] {subprocess.py:93} INFO - Added amber-202004-0233
[2025-11-19T06:37:06.210+0000] {subprocess.py:93} INFO - Added amber-202004-0234
[2025-11-19T06:37:06.211+0000] {subprocess.py:93} INFO - Added amber-202004-0235
[2025-11-19T06:37:06.211+0000] {subprocess.py:93} INFO - Added amber-202004-0236
[2025-11-19T06:37:06.211+0000] {subprocess.py:93} INFO - Added amber-202004-0239
[2025-11-19T06:37:06.211+0000] {subprocess.py:93} INFO - Added amber-202004-0241
[2025-11-19T06:37:06.212+0000] {subprocess.py:93} INFO - Added amber-202004-0242
[2025-11-19T06:37:06.212+0000] {subprocess.py:93} INFO - Added amber-202004-0244
[2025-11-19T06:37:06.212+0000] {subprocess.py:93} INFO - Added amber-202004-0246
[2025-11-19T06:37:06.213+0000] {subprocess.py:93} INFO - Added amber-202004-0247
[2025-11-19T06:37:06.213+0000] {subprocess.py:93} INFO - Added amber-202004-0248
[2025-11-19T06:37:06.213+0000] {subprocess.py:93} INFO - Added amber-202004-0249
[2025-11-19T06:37:06.214+0000] {subprocess.py:93} INFO - Added amber-202004-0253
[2025-11-19T06:37:06.214+0000] {subprocess.py:93} INFO - Added amber-202004-0254
[2025-11-19T06:37:06.214+0000] {subprocess.py:93} INFO - Added amber-202004-0255
[2025-11-19T06:37:06.215+0000] {subprocess.py:93} INFO - Added amber-202004-0256
[2025-11-19T06:37:06.215+0000] {subprocess.py:93} INFO - Added amber-202004-0257
[2025-11-19T06:37:06.216+0000] {subprocess.py:93} INFO - Added amber-202004-0258
[2025-11-19T06:37:06.216+0000] {subprocess.py:93} INFO - Added amber-202004-0259
[2025-11-19T06:37:06.216+0000] {subprocess.py:93} INFO - Added amber-202004-0260
[2025-11-19T06:37:06.217+0000] {subprocess.py:93} INFO - Added amber-202004-0261
[2025-11-19T06:37:06.217+0000] {subprocess.py:93} INFO - Added amber-202004-0262
[2025-11-19T06:37:06.217+0000] {subprocess.py:93} INFO - Added amber-202004-0266
[2025-11-19T06:37:06.217+0000] {subprocess.py:93} INFO - Added amber-202004-0267
[2025-11-19T06:37:06.218+0000] {subprocess.py:93} INFO - Added amber-202004-0268
[2025-11-19T06:37:06.218+0000] {subprocess.py:93} INFO - Added amber-202004-0269
[2025-11-19T06:37:06.218+0000] {subprocess.py:93} INFO - Added amber-202004-0270
[2025-11-19T06:37:06.219+0000] {subprocess.py:93} INFO - Added amber-202004-0263
[2025-11-19T06:37:06.219+0000] {subprocess.py:93} INFO - Added amber-202004-0251
[2025-11-19T06:37:06.219+0000] {subprocess.py:93} INFO - Added amber-202004-0252
[2025-11-19T06:37:06.220+0000] {subprocess.py:93} INFO - Added amber-202004-0264
[2025-11-19T06:37:06.220+0000] {subprocess.py:93} INFO - Added amber-202004-0277
[2025-11-19T06:37:06.220+0000] {subprocess.py:93} INFO - Added amber-202004-0280
[2025-11-19T06:37:06.221+0000] {subprocess.py:93} INFO - Added amber-202004-0278
[2025-11-19T06:37:06.221+0000] {subprocess.py:93} INFO - Added amber-202004-0265
[2025-11-19T06:37:06.222+0000] {subprocess.py:93} INFO - Added amber-202004-0271
[2025-11-19T06:37:06.222+0000] {subprocess.py:93} INFO - Added amber-202004-0272
[2025-11-19T06:37:06.222+0000] {subprocess.py:93} INFO - Added amber-202004-0274
[2025-11-19T06:37:06.223+0000] {subprocess.py:93} INFO - Added amber-202004-0273
[2025-11-19T06:37:06.223+0000] {subprocess.py:93} INFO - Added amber-202004-0275
[2025-11-19T06:37:06.223+0000] {subprocess.py:93} INFO - Added amber-202004-0276
[2025-11-19T06:37:06.224+0000] {subprocess.py:93} INFO - Added amber-202004-0279
[2025-11-19T06:37:06.224+0000] {subprocess.py:93} INFO - Added amber-202004-0281
[2025-11-19T06:37:06.224+0000] {subprocess.py:93} INFO - Added amber-202004-0284
[2025-11-19T06:37:06.224+0000] {subprocess.py:93} INFO - Added amber-202004-0335
[2025-11-19T06:37:06.225+0000] {subprocess.py:93} INFO - Added amber-202004-0285
[2025-11-19T06:37:06.225+0000] {subprocess.py:93} INFO - Added amber-202004-0286
[2025-11-19T06:37:06.225+0000] {subprocess.py:93} INFO - Added amber-202004-0324
[2025-11-19T06:37:06.226+0000] {subprocess.py:93} INFO - Added amber-202004-0330
[2025-11-19T06:37:06.226+0000] {subprocess.py:93} INFO - Added amber-202004-0334
[2025-11-19T06:37:06.226+0000] {subprocess.py:93} INFO - Added amber-202004-0336
[2025-11-19T06:37:06.226+0000] {subprocess.py:93} INFO - Added amber-202004-0337
[2025-11-19T06:37:06.227+0000] {subprocess.py:93} INFO - Added amber-202004-0338
[2025-11-19T06:37:06.227+0000] {subprocess.py:93} INFO - Added amber-202004-0339
[2025-11-19T06:37:06.227+0000] {subprocess.py:93} INFO - Added amber-202004-0340
[2025-11-19T06:37:06.228+0000] {subprocess.py:93} INFO - Added amber-202004-0349
[2025-11-19T06:37:06.228+0000] {subprocess.py:93} INFO - Added amber-202004-0351
[2025-11-19T06:37:06.228+0000] {subprocess.py:93} INFO - Added amber-202004-0357
[2025-11-19T06:37:06.229+0000] {subprocess.py:93} INFO - Added amber-202004-0287
[2025-11-19T06:37:06.229+0000] {subprocess.py:93} INFO - Added amber-202004-0288
[2025-11-19T06:37:06.229+0000] {subprocess.py:93} INFO - Added amber-202004-0289
[2025-11-19T06:37:06.229+0000] {subprocess.py:93} INFO - Added amber-202004-0292
[2025-11-19T06:37:06.230+0000] {subprocess.py:93} INFO - Added amber-202004-0293
[2025-11-19T06:37:06.230+0000] {subprocess.py:93} INFO - Added amber-202004-0294
[2025-11-19T06:37:06.230+0000] {subprocess.py:93} INFO - Added amber-202004-0295
[2025-11-19T06:37:06.230+0000] {subprocess.py:93} INFO - Added amber-202004-0296
[2025-11-19T06:37:06.231+0000] {subprocess.py:93} INFO - Added amber-202004-0316
[2025-11-19T06:37:06.231+0000] {subprocess.py:93} INFO - Added amber-202004-0290
[2025-11-19T06:37:06.231+0000] {subprocess.py:93} INFO - Added amber-202004-0318
[2025-11-19T06:37:06.231+0000] {subprocess.py:93} INFO - Added amber-202004-0291
[2025-11-19T06:37:06.232+0000] {subprocess.py:93} INFO - Added amber-202004-0297
[2025-11-19T06:37:06.232+0000] {subprocess.py:93} INFO - Added amber-202004-0299
[2025-11-19T06:37:06.232+0000] {subprocess.py:93} INFO - Added amber-202004-0300
[2025-11-19T06:37:06.232+0000] {subprocess.py:93} INFO - Added amber-202004-0301
[2025-11-19T06:37:06.233+0000] {subprocess.py:93} INFO - Added amber-202004-0302
[2025-11-19T06:37:06.233+0000] {subprocess.py:93} INFO - Added amber-202004-0303
[2025-11-19T06:37:06.233+0000] {subprocess.py:93} INFO - Added amber-202004-0304
[2025-11-19T06:37:06.233+0000] {subprocess.py:93} INFO - Added amber-202004-0305
[2025-11-19T06:37:06.234+0000] {subprocess.py:93} INFO - Added amber-202004-0306
[2025-11-19T06:37:06.234+0000] {subprocess.py:93} INFO - Added amber-202004-0313
[2025-11-19T06:37:06.234+0000] {subprocess.py:93} INFO - Added amber-202004-0312
[2025-11-19T06:37:06.234+0000] {subprocess.py:93} INFO - Added amber-202004-0315
[2025-11-19T06:37:06.235+0000] {subprocess.py:93} INFO - Added amber-202004-0298
[2025-11-19T06:37:06.235+0000] {subprocess.py:93} INFO - Added amber-202004-0311
[2025-11-19T06:37:06.235+0000] {subprocess.py:93} INFO - Added amber-202004-0319
[2025-11-19T06:37:06.235+0000] {subprocess.py:93} INFO - Added amber-202004-0307
[2025-11-19T06:37:06.236+0000] {subprocess.py:93} INFO - Added amber-202004-0328
[2025-11-19T06:37:06.236+0000] {subprocess.py:93} INFO - Added amber-202004-0310
[2025-11-19T06:37:06.236+0000] {subprocess.py:93} INFO - Added amber-202004-0314
[2025-11-19T06:37:06.236+0000] {subprocess.py:93} INFO - Added amber-202004-0317
[2025-11-19T06:37:06.237+0000] {subprocess.py:93} INFO - Added amber-202004-0320
[2025-11-19T06:37:06.237+0000] {subprocess.py:93} INFO - Added amber-202004-0321
[2025-11-19T06:37:06.237+0000] {subprocess.py:93} INFO - Added amber-202004-0346
[2025-11-19T06:37:06.237+0000] {subprocess.py:93} INFO - Added amber-202004-0350
[2025-11-19T06:37:06.238+0000] {subprocess.py:93} INFO - Added amber-202004-0322
[2025-11-19T06:37:06.238+0000] {subprocess.py:93} INFO - Added amber-202004-0332
[2025-11-19T06:37:06.238+0000] {subprocess.py:93} INFO - Added amber-202004-0352
[2025-11-19T06:37:06.239+0000] {subprocess.py:93} INFO - Added amber-202004-0323
[2025-11-19T06:37:06.239+0000] {subprocess.py:93} INFO - Added amber-202004-0326
[2025-11-19T06:37:06.239+0000] {subprocess.py:93} INFO - Added amber-202004-0341
[2025-11-19T06:37:06.240+0000] {subprocess.py:93} INFO - Added amber-202004-0342
[2025-11-19T06:37:06.240+0000] {subprocess.py:93} INFO - Added amber-202004-0325
[2025-11-19T06:37:06.240+0000] {subprocess.py:93} INFO - Added amber-202004-0327
[2025-11-19T06:37:06.240+0000] {subprocess.py:93} INFO - Added amber-202004-0329
[2025-11-19T06:37:06.241+0000] {subprocess.py:93} INFO - Added amber-202004-0333
[2025-11-19T06:37:06.241+0000] {subprocess.py:93} INFO - Added amber-202004-0331
[2025-11-19T06:37:06.241+0000] {subprocess.py:93} INFO - Added amber-202004-0343
[2025-11-19T06:37:06.242+0000] {subprocess.py:93} INFO - Added amber-202004-0348
[2025-11-19T06:37:06.242+0000] {subprocess.py:93} INFO - Added amber-202004-0356
[2025-11-19T06:37:06.243+0000] {subprocess.py:93} INFO - Added amber-202004-0344
[2025-11-19T06:37:06.243+0000] {subprocess.py:93} INFO - Added amber-202004-0345
[2025-11-19T06:37:06.243+0000] {subprocess.py:93} INFO - Added amber-202004-0353
[2025-11-19T06:37:06.244+0000] {subprocess.py:93} INFO - Added amber-202004-0354
[2025-11-19T06:37:06.244+0000] {subprocess.py:93} INFO - Added amber-202004-0355
[2025-11-19T06:37:06.245+0000] {subprocess.py:93} INFO - Wrote 358 messages to /opt/airflow/data/RawData/2020_Data/2020_Apr.json
[2025-11-19T06:37:06.245+0000] {subprocess.py:93} INFO - Working on 2020 May ...
[2025-11-19T06:37:06.245+0000] {subprocess.py:93} INFO - Added 2020: May
[2025-11-19T06:37:06.246+0000] {subprocess.py:93} INFO - Added amber-202005-0000
[2025-11-19T06:37:06.246+0000] {subprocess.py:93} INFO - Added amber-202005-0004
[2025-11-19T06:37:06.246+0000] {subprocess.py:93} INFO - Added amber-202005-0005
[2025-11-19T06:37:06.247+0000] {subprocess.py:93} INFO - Added amber-202005-0007
[2025-11-19T06:37:06.247+0000] {subprocess.py:93} INFO - Added amber-202005-0008
[2025-11-19T06:37:06.247+0000] {subprocess.py:93} INFO - Added amber-202005-0010
[2025-11-19T06:37:06.247+0000] {subprocess.py:93} INFO - Added amber-202005-0001
[2025-11-19T06:37:06.248+0000] {subprocess.py:93} INFO - Added amber-202005-0006
[2025-11-19T06:37:06.248+0000] {subprocess.py:93} INFO - Added amber-202005-0002
[2025-11-19T06:37:06.248+0000] {subprocess.py:93} INFO - Added amber-202005-0009
[2025-11-19T06:37:06.249+0000] {subprocess.py:93} INFO - Added amber-202005-0003
[2025-11-19T06:37:06.249+0000] {subprocess.py:93} INFO - Added amber-202005-0012
[2025-11-19T06:37:06.249+0000] {subprocess.py:93} INFO - Added amber-202005-0017
[2025-11-19T06:37:06.250+0000] {subprocess.py:93} INFO - Added amber-202005-0011
[2025-11-19T06:37:06.250+0000] {subprocess.py:93} INFO - Added amber-202005-0013
[2025-11-19T06:37:06.250+0000] {subprocess.py:93} INFO - Added amber-202005-0016
[2025-11-19T06:37:06.251+0000] {subprocess.py:93} INFO - Added amber-202005-0024
[2025-11-19T06:37:06.251+0000] {subprocess.py:93} INFO - Added amber-202005-0014
[2025-11-19T06:37:06.251+0000] {subprocess.py:93} INFO - Added amber-202005-0015
[2025-11-19T06:37:06.252+0000] {subprocess.py:93} INFO - Added amber-202005-0023
[2025-11-19T06:37:06.252+0000] {subprocess.py:93} INFO - Added amber-202005-0025
[2025-11-19T06:37:06.252+0000] {subprocess.py:93} INFO - Added amber-202005-0026
[2025-11-19T06:37:06.253+0000] {subprocess.py:93} INFO - Added amber-202005-0027
[2025-11-19T06:37:06.253+0000] {subprocess.py:93} INFO - Added amber-202005-0031
[2025-11-19T06:37:06.253+0000] {subprocess.py:93} INFO - Added amber-202005-0018
[2025-11-19T06:37:06.253+0000] {subprocess.py:93} INFO - Added amber-202005-0019
[2025-11-19T06:37:06.254+0000] {subprocess.py:93} INFO - Added amber-202005-0020
[2025-11-19T06:37:06.254+0000] {subprocess.py:93} INFO - Added amber-202005-0021
[2025-11-19T06:37:06.254+0000] {subprocess.py:93} INFO - Added amber-202005-0022
[2025-11-19T06:37:06.254+0000] {subprocess.py:93} INFO - Added amber-202005-0034
[2025-11-19T06:37:06.255+0000] {subprocess.py:93} INFO - Added amber-202005-0035
[2025-11-19T06:37:06.255+0000] {subprocess.py:93} INFO - Added amber-202005-0028
[2025-11-19T06:37:06.255+0000] {subprocess.py:93} INFO - Added amber-202005-0029
[2025-11-19T06:37:06.256+0000] {subprocess.py:93} INFO - Added amber-202005-0030
[2025-11-19T06:37:06.256+0000] {subprocess.py:93} INFO - Added amber-202005-0033
[2025-11-19T06:37:06.257+0000] {subprocess.py:93} INFO - Added amber-202005-0038
[2025-11-19T06:37:06.257+0000] {subprocess.py:93} INFO - Added amber-202005-0032
[2025-11-19T06:37:06.257+0000] {subprocess.py:93} INFO - Added amber-202005-0036
[2025-11-19T06:37:06.258+0000] {subprocess.py:93} INFO - Added amber-202005-0039
[2025-11-19T06:37:06.258+0000] {subprocess.py:93} INFO - Added amber-202005-0037
[2025-11-19T06:37:06.259+0000] {subprocess.py:93} INFO - Added amber-202005-0052
[2025-11-19T06:37:06.259+0000] {subprocess.py:93} INFO - Added amber-202005-0062
[2025-11-19T06:37:06.259+0000] {subprocess.py:93} INFO - Added amber-202005-0077
[2025-11-19T06:37:06.260+0000] {subprocess.py:93} INFO - Added amber-202005-0081
[2025-11-19T06:37:06.260+0000] {subprocess.py:93} INFO - Added amber-202005-0096
[2025-11-19T06:37:06.260+0000] {subprocess.py:93} INFO - Added amber-202005-0097
[2025-11-19T06:37:44.849+0000] {subprocess.py:93} INFO - Added amber-202005-0040
[2025-11-19T06:37:44.850+0000] {subprocess.py:93} INFO - Added amber-202005-0041
[2025-11-19T06:37:44.850+0000] {subprocess.py:93} INFO - Added amber-202005-0136
[2025-11-19T06:37:44.851+0000] {subprocess.py:93} INFO - Added amber-202005-0042
[2025-11-19T06:37:44.851+0000] {subprocess.py:93} INFO - Added amber-202005-0043
[2025-11-19T06:37:44.852+0000] {subprocess.py:93} INFO - Added amber-202005-0044
[2025-11-19T06:37:44.852+0000] {subprocess.py:93} INFO - Added amber-202005-0045
[2025-11-19T06:37:44.852+0000] {subprocess.py:93} INFO - Added amber-202005-0046
[2025-11-19T06:37:44.852+0000] {subprocess.py:93} INFO - Added amber-202005-0047
[2025-11-19T06:37:44.853+0000] {subprocess.py:93} INFO - Added amber-202005-0048
[2025-11-19T06:37:44.853+0000] {subprocess.py:93} INFO - Added amber-202005-0051
[2025-11-19T06:37:44.853+0000] {subprocess.py:93} INFO - Added amber-202005-0058
[2025-11-19T06:37:44.853+0000] {subprocess.py:93} INFO - Added amber-202005-0059
[2025-11-19T06:37:44.854+0000] {subprocess.py:93} INFO - Added amber-202005-0061
[2025-11-19T06:37:44.854+0000] {subprocess.py:93} INFO - Added amber-202005-0064
[2025-11-19T06:37:44.854+0000] {subprocess.py:93} INFO - Added amber-202005-0072
[2025-11-19T06:37:44.854+0000] {subprocess.py:93} INFO - Added amber-202005-0080
[2025-11-19T06:37:44.855+0000] {subprocess.py:93} INFO - Added amber-202005-0049
[2025-11-19T06:37:44.855+0000] {subprocess.py:93} INFO - Added amber-202005-0053
[2025-11-19T06:37:44.855+0000] {subprocess.py:93} INFO - Added amber-202005-0054
[2025-11-19T06:37:44.855+0000] {subprocess.py:93} INFO - Added amber-202005-0055
[2025-11-19T06:37:44.856+0000] {subprocess.py:93} INFO - Added amber-202005-0056
[2025-11-19T06:37:44.856+0000] {subprocess.py:93} INFO - Added amber-202005-0057
[2025-11-19T06:37:44.856+0000] {subprocess.py:93} INFO - Added amber-202005-0050
[2025-11-19T06:37:44.856+0000] {subprocess.py:93} INFO - Added amber-202005-0060
[2025-11-19T06:37:44.857+0000] {subprocess.py:93} INFO - Added amber-202005-0063
[2025-11-19T06:37:44.857+0000] {subprocess.py:93} INFO - Added amber-202005-0065
[2025-11-19T06:37:44.857+0000] {subprocess.py:93} INFO - Added amber-202005-0070
[2025-11-19T06:37:44.857+0000] {subprocess.py:93} INFO - Added amber-202005-0066
[2025-11-19T06:37:44.858+0000] {subprocess.py:93} INFO - Added amber-202005-0073
[2025-11-19T06:37:44.858+0000] {subprocess.py:93} INFO - Added amber-202005-0082
[2025-11-19T06:37:44.858+0000] {subprocess.py:93} INFO - Added amber-202005-0088
[2025-11-19T06:37:44.859+0000] {subprocess.py:93} INFO - Added amber-202005-0094
[2025-11-19T06:37:44.859+0000] {subprocess.py:93} INFO - Added amber-202005-0067
[2025-11-19T06:37:44.859+0000] {subprocess.py:93} INFO - Added amber-202005-0068
[2025-11-19T06:37:44.860+0000] {subprocess.py:93} INFO - Added amber-202005-0071
[2025-11-19T06:37:44.860+0000] {subprocess.py:93} INFO - Added amber-202005-0074
[2025-11-19T06:37:44.860+0000] {subprocess.py:93} INFO - Added amber-202005-0076
[2025-11-19T06:37:44.860+0000] {subprocess.py:93} INFO - Added amber-202005-0078
[2025-11-19T06:37:44.861+0000] {subprocess.py:93} INFO - Added amber-202005-0069
[2025-11-19T06:37:44.861+0000] {subprocess.py:93} INFO - Added amber-202005-0086
[2025-11-19T06:37:44.861+0000] {subprocess.py:93} INFO - Added amber-202005-0149
[2025-11-19T06:37:44.861+0000] {subprocess.py:93} INFO - Added amber-202005-0075
[2025-11-19T06:37:44.861+0000] {subprocess.py:93} INFO - Added amber-202005-0245
[2025-11-19T06:37:44.862+0000] {subprocess.py:93} INFO - Added amber-202005-0247
[2025-11-19T06:37:44.862+0000] {subprocess.py:93} INFO - Added amber-202005-0079
[2025-11-19T06:37:44.862+0000] {subprocess.py:93} INFO - Added amber-202005-0083
[2025-11-19T06:37:44.862+0000] {subprocess.py:93} INFO - Added amber-202005-0085
[2025-11-19T06:37:44.863+0000] {subprocess.py:93} INFO - Added amber-202005-0114
[2025-11-19T06:37:44.863+0000] {subprocess.py:93} INFO - Added amber-202005-0115
[2025-11-19T06:37:44.863+0000] {subprocess.py:93} INFO - Added amber-202005-0116
[2025-11-19T06:37:44.864+0000] {subprocess.py:93} INFO - Added amber-202005-0117
[2025-11-19T06:37:44.864+0000] {subprocess.py:93} INFO - Added amber-202005-0118
[2025-11-19T06:37:44.864+0000] {subprocess.py:93} INFO - Added amber-202005-0119
[2025-11-19T06:37:44.865+0000] {subprocess.py:93} INFO - Added amber-202005-0089
[2025-11-19T06:37:44.865+0000] {subprocess.py:93} INFO - Added amber-202005-0090
[2025-11-19T06:37:44.865+0000] {subprocess.py:93} INFO - Added amber-202005-0084
[2025-11-19T06:37:44.865+0000] {subprocess.py:93} INFO - Added amber-202005-0087
[2025-11-19T06:37:44.866+0000] {subprocess.py:93} INFO - Added amber-202005-0091
[2025-11-19T06:37:44.866+0000] {subprocess.py:93} INFO - Added amber-202005-0092
[2025-11-19T06:37:44.866+0000] {subprocess.py:93} INFO - Added amber-202005-0093
[2025-11-19T06:37:44.866+0000] {subprocess.py:93} INFO - Added amber-202005-0128
[2025-11-19T06:37:44.866+0000] {subprocess.py:93} INFO - Added amber-202005-0095
[2025-11-19T06:37:44.867+0000] {subprocess.py:93} INFO - Added amber-202005-0098
[2025-11-19T06:37:44.867+0000] {subprocess.py:93} INFO - Added amber-202005-0099
[2025-11-19T06:37:44.867+0000] {subprocess.py:93} INFO - Added amber-202005-0127
[2025-11-19T06:37:44.868+0000] {subprocess.py:93} INFO - Added amber-202005-0142
[2025-11-19T06:37:44.868+0000] {subprocess.py:93} INFO - Added amber-202005-0147
[2025-11-19T06:37:44.868+0000] {subprocess.py:93} INFO - Added amber-202005-0148
[2025-11-19T06:37:44.868+0000] {subprocess.py:93} INFO - Added amber-202005-0162
[2025-11-19T06:37:44.869+0000] {subprocess.py:93} INFO - Added amber-202005-0165
[2025-11-19T06:37:44.869+0000] {subprocess.py:93} INFO - Added amber-202005-0100
[2025-11-19T06:37:44.869+0000] {subprocess.py:93} INFO - Added amber-202005-0102
[2025-11-19T06:37:44.869+0000] {subprocess.py:93} INFO - Added amber-202005-0105
[2025-11-19T06:37:44.869+0000] {subprocess.py:93} INFO - Added amber-202005-0101
[2025-11-19T06:37:44.870+0000] {subprocess.py:93} INFO - Added amber-202005-0233
[2025-11-19T06:37:44.870+0000] {subprocess.py:93} INFO - Added amber-202005-0243
[2025-11-19T06:37:44.870+0000] {subprocess.py:93} INFO - Added amber-202005-0249
[2025-11-19T06:37:44.870+0000] {subprocess.py:93} INFO - Added amber-202005-0251
[2025-11-19T06:37:44.871+0000] {subprocess.py:93} INFO - Added amber-202005-0253
[2025-11-19T06:37:44.871+0000] {subprocess.py:93} INFO - Added amber-202005-0284
[2025-11-19T06:37:44.871+0000] {subprocess.py:93} INFO - Added amber-202005-0285
[2025-11-19T06:37:44.871+0000] {subprocess.py:93} INFO - Added amber-202005-0286
[2025-11-19T06:37:44.871+0000] {subprocess.py:93} INFO - Added amber-202005-0103
[2025-11-19T06:37:44.872+0000] {subprocess.py:93} INFO - Added amber-202005-0106
[2025-11-19T06:37:44.872+0000] {subprocess.py:93} INFO - Added amber-202005-0110
[2025-11-19T06:37:44.872+0000] {subprocess.py:93} INFO - Added amber-202005-0134
[2025-11-19T06:37:44.873+0000] {subprocess.py:93} INFO - Added amber-202005-0104
[2025-11-19T06:37:44.873+0000] {subprocess.py:93} INFO - Added amber-202005-0107
[2025-11-19T06:37:44.873+0000] {subprocess.py:93} INFO - Added amber-202005-0108
[2025-11-19T06:37:44.873+0000] {subprocess.py:93} INFO - Added amber-202005-0109
[2025-11-19T06:37:44.874+0000] {subprocess.py:93} INFO - Added amber-202005-0111
[2025-11-19T06:37:44.874+0000] {subprocess.py:93} INFO - Added amber-202005-0112
[2025-11-19T06:37:44.874+0000] {subprocess.py:93} INFO - Added amber-202005-0113
[2025-11-19T06:37:44.875+0000] {subprocess.py:93} INFO - Added amber-202005-0120
[2025-11-19T06:37:44.875+0000] {subprocess.py:93} INFO - Added amber-202005-0122
[2025-11-19T06:37:44.875+0000] {subprocess.py:93} INFO - Added amber-202005-0123
[2025-11-19T06:37:44.876+0000] {subprocess.py:93} INFO - Added amber-202005-0125
[2025-11-19T06:37:44.876+0000] {subprocess.py:93} INFO - Added amber-202005-0121
[2025-11-19T06:37:44.876+0000] {subprocess.py:93} INFO - Added amber-202005-0126
[2025-11-19T06:37:44.876+0000] {subprocess.py:93} INFO - Added amber-202005-0124
[2025-11-19T06:37:44.877+0000] {subprocess.py:93} INFO - Added amber-202005-0129
[2025-11-19T06:37:44.877+0000] {subprocess.py:93} INFO - Added amber-202005-0130
[2025-11-19T06:37:44.877+0000] {subprocess.py:93} INFO - Added amber-202005-0131
[2025-11-19T06:37:44.877+0000] {subprocess.py:93} INFO - Added amber-202005-0132
[2025-11-19T06:37:44.878+0000] {subprocess.py:93} INFO - Added amber-202005-0133
[2025-11-19T06:37:44.878+0000] {subprocess.py:93} INFO - Added amber-202005-0135
[2025-11-19T06:37:44.878+0000] {subprocess.py:93} INFO - Added amber-202005-0137
[2025-11-19T06:37:44.879+0000] {subprocess.py:93} INFO - Added amber-202005-0139
[2025-11-19T06:37:44.879+0000] {subprocess.py:93} INFO - Added amber-202005-0143
[2025-11-19T06:37:44.879+0000] {subprocess.py:93} INFO - Added amber-202005-0140
[2025-11-19T06:37:44.879+0000] {subprocess.py:93} INFO - Added amber-202005-0138
[2025-11-19T06:37:44.880+0000] {subprocess.py:93} INFO - Added amber-202005-0141
[2025-11-19T06:37:44.880+0000] {subprocess.py:93} INFO - Added amber-202005-0144
[2025-11-19T06:37:44.880+0000] {subprocess.py:93} INFO - Added amber-202005-0146
[2025-11-19T06:37:44.881+0000] {subprocess.py:93} INFO - Added amber-202005-0153
[2025-11-19T06:37:44.881+0000] {subprocess.py:93} INFO - Added amber-202005-0156
[2025-11-19T06:37:44.882+0000] {subprocess.py:93} INFO - Added amber-202005-0145
[2025-11-19T06:37:44.882+0000] {subprocess.py:93} INFO - Added amber-202005-0150
[2025-11-19T06:37:44.882+0000] {subprocess.py:93} INFO - Added amber-202005-0151
[2025-11-19T06:37:44.883+0000] {subprocess.py:93} INFO - Added amber-202005-0161
[2025-11-19T06:37:44.883+0000] {subprocess.py:93} INFO - Added amber-202005-0152
[2025-11-19T06:37:44.883+0000] {subprocess.py:93} INFO - Added amber-202005-0155
[2025-11-19T06:37:44.884+0000] {subprocess.py:93} INFO - Added amber-202005-0163
[2025-11-19T06:37:44.884+0000] {subprocess.py:93} INFO - Added amber-202005-0181
[2025-11-19T06:37:44.884+0000] {subprocess.py:93} INFO - Added amber-202005-0187
[2025-11-19T06:37:44.885+0000] {subprocess.py:93} INFO - Added amber-202005-0154
[2025-11-19T06:37:44.885+0000] {subprocess.py:93} INFO - Added amber-202005-0157
[2025-11-19T06:37:44.885+0000] {subprocess.py:93} INFO - Added amber-202005-0158
[2025-11-19T06:37:44.885+0000] {subprocess.py:93} INFO - Added amber-202005-0159
[2025-11-19T06:37:44.886+0000] {subprocess.py:93} INFO - Added amber-202005-0160
[2025-11-19T06:37:44.886+0000] {subprocess.py:93} INFO - Added amber-202005-0164
[2025-11-19T06:37:44.886+0000] {subprocess.py:93} INFO - Added amber-202005-0167
[2025-11-19T06:37:44.887+0000] {subprocess.py:93} INFO - Added amber-202005-0171
[2025-11-19T06:37:44.887+0000] {subprocess.py:93} INFO - Added amber-202005-0166
[2025-11-19T06:37:44.887+0000] {subprocess.py:93} INFO - Added amber-202005-0168
[2025-11-19T06:37:44.887+0000] {subprocess.py:93} INFO - Added amber-202005-0175
[2025-11-19T06:37:44.887+0000] {subprocess.py:93} INFO - Added amber-202005-0169
[2025-11-19T06:37:44.888+0000] {subprocess.py:93} INFO - Added amber-202005-0170
[2025-11-19T06:37:44.888+0000] {subprocess.py:93} INFO - Added amber-202005-0172
[2025-11-19T06:37:44.888+0000] {subprocess.py:93} INFO - Added amber-202005-0173
[2025-11-19T06:37:44.888+0000] {subprocess.py:93} INFO - Added amber-202005-0174
[2025-11-19T06:37:44.889+0000] {subprocess.py:93} INFO - Added amber-202005-0178
[2025-11-19T06:37:44.889+0000] {subprocess.py:93} INFO - Added amber-202005-0182
[2025-11-19T06:37:44.889+0000] {subprocess.py:93} INFO - Added amber-202005-0230
[2025-11-19T06:37:44.889+0000] {subprocess.py:93} INFO - Added amber-202005-0176
[2025-11-19T06:37:44.890+0000] {subprocess.py:93} INFO - Added amber-202005-0177
[2025-11-19T06:37:44.890+0000] {subprocess.py:93} INFO - Added amber-202005-0179
[2025-11-19T06:37:44.890+0000] {subprocess.py:93} INFO - Added amber-202005-0180
[2025-11-19T06:37:44.890+0000] {subprocess.py:93} INFO - Added amber-202005-0183
[2025-11-19T06:37:44.891+0000] {subprocess.py:93} INFO - Added amber-202005-0185
[2025-11-19T06:37:44.891+0000] {subprocess.py:93} INFO - Added amber-202005-0195
[2025-11-19T06:37:44.891+0000] {subprocess.py:93} INFO - Added amber-202005-0184
[2025-11-19T06:37:44.891+0000] {subprocess.py:93} INFO - Added amber-202005-0244
[2025-11-19T06:37:44.891+0000] {subprocess.py:93} INFO - Added amber-202005-0186
[2025-11-19T06:37:44.892+0000] {subprocess.py:93} INFO - Added amber-202005-0190
[2025-11-19T06:37:44.892+0000] {subprocess.py:93} INFO - Added amber-202005-0231
[2025-11-19T06:37:44.892+0000] {subprocess.py:93} INFO - Added amber-202005-0188
[2025-11-19T06:37:44.892+0000] {subprocess.py:93} INFO - Added amber-202005-0193
[2025-11-19T06:37:44.893+0000] {subprocess.py:93} INFO - Added amber-202005-0209
[2025-11-19T06:37:44.893+0000] {subprocess.py:93} INFO - Added amber-202005-0189
[2025-11-19T06:37:44.893+0000] {subprocess.py:93} INFO - Added amber-202005-0194
[2025-11-19T06:37:44.893+0000] {subprocess.py:93} INFO - Added amber-202005-0191
[2025-11-19T06:37:44.893+0000] {subprocess.py:93} INFO - Added amber-202005-0192
[2025-11-19T06:37:44.894+0000] {subprocess.py:93} INFO - Added amber-202005-0196
[2025-11-19T06:37:44.894+0000] {subprocess.py:93} INFO - Added amber-202005-0201
[2025-11-19T06:37:44.894+0000] {subprocess.py:93} INFO - Added amber-202005-0206
[2025-11-19T06:37:44.894+0000] {subprocess.py:93} INFO - Added amber-202005-0212
[2025-11-19T06:37:44.894+0000] {subprocess.py:93} INFO - Added amber-202005-0215
[2025-11-19T06:37:44.895+0000] {subprocess.py:93} INFO - Added amber-202005-0217
[2025-11-19T06:37:44.895+0000] {subprocess.py:93} INFO - Added amber-202005-0218
[2025-11-19T06:37:44.895+0000] {subprocess.py:93} INFO - Added amber-202005-0224
[2025-11-19T06:37:44.895+0000] {subprocess.py:93} INFO - Added amber-202005-0225
[2025-11-19T06:37:44.896+0000] {subprocess.py:93} INFO - Added amber-202005-0228
[2025-11-19T06:37:44.896+0000] {subprocess.py:93} INFO - Added amber-202005-0237
[2025-11-19T06:37:44.896+0000] {subprocess.py:93} INFO - Added amber-202005-0238
[2025-11-19T06:37:44.896+0000] {subprocess.py:93} INFO - Added amber-202005-0242
[2025-11-19T06:37:44.897+0000] {subprocess.py:93} INFO - Added amber-202005-0197
[2025-11-19T06:37:44.897+0000] {subprocess.py:93} INFO - Added amber-202005-0202
[2025-11-19T06:37:44.897+0000] {subprocess.py:93} INFO - Added amber-202005-0203
[2025-11-19T06:37:44.897+0000] {subprocess.py:93} INFO - Added amber-202005-0204
[2025-11-19T06:37:44.897+0000] {subprocess.py:93} INFO - Added amber-202005-0207
[2025-11-19T06:37:44.897+0000] {subprocess.py:93} INFO - Added amber-202005-0337
[2025-11-19T06:37:44.898+0000] {subprocess.py:93} INFO - Added amber-202005-0339
[2025-11-19T06:37:44.898+0000] {subprocess.py:93} INFO - Added amber-202005-0198
[2025-11-19T06:37:44.898+0000] {subprocess.py:93} INFO - Added amber-202005-0199
[2025-11-19T06:37:44.898+0000] {subprocess.py:93} INFO - Added amber-202005-0200
[2025-11-19T06:37:44.898+0000] {subprocess.py:93} INFO - Added amber-202005-0213
[2025-11-19T06:37:44.899+0000] {subprocess.py:93} INFO - Added amber-202005-0205
[2025-11-19T06:37:44.899+0000] {subprocess.py:93} INFO - Added amber-202005-0208
[2025-11-19T06:37:44.899+0000] {subprocess.py:93} INFO - Added amber-202005-0214
[2025-11-19T06:37:44.900+0000] {subprocess.py:93} INFO - Added amber-202005-0219
[2025-11-19T06:37:44.900+0000] {subprocess.py:93} INFO - Added amber-202005-0220
[2025-11-19T06:37:44.900+0000] {subprocess.py:93} INFO - Added amber-202005-0223
[2025-11-19T06:37:44.900+0000] {subprocess.py:93} INFO - Added amber-202005-0227
[2025-11-19T06:37:44.901+0000] {subprocess.py:93} INFO - Added amber-202005-0210
[2025-11-19T06:37:44.901+0000] {subprocess.py:93} INFO - Added amber-202005-0211
[2025-11-19T06:37:44.901+0000] {subprocess.py:93} INFO - Added amber-202005-0216
[2025-11-19T06:37:44.901+0000] {subprocess.py:93} INFO - Added amber-202005-0221
[2025-11-19T06:37:44.902+0000] {subprocess.py:93} INFO - Added amber-202005-0222
[2025-11-19T06:37:44.902+0000] {subprocess.py:93} INFO - Added amber-202005-0239
[2025-11-19T06:37:44.903+0000] {subprocess.py:93} INFO - Added amber-202005-0305
[2025-11-19T06:37:44.903+0000] {subprocess.py:93} INFO - Added amber-202005-0306
[2025-11-19T06:37:44.903+0000] {subprocess.py:93} INFO - Added amber-202005-0308
[2025-11-19T06:37:44.904+0000] {subprocess.py:93} INFO - Added amber-202005-0229
[2025-11-19T06:37:44.904+0000] {subprocess.py:93} INFO - Added amber-202005-0294
[2025-11-19T06:37:44.904+0000] {subprocess.py:93} INFO - Added amber-202005-0296
[2025-11-19T06:37:44.905+0000] {subprocess.py:93} INFO - Added amber-202005-0297
[2025-11-19T06:37:44.905+0000] {subprocess.py:93} INFO - Added amber-202005-0323
[2025-11-19T06:37:44.905+0000] {subprocess.py:93} INFO - Added amber-202005-0327
[2025-11-19T06:37:44.906+0000] {subprocess.py:93} INFO - Added amber-202005-0226
[2025-11-19T06:37:44.906+0000] {subprocess.py:93} INFO - Added amber-202005-0241
[2025-11-19T06:37:44.906+0000] {subprocess.py:93} INFO - Added amber-202005-0232
[2025-11-19T06:37:44.906+0000] {subprocess.py:93} INFO - Added amber-202005-0236
[2025-11-19T06:37:44.907+0000] {subprocess.py:93} INFO - Added amber-202005-0240
[2025-11-19T06:37:44.907+0000] {subprocess.py:93} INFO - Added amber-202005-0234
[2025-11-19T06:37:44.907+0000] {subprocess.py:93} INFO - Added amber-202005-0235
[2025-11-19T06:37:44.908+0000] {subprocess.py:93} INFO - Added amber-202005-0246
[2025-11-19T06:37:44.908+0000] {subprocess.py:93} INFO - Added amber-202005-0250
[2025-11-19T06:37:44.908+0000] {subprocess.py:93} INFO - Added amber-202005-0252
[2025-11-19T06:37:44.908+0000] {subprocess.py:93} INFO - Added amber-202005-0255
[2025-11-19T06:37:44.908+0000] {subprocess.py:93} INFO - Added amber-202005-0271
[2025-11-19T06:37:44.909+0000] {subprocess.py:93} INFO - Added amber-202005-0248
[2025-11-19T06:37:44.909+0000] {subprocess.py:93} INFO - Added amber-202005-0254
[2025-11-19T06:37:44.909+0000] {subprocess.py:93} INFO - Added amber-202005-0256
[2025-11-19T06:37:44.909+0000] {subprocess.py:93} INFO - Added amber-202005-0274
[2025-11-19T06:37:44.909+0000] {subprocess.py:93} INFO - Added amber-202005-0257
[2025-11-19T06:37:44.910+0000] {subprocess.py:93} INFO - Added amber-202005-0266
[2025-11-19T06:37:44.910+0000] {subprocess.py:93} INFO - Added amber-202005-0279
[2025-11-19T06:37:44.910+0000] {subprocess.py:93} INFO - Added amber-202005-0258
[2025-11-19T06:37:44.911+0000] {subprocess.py:93} INFO - Added amber-202005-0260
[2025-11-19T06:37:44.911+0000] {subprocess.py:93} INFO - Added amber-202005-0262
[2025-11-19T06:37:44.911+0000] {subprocess.py:93} INFO - Added amber-202005-0264
[2025-11-19T06:37:44.912+0000] {subprocess.py:93} INFO - Added amber-202005-0259
[2025-11-19T06:37:44.912+0000] {subprocess.py:93} INFO - Added amber-202005-0261
[2025-11-19T06:37:44.912+0000] {subprocess.py:93} INFO - Added amber-202005-0263
[2025-11-19T06:37:44.913+0000] {subprocess.py:93} INFO - Added amber-202005-0267
[2025-11-19T06:37:44.913+0000] {subprocess.py:93} INFO - Added amber-202005-0268
[2025-11-19T06:37:44.913+0000] {subprocess.py:93} INFO - Added amber-202005-0269
[2025-11-19T06:37:44.913+0000] {subprocess.py:93} INFO - Added amber-202005-0270
[2025-11-19T06:37:44.914+0000] {subprocess.py:93} INFO - Added amber-202005-0272
[2025-11-19T06:37:44.914+0000] {subprocess.py:93} INFO - Added amber-202005-0273
[2025-11-19T06:37:44.914+0000] {subprocess.py:93} INFO - Added amber-202005-0289
[2025-11-19T06:37:44.915+0000] {subprocess.py:93} INFO - Added amber-202005-0291
[2025-11-19T06:37:44.915+0000] {subprocess.py:93} INFO - Added amber-202005-0295
[2025-11-19T06:37:44.916+0000] {subprocess.py:93} INFO - Added amber-202005-0265
[2025-11-19T06:37:44.916+0000] {subprocess.py:93} INFO - Added amber-202005-0282
[2025-11-19T06:37:44.916+0000] {subprocess.py:93} INFO - Added amber-202005-0275
[2025-11-19T06:37:44.917+0000] {subprocess.py:93} INFO - Added amber-202005-0301
[2025-11-19T06:37:44.917+0000] {subprocess.py:93} INFO - Added amber-202005-0304
[2025-11-19T06:37:44.917+0000] {subprocess.py:93} INFO - Added amber-202005-0311
[2025-11-19T06:37:44.918+0000] {subprocess.py:93} INFO - Added amber-202005-0276
[2025-11-19T06:37:44.918+0000] {subprocess.py:93} INFO - Added amber-202005-0278
[2025-11-19T06:37:44.918+0000] {subprocess.py:93} INFO - Added amber-202005-0287
[2025-11-19T06:37:44.919+0000] {subprocess.py:93} INFO - Added amber-202005-0288
[2025-11-19T06:37:44.919+0000] {subprocess.py:93} INFO - Added amber-202005-0290
[2025-11-19T06:37:44.919+0000] {subprocess.py:93} INFO - Added amber-202005-0277
[2025-11-19T06:37:44.920+0000] {subprocess.py:93} INFO - Added amber-202005-0280
[2025-11-19T06:37:44.920+0000] {subprocess.py:93} INFO - Added amber-202005-0281
[2025-11-19T06:37:44.920+0000] {subprocess.py:93} INFO - Added amber-202005-0283
[2025-11-19T06:37:44.921+0000] {subprocess.py:93} INFO - Added amber-202005-0292
[2025-11-19T06:37:44.921+0000] {subprocess.py:93} INFO - Added amber-202005-0293
[2025-11-19T06:37:44.921+0000] {subprocess.py:93} INFO - Added amber-202005-0298
[2025-11-19T06:37:44.922+0000] {subprocess.py:93} INFO - Added amber-202005-0299
[2025-11-19T06:37:44.922+0000] {subprocess.py:93} INFO - Added amber-202005-0300
[2025-11-19T06:37:44.922+0000] {subprocess.py:93} INFO - Added amber-202005-0302
[2025-11-19T06:37:44.923+0000] {subprocess.py:93} INFO - Added amber-202005-0303
[2025-11-19T06:37:44.923+0000] {subprocess.py:93} INFO - Added amber-202005-0309
[2025-11-19T06:37:44.923+0000] {subprocess.py:93} INFO - Added amber-202005-0310
[2025-11-19T06:37:44.924+0000] {subprocess.py:93} INFO - Added amber-202005-0307
[2025-11-19T06:37:44.924+0000] {subprocess.py:93} INFO - Added amber-202005-0312
[2025-11-19T06:37:44.924+0000] {subprocess.py:93} INFO - Added amber-202005-0314
[2025-11-19T06:37:44.925+0000] {subprocess.py:93} INFO - Added amber-202005-0329
[2025-11-19T06:37:44.925+0000] {subprocess.py:93} INFO - Added amber-202005-0313
[2025-11-19T06:37:44.925+0000] {subprocess.py:93} INFO - Added amber-202005-0317
[2025-11-19T06:37:44.926+0000] {subprocess.py:93} INFO - Added amber-202005-0318
[2025-11-19T06:37:44.926+0000] {subprocess.py:93} INFO - Added amber-202005-0322
[2025-11-19T06:37:44.926+0000] {subprocess.py:93} INFO - Added amber-202005-0315
[2025-11-19T06:37:44.927+0000] {subprocess.py:93} INFO - Added amber-202005-0330
[2025-11-19T06:37:44.927+0000] {subprocess.py:93} INFO - Added amber-202005-0338
[2025-11-19T06:37:44.927+0000] {subprocess.py:93} INFO - Added amber-202005-0316
[2025-11-19T06:37:44.927+0000] {subprocess.py:93} INFO - Added amber-202005-0319
[2025-11-19T06:37:44.928+0000] {subprocess.py:93} INFO - Added amber-202005-0326
[2025-11-19T06:37:44.928+0000] {subprocess.py:93} INFO - Added amber-202005-0320
[2025-11-19T06:37:44.928+0000] {subprocess.py:93} INFO - Added amber-202005-0321
[2025-11-19T06:37:44.929+0000] {subprocess.py:93} INFO - Added amber-202005-0324
[2025-11-19T06:37:44.929+0000] {subprocess.py:93} INFO - Added amber-202005-0325
[2025-11-19T06:37:44.929+0000] {subprocess.py:93} INFO - Added amber-202005-0328
[2025-11-19T06:37:44.930+0000] {subprocess.py:93} INFO - Added amber-202005-0331
[2025-11-19T06:37:44.930+0000] {subprocess.py:93} INFO - Added amber-202005-0332
[2025-11-19T06:37:44.930+0000] {subprocess.py:93} INFO - Added amber-202005-0333
[2025-11-19T06:37:44.930+0000] {subprocess.py:93} INFO - Added amber-202005-0334
[2025-11-19T06:37:44.931+0000] {subprocess.py:93} INFO - Added amber-202005-0335
[2025-11-19T06:37:44.931+0000] {subprocess.py:93} INFO - Added amber-202005-0336
[2025-11-19T06:37:44.931+0000] {subprocess.py:93} INFO - Added amber-202005-0340
[2025-11-19T06:37:44.932+0000] {subprocess.py:93} INFO - Added amber-202005-0341
[2025-11-19T06:37:44.932+0000] {subprocess.py:93} INFO - Added amber-202005-0342
[2025-11-19T06:37:44.932+0000] {subprocess.py:93} INFO - Added amber-202005-0343
[2025-11-19T06:37:44.932+0000] {subprocess.py:93} INFO - Added amber-202005-0346
[2025-11-19T06:37:44.933+0000] {subprocess.py:93} INFO - Added amber-202005-0344
[2025-11-19T06:37:44.933+0000] {subprocess.py:93} INFO - Added amber-202005-0345
[2025-11-19T06:37:44.933+0000] {subprocess.py:93} INFO - Added amber-202005-0347
[2025-11-19T06:37:44.934+0000] {subprocess.py:93} INFO - Added amber-202005-0348
[2025-11-19T06:37:44.934+0000] {subprocess.py:93} INFO - Wrote 349 messages to /opt/airflow/data/RawData/2020_Data/2020_May.json
[2025-11-19T06:37:44.934+0000] {subprocess.py:93} INFO - Working on 2020 Jun ...
[2025-11-19T06:37:44.935+0000] {subprocess.py:93} INFO - Added 2020: Jun
[2025-11-19T06:37:44.935+0000] {subprocess.py:93} INFO - Added amber-202006-0000
[2025-11-19T06:37:44.936+0000] {subprocess.py:93} INFO - Added amber-202006-0001
[2025-11-19T06:37:44.936+0000] {subprocess.py:93} INFO - Added amber-202006-0002
[2025-11-19T06:37:44.936+0000] {subprocess.py:93} INFO - Added amber-202006-0003
[2025-11-19T06:37:44.937+0000] {subprocess.py:93} INFO - Added amber-202006-0004
[2025-11-19T06:37:44.937+0000] {subprocess.py:93} INFO - Added amber-202006-0007
[2025-11-19T06:37:44.937+0000] {subprocess.py:93} INFO - Added amber-202006-0005
[2025-11-19T06:37:44.938+0000] {subprocess.py:93} INFO - Added amber-202006-0006
[2025-11-19T06:37:44.938+0000] {subprocess.py:93} INFO - Added amber-202006-0008
[2025-11-19T06:37:44.938+0000] {subprocess.py:93} INFO - Added amber-202006-0009
[2025-11-19T06:37:44.939+0000] {subprocess.py:93} INFO - Added amber-202006-0010
[2025-11-19T06:37:44.939+0000] {subprocess.py:93} INFO - Added amber-202006-0011
[2025-11-19T06:37:44.939+0000] {subprocess.py:93} INFO - Added amber-202006-0012
[2025-11-19T06:37:44.940+0000] {subprocess.py:93} INFO - Added amber-202006-0016
[2025-11-19T06:37:44.940+0000] {subprocess.py:93} INFO - Added amber-202006-0030
[2025-11-19T06:37:44.940+0000] {subprocess.py:93} INFO - Added amber-202006-0033
[2025-11-19T06:37:44.941+0000] {subprocess.py:93} INFO - Added amber-202006-0035
[2025-11-19T06:37:44.941+0000] {subprocess.py:93} INFO - Added amber-202006-0037
[2025-11-19T06:37:44.941+0000] {subprocess.py:93} INFO - Added amber-202006-0015
[2025-11-19T06:37:44.942+0000] {subprocess.py:93} INFO - Added amber-202006-0014
[2025-11-19T06:37:44.942+0000] {subprocess.py:93} INFO - Added amber-202006-0013
[2025-11-19T06:37:44.942+0000] {subprocess.py:93} INFO - Added amber-202006-0017
[2025-11-19T06:37:44.943+0000] {subprocess.py:93} INFO - Added amber-202006-0018
[2025-11-19T06:37:44.943+0000] {subprocess.py:93} INFO - Added amber-202006-0019
[2025-11-19T06:37:44.943+0000] {subprocess.py:93} INFO - Added amber-202006-0020
[2025-11-19T06:37:44.943+0000] {subprocess.py:93} INFO - Added amber-202006-0021
[2025-11-19T06:37:44.944+0000] {subprocess.py:93} INFO - Added amber-202006-0023
[2025-11-19T06:37:44.944+0000] {subprocess.py:93} INFO - Added amber-202006-0026
[2025-11-19T06:37:44.944+0000] {subprocess.py:93} INFO - Added amber-202006-0027
[2025-11-19T06:37:44.945+0000] {subprocess.py:93} INFO - Added amber-202006-0028
[2025-11-19T06:37:44.945+0000] {subprocess.py:93} INFO - Added amber-202006-0032
[2025-11-19T06:37:44.945+0000] {subprocess.py:93} INFO - Added amber-202006-0106
[2025-11-19T06:37:44.945+0000] {subprocess.py:93} INFO - Added amber-202006-0107
[2025-11-19T06:37:44.946+0000] {subprocess.py:93} INFO - Added amber-202006-0022
[2025-11-19T06:38:24.611+0000] {subprocess.py:93} INFO - Added amber-202006-0024
[2025-11-19T06:38:24.612+0000] {subprocess.py:93} INFO - Added amber-202006-0025
[2025-11-19T06:38:24.613+0000] {subprocess.py:93} INFO - Added amber-202006-0031
[2025-11-19T06:38:24.613+0000] {subprocess.py:93} INFO - Added amber-202006-0041
[2025-11-19T06:38:24.613+0000] {subprocess.py:93} INFO - Added amber-202006-0042
[2025-11-19T06:38:24.614+0000] {subprocess.py:93} INFO - Added amber-202006-0044
[2025-11-19T06:38:24.614+0000] {subprocess.py:93} INFO - Added amber-202006-0047
[2025-11-19T06:38:24.614+0000] {subprocess.py:93} INFO - Added amber-202006-0104
[2025-11-19T06:38:24.615+0000] {subprocess.py:93} INFO - Added amber-202006-0277
[2025-11-19T06:38:24.615+0000] {subprocess.py:93} INFO - Added amber-202006-0278
[2025-11-19T06:38:24.615+0000] {subprocess.py:93} INFO - Added amber-202006-0029
[2025-11-19T06:38:24.616+0000] {subprocess.py:93} INFO - Added amber-202006-0051
[2025-11-19T06:38:24.616+0000] {subprocess.py:93} INFO - Added amber-202006-0089
[2025-11-19T06:38:24.616+0000] {subprocess.py:93} INFO - Added amber-202006-0092
[2025-11-19T06:38:24.617+0000] {subprocess.py:93} INFO - Added amber-202006-0034
[2025-11-19T06:38:24.617+0000] {subprocess.py:93} INFO - Added amber-202006-0036
[2025-11-19T06:38:24.617+0000] {subprocess.py:93} INFO - Added amber-202006-0038
[2025-11-19T06:38:24.617+0000] {subprocess.py:93} INFO - Added amber-202006-0039
[2025-11-19T06:38:24.618+0000] {subprocess.py:93} INFO - Added amber-202006-0040
[2025-11-19T06:38:24.618+0000] {subprocess.py:93} INFO - Added amber-202006-0043
[2025-11-19T06:38:24.619+0000] {subprocess.py:93} INFO - Added amber-202006-0045
[2025-11-19T06:38:24.619+0000] {subprocess.py:93} INFO - Added amber-202006-0048
[2025-11-19T06:38:24.619+0000] {subprocess.py:93} INFO - Added amber-202006-0046
[2025-11-19T06:38:24.619+0000] {subprocess.py:93} INFO - Added amber-202006-0222
[2025-11-19T06:38:24.620+0000] {subprocess.py:93} INFO - Added amber-202006-0049
[2025-11-19T06:38:24.620+0000] {subprocess.py:93} INFO - Added amber-202006-0055
[2025-11-19T06:38:24.620+0000] {subprocess.py:93} INFO - Added amber-202006-0050
[2025-11-19T06:38:24.621+0000] {subprocess.py:93} INFO - Added amber-202006-0053
[2025-11-19T06:38:24.621+0000] {subprocess.py:93} INFO - Added amber-202006-0054
[2025-11-19T06:38:24.621+0000] {subprocess.py:93} INFO - Added amber-202006-0059
[2025-11-19T06:38:24.622+0000] {subprocess.py:93} INFO - Added amber-202006-0052
[2025-11-19T06:38:24.622+0000] {subprocess.py:93} INFO - Added amber-202006-0100
[2025-11-19T06:38:24.622+0000] {subprocess.py:93} INFO - Added amber-202006-0056
[2025-11-19T06:38:24.623+0000] {subprocess.py:93} INFO - Added amber-202006-0057
[2025-11-19T06:38:24.623+0000] {subprocess.py:93} INFO - Added amber-202006-0058
[2025-11-19T06:38:24.623+0000] {subprocess.py:93} INFO - Added amber-202006-0060
[2025-11-19T06:38:24.623+0000] {subprocess.py:93} INFO - Added amber-202006-0061
[2025-11-19T06:38:24.624+0000] {subprocess.py:93} INFO - Added amber-202006-0062
[2025-11-19T06:38:24.624+0000] {subprocess.py:93} INFO - Added amber-202006-0063
[2025-11-19T06:38:24.624+0000] {subprocess.py:93} INFO - Added amber-202006-0071
[2025-11-19T06:38:24.625+0000] {subprocess.py:93} INFO - Added amber-202006-0072
[2025-11-19T06:38:24.625+0000] {subprocess.py:93} INFO - Added amber-202006-0077
[2025-11-19T06:38:24.625+0000] {subprocess.py:93} INFO - Added amber-202006-0064
[2025-11-19T06:38:24.626+0000] {subprocess.py:93} INFO - Added amber-202006-0065
[2025-11-19T06:38:24.626+0000] {subprocess.py:93} INFO - Added amber-202006-0066
[2025-11-19T06:38:24.626+0000] {subprocess.py:93} INFO - Added amber-202006-0067
[2025-11-19T06:38:24.627+0000] {subprocess.py:93} INFO - Added amber-202006-0070
[2025-11-19T06:38:24.627+0000] {subprocess.py:93} INFO - Added amber-202006-0069
[2025-11-19T06:38:24.627+0000] {subprocess.py:93} INFO - Added amber-202006-0068
[2025-11-19T06:38:24.627+0000] {subprocess.py:93} INFO - Added amber-202006-0073
[2025-11-19T06:38:24.628+0000] {subprocess.py:93} INFO - Added amber-202006-0074
[2025-11-19T06:38:24.628+0000] {subprocess.py:93} INFO - Added amber-202006-0075
[2025-11-19T06:38:24.628+0000] {subprocess.py:93} INFO - Added amber-202006-0082
[2025-11-19T06:38:24.629+0000] {subprocess.py:93} INFO - Added amber-202006-0084
[2025-11-19T06:38:24.629+0000] {subprocess.py:93} INFO - Added amber-202006-0093
[2025-11-19T06:38:24.629+0000] {subprocess.py:93} INFO - Added amber-202006-0076
[2025-11-19T06:38:24.630+0000] {subprocess.py:93} INFO - Added amber-202006-0080
[2025-11-19T06:38:24.630+0000] {subprocess.py:93} INFO - Added amber-202006-0081
[2025-11-19T06:38:24.630+0000] {subprocess.py:93} INFO - Added amber-202006-0078
[2025-11-19T06:38:24.630+0000] {subprocess.py:93} INFO - Added amber-202006-0079
[2025-11-19T06:38:24.631+0000] {subprocess.py:93} INFO - Added amber-202006-0083
[2025-11-19T06:38:24.631+0000] {subprocess.py:93} INFO - Added amber-202006-0085
[2025-11-19T06:38:24.631+0000] {subprocess.py:93} INFO - Added amber-202006-0086
[2025-11-19T06:38:24.632+0000] {subprocess.py:93} INFO - Added amber-202006-0087
[2025-11-19T06:38:24.632+0000] {subprocess.py:93} INFO - Added amber-202006-0088
[2025-11-19T06:38:24.632+0000] {subprocess.py:93} INFO - Added amber-202006-0099
[2025-11-19T06:38:24.633+0000] {subprocess.py:93} INFO - Added amber-202006-0157
[2025-11-19T06:38:24.633+0000] {subprocess.py:93} INFO - Added amber-202006-0168
[2025-11-19T06:38:24.633+0000] {subprocess.py:93} INFO - Added amber-202006-0090
[2025-11-19T06:38:24.634+0000] {subprocess.py:93} INFO - Added amber-202006-0091
[2025-11-19T06:38:24.634+0000] {subprocess.py:93} INFO - Added amber-202006-0098
[2025-11-19T06:38:24.634+0000] {subprocess.py:93} INFO - Added amber-202006-0158
[2025-11-19T06:38:24.635+0000] {subprocess.py:93} INFO - Added amber-202006-0175
[2025-11-19T06:38:24.635+0000] {subprocess.py:93} INFO - Added amber-202006-0094
[2025-11-19T06:38:24.635+0000] {subprocess.py:93} INFO - Added amber-202006-0095
[2025-11-19T06:38:24.636+0000] {subprocess.py:93} INFO - Added amber-202006-0096
[2025-11-19T06:38:24.637+0000] {subprocess.py:93} INFO - Added amber-202006-0103
[2025-11-19T06:38:24.639+0000] {subprocess.py:93} INFO - Added amber-202006-0097
[2025-11-19T06:38:24.639+0000] {subprocess.py:93} INFO - Added amber-202006-0101
[2025-11-19T06:38:24.639+0000] {subprocess.py:93} INFO - Added amber-202006-0102
[2025-11-19T06:38:24.640+0000] {subprocess.py:93} INFO - Added amber-202006-0105
[2025-11-19T06:38:24.640+0000] {subprocess.py:93} INFO - Added amber-202006-0108
[2025-11-19T06:38:24.640+0000] {subprocess.py:93} INFO - Added amber-202006-0167
[2025-11-19T06:38:24.641+0000] {subprocess.py:93} INFO - Added amber-202006-0170
[2025-11-19T06:38:24.641+0000] {subprocess.py:93} INFO - Added amber-202006-0109
[2025-11-19T06:38:24.641+0000] {subprocess.py:93} INFO - Added amber-202006-0110
[2025-11-19T06:38:24.642+0000] {subprocess.py:93} INFO - Added amber-202006-0111
[2025-11-19T06:38:24.642+0000] {subprocess.py:93} INFO - Added amber-202006-0112
[2025-11-19T06:38:24.642+0000] {subprocess.py:93} INFO - Added amber-202006-0113
[2025-11-19T06:38:24.643+0000] {subprocess.py:93} INFO - Added amber-202006-0115
[2025-11-19T06:38:24.643+0000] {subprocess.py:93} INFO - Added amber-202006-0117
[2025-11-19T06:38:24.643+0000] {subprocess.py:93} INFO - Added amber-202006-0119
[2025-11-19T06:38:24.644+0000] {subprocess.py:93} INFO - Added amber-202006-0114
[2025-11-19T06:38:24.644+0000] {subprocess.py:93} INFO - Added amber-202006-0116
[2025-11-19T06:38:24.644+0000] {subprocess.py:93} INFO - Added amber-202006-0118
[2025-11-19T06:38:24.645+0000] {subprocess.py:93} INFO - Added amber-202006-0120
[2025-11-19T06:38:24.645+0000] {subprocess.py:93} INFO - Added amber-202006-0161
[2025-11-19T06:38:24.645+0000] {subprocess.py:93} INFO - Added amber-202006-0165
[2025-11-19T06:38:24.646+0000] {subprocess.py:93} INFO - Added amber-202006-0121
[2025-11-19T06:38:24.646+0000] {subprocess.py:93} INFO - Added amber-202006-0126
[2025-11-19T06:38:24.646+0000] {subprocess.py:93} INFO - Added amber-202006-0127
[2025-11-19T06:38:24.646+0000] {subprocess.py:93} INFO - Added amber-202006-0128
[2025-11-19T06:38:24.647+0000] {subprocess.py:93} INFO - Added amber-202006-0129
[2025-11-19T06:38:24.647+0000] {subprocess.py:93} INFO - Added amber-202006-0130
[2025-11-19T06:38:24.648+0000] {subprocess.py:93} INFO - Added amber-202006-0156
[2025-11-19T06:38:24.648+0000] {subprocess.py:93} INFO - Added amber-202006-0122
[2025-11-19T06:38:24.648+0000] {subprocess.py:93} INFO - Added amber-202006-0131
[2025-11-19T06:38:24.649+0000] {subprocess.py:93} INFO - Added amber-202006-0123
[2025-11-19T06:38:24.649+0000] {subprocess.py:93} INFO - Added amber-202006-0124
[2025-11-19T06:38:24.649+0000] {subprocess.py:93} INFO - Added amber-202006-0176
[2025-11-19T06:38:24.650+0000] {subprocess.py:93} INFO - Added amber-202006-0179
[2025-11-19T06:38:24.650+0000] {subprocess.py:93} INFO - Added amber-202006-0203
[2025-11-19T06:38:24.650+0000] {subprocess.py:93} INFO - Added amber-202006-0125
[2025-11-19T06:38:24.650+0000] {subprocess.py:93} INFO - Added amber-202006-0132
[2025-11-19T06:38:24.651+0000] {subprocess.py:93} INFO - Added amber-202006-0151
[2025-11-19T06:38:24.651+0000] {subprocess.py:93} INFO - Added amber-202006-0133
[2025-11-19T06:38:24.651+0000] {subprocess.py:93} INFO - Added amber-202006-0134
[2025-11-19T06:38:24.652+0000] {subprocess.py:93} INFO - Added amber-202006-0135
[2025-11-19T06:38:24.652+0000] {subprocess.py:93} INFO - Added amber-202006-0137
[2025-11-19T06:38:24.652+0000] {subprocess.py:93} INFO - Added amber-202006-0138
[2025-11-19T06:38:24.653+0000] {subprocess.py:93} INFO - Added amber-202006-0140
[2025-11-19T06:38:24.653+0000] {subprocess.py:93} INFO - Added amber-202006-0142
[2025-11-19T06:38:24.653+0000] {subprocess.py:93} INFO - Added amber-202006-0145
[2025-11-19T06:38:24.653+0000] {subprocess.py:93} INFO - Added amber-202006-0136
[2025-11-19T06:38:24.654+0000] {subprocess.py:93} INFO - Added amber-202006-0139
[2025-11-19T06:38:24.654+0000] {subprocess.py:93} INFO - Added amber-202006-0141
[2025-11-19T06:38:24.654+0000] {subprocess.py:93} INFO - Added amber-202006-0143
[2025-11-19T06:38:24.655+0000] {subprocess.py:93} INFO - Added amber-202006-0144
[2025-11-19T06:38:24.655+0000] {subprocess.py:93} INFO - Added amber-202006-0146
[2025-11-19T06:38:24.655+0000] {subprocess.py:93} INFO - Added amber-202006-0148
[2025-11-19T06:38:24.656+0000] {subprocess.py:93} INFO - Added amber-202006-0147
[2025-11-19T06:38:24.656+0000] {subprocess.py:93} INFO - Added amber-202006-0149
[2025-11-19T06:38:24.656+0000] {subprocess.py:93} INFO - Added amber-202006-0150
[2025-11-19T06:38:24.656+0000] {subprocess.py:93} INFO - Added amber-202006-0152
[2025-11-19T06:38:24.657+0000] {subprocess.py:93} INFO - Added amber-202006-0153
[2025-11-19T06:38:24.657+0000] {subprocess.py:93} INFO - Added amber-202006-0155
[2025-11-19T06:38:24.657+0000] {subprocess.py:93} INFO - Added amber-202006-0169
[2025-11-19T06:38:24.658+0000] {subprocess.py:93} INFO - Added amber-202006-0171
[2025-11-19T06:38:24.658+0000] {subprocess.py:93} INFO - Added amber-202006-0172
[2025-11-19T06:38:24.658+0000] {subprocess.py:93} INFO - Added amber-202006-0173
[2025-11-19T06:38:24.659+0000] {subprocess.py:93} INFO - Added amber-202006-0174
[2025-11-19T06:38:24.659+0000] {subprocess.py:93} INFO - Added amber-202006-0206
[2025-11-19T06:38:24.659+0000] {subprocess.py:93} INFO - Added amber-202006-0208
[2025-11-19T06:38:24.659+0000] {subprocess.py:93} INFO - Added amber-202006-0221
[2025-11-19T06:38:24.660+0000] {subprocess.py:93} INFO - Added amber-202006-0154
[2025-11-19T06:38:24.660+0000] {subprocess.py:93} INFO - Added amber-202006-0159
[2025-11-19T06:38:24.660+0000] {subprocess.py:93} INFO - Added amber-202006-0160
[2025-11-19T06:38:24.661+0000] {subprocess.py:93} INFO - Added amber-202006-0162
[2025-11-19T06:38:24.661+0000] {subprocess.py:93} INFO - Added amber-202006-0163
[2025-11-19T06:38:24.661+0000] {subprocess.py:93} INFO - Added amber-202006-0164
[2025-11-19T06:38:24.662+0000] {subprocess.py:93} INFO - Added amber-202006-0166
[2025-11-19T06:38:24.662+0000] {subprocess.py:93} INFO - Added amber-202006-0184
[2025-11-19T06:38:24.662+0000] {subprocess.py:93} INFO - Added amber-202006-0177
[2025-11-19T06:38:24.663+0000] {subprocess.py:93} INFO - Added amber-202006-0218
[2025-11-19T06:38:24.663+0000] {subprocess.py:93} INFO - Added amber-202006-0178
[2025-11-19T06:38:24.663+0000] {subprocess.py:93} INFO - Added amber-202006-0217
[2025-11-19T06:38:24.663+0000] {subprocess.py:93} INFO - Added amber-202006-0246
[2025-11-19T06:38:24.664+0000] {subprocess.py:93} INFO - Added amber-202006-0251
[2025-11-19T06:38:24.664+0000] {subprocess.py:93} INFO - Added amber-202006-0258
[2025-11-19T06:38:24.664+0000] {subprocess.py:93} INFO - Added amber-202006-0180
[2025-11-19T06:38:24.665+0000] {subprocess.py:93} INFO - Added amber-202006-0186
[2025-11-19T06:38:24.665+0000] {subprocess.py:93} INFO - Added amber-202006-0190
[2025-11-19T06:38:24.665+0000] {subprocess.py:93} INFO - Added amber-202006-0220
[2025-11-19T06:38:24.665+0000] {subprocess.py:93} INFO - Added amber-202006-0181
[2025-11-19T06:38:24.666+0000] {subprocess.py:93} INFO - Added amber-202006-0182
[2025-11-19T06:38:24.666+0000] {subprocess.py:93} INFO - Added amber-202006-0183
[2025-11-19T06:38:24.666+0000] {subprocess.py:93} INFO - Added amber-202006-0187
[2025-11-19T06:38:24.667+0000] {subprocess.py:93} INFO - Added amber-202006-0188
[2025-11-19T06:38:24.667+0000] {subprocess.py:93} INFO - Added amber-202006-0192
[2025-11-19T06:38:24.667+0000] {subprocess.py:93} INFO - Added amber-202006-0185
[2025-11-19T06:38:24.668+0000] {subprocess.py:93} INFO - Added amber-202006-0219
[2025-11-19T06:38:24.668+0000] {subprocess.py:93} INFO - Added amber-202006-0189
[2025-11-19T06:38:24.668+0000] {subprocess.py:93} INFO - Added amber-202006-0191
[2025-11-19T06:38:24.669+0000] {subprocess.py:93} INFO - Added amber-202006-0193
[2025-11-19T06:38:24.669+0000] {subprocess.py:93} INFO - Added amber-202006-0194
[2025-11-19T06:38:24.669+0000] {subprocess.py:93} INFO - Added amber-202006-0195
[2025-11-19T06:38:24.670+0000] {subprocess.py:93} INFO - Added amber-202006-0196
[2025-11-19T06:38:24.670+0000] {subprocess.py:93} INFO - Added amber-202006-0201
[2025-11-19T06:38:24.670+0000] {subprocess.py:93} INFO - Added amber-202006-0197
[2025-11-19T06:38:24.670+0000] {subprocess.py:93} INFO - Added amber-202006-0198
[2025-11-19T06:38:24.671+0000] {subprocess.py:93} INFO - Added amber-202006-0199
[2025-11-19T06:38:24.671+0000] {subprocess.py:93} INFO - Added amber-202006-0200
[2025-11-19T06:38:24.671+0000] {subprocess.py:93} INFO - Added amber-202006-0202
[2025-11-19T06:38:24.672+0000] {subprocess.py:93} INFO - Added amber-202006-0204
[2025-11-19T06:38:24.672+0000] {subprocess.py:93} INFO - Added amber-202006-0205
[2025-11-19T06:38:24.672+0000] {subprocess.py:93} INFO - Added amber-202006-0207
[2025-11-19T06:38:24.673+0000] {subprocess.py:93} INFO - Added amber-202006-0212
[2025-11-19T06:38:24.673+0000] {subprocess.py:93} INFO - Added amber-202006-0239
[2025-11-19T06:38:24.673+0000] {subprocess.py:93} INFO - Added amber-202006-0209
[2025-11-19T06:38:24.673+0000] {subprocess.py:93} INFO - Added amber-202006-0210
[2025-11-19T06:38:24.674+0000] {subprocess.py:93} INFO - Added amber-202006-0211
[2025-11-19T06:38:24.674+0000] {subprocess.py:93} INFO - Added amber-202006-0213
[2025-11-19T06:38:24.674+0000] {subprocess.py:93} INFO - Added amber-202006-0214
[2025-11-19T06:38:24.675+0000] {subprocess.py:93} INFO - Added amber-202006-0215
[2025-11-19T06:38:24.675+0000] {subprocess.py:93} INFO - Added amber-202006-0223
[2025-11-19T06:38:24.675+0000] {subprocess.py:93} INFO - Added amber-202006-0224
[2025-11-19T06:38:24.676+0000] {subprocess.py:93} INFO - Added amber-202006-0216
[2025-11-19T06:38:24.676+0000] {subprocess.py:93} INFO - Added amber-202006-0225
[2025-11-19T06:38:24.676+0000] {subprocess.py:93} INFO - Added amber-202006-0234
[2025-11-19T06:38:24.677+0000] {subprocess.py:93} INFO - Added amber-202006-0226
[2025-11-19T06:38:24.677+0000] {subprocess.py:93} INFO - Added amber-202006-0227
[2025-11-19T06:38:24.677+0000] {subprocess.py:93} INFO - Added amber-202006-0228
[2025-11-19T06:38:24.677+0000] {subprocess.py:93} INFO - Added amber-202006-0229
[2025-11-19T06:38:24.678+0000] {subprocess.py:93} INFO - Added amber-202006-0230
[2025-11-19T06:38:24.678+0000] {subprocess.py:93} INFO - Added amber-202006-0231
[2025-11-19T06:38:24.678+0000] {subprocess.py:93} INFO - Added amber-202006-0232
[2025-11-19T06:38:24.679+0000] {subprocess.py:93} INFO - Added amber-202006-0235
[2025-11-19T06:38:24.679+0000] {subprocess.py:93} INFO - Added amber-202006-0236
[2025-11-19T06:38:24.679+0000] {subprocess.py:93} INFO - Added amber-202006-0233
[2025-11-19T06:38:24.680+0000] {subprocess.py:93} INFO - Added amber-202006-0237
[2025-11-19T06:38:24.680+0000] {subprocess.py:93} INFO - Added amber-202006-0238
[2025-11-19T06:38:24.680+0000] {subprocess.py:93} INFO - Added amber-202006-0274
[2025-11-19T06:38:24.681+0000] {subprocess.py:93} INFO - Added amber-202006-0241
[2025-11-19T06:38:24.681+0000] {subprocess.py:93} INFO - Added amber-202006-0250
[2025-11-19T06:38:24.681+0000] {subprocess.py:93} INFO - Added amber-202006-0240
[2025-11-19T06:38:24.682+0000] {subprocess.py:93} INFO - Added amber-202006-0243
[2025-11-19T06:38:24.682+0000] {subprocess.py:93} INFO - Added amber-202006-0245
[2025-11-19T06:38:24.682+0000] {subprocess.py:93} INFO - Added amber-202006-0242
[2025-11-19T06:38:24.683+0000] {subprocess.py:93} INFO - Added amber-202006-0244
[2025-11-19T06:38:24.683+0000] {subprocess.py:93} INFO - Added amber-202006-0253
[2025-11-19T06:38:24.683+0000] {subprocess.py:93} INFO - Added amber-202006-0254
[2025-11-19T06:38:24.683+0000] {subprocess.py:93} INFO - Added amber-202006-0260
[2025-11-19T06:38:24.684+0000] {subprocess.py:93} INFO - Added amber-202006-0263
[2025-11-19T06:38:24.684+0000] {subprocess.py:93} INFO - Added amber-202006-0264
[2025-11-19T06:38:24.684+0000] {subprocess.py:93} INFO - Added amber-202006-0265
[2025-11-19T06:38:24.685+0000] {subprocess.py:93} INFO - Added amber-202006-0267
[2025-11-19T06:38:24.685+0000] {subprocess.py:93} INFO - Added amber-202006-0268
[2025-11-19T06:38:24.685+0000] {subprocess.py:93} INFO - Added amber-202006-0269
[2025-11-19T06:38:24.686+0000] {subprocess.py:93} INFO - Added amber-202006-0270
[2025-11-19T06:38:24.686+0000] {subprocess.py:93} INFO - Added amber-202006-0271
[2025-11-19T06:38:24.686+0000] {subprocess.py:93} INFO - Added amber-202006-0273
[2025-11-19T06:38:24.687+0000] {subprocess.py:93} INFO - Added amber-202006-0247
[2025-11-19T06:38:24.687+0000] {subprocess.py:93} INFO - Added amber-202006-0248
[2025-11-19T06:38:24.687+0000] {subprocess.py:93} INFO - Added amber-202006-0249
[2025-11-19T06:38:24.688+0000] {subprocess.py:93} INFO - Added amber-202006-0252
[2025-11-19T06:38:24.688+0000] {subprocess.py:93} INFO - Added amber-202006-0255
[2025-11-19T06:38:24.688+0000] {subprocess.py:93} INFO - Added amber-202006-0256
[2025-11-19T06:38:24.688+0000] {subprocess.py:93} INFO - Added amber-202006-0257
[2025-11-19T06:38:24.689+0000] {subprocess.py:93} INFO - Added amber-202006-0259
[2025-11-19T06:38:24.689+0000] {subprocess.py:93} INFO - Added amber-202006-0261
[2025-11-19T06:38:24.689+0000] {subprocess.py:93} INFO - Added amber-202006-0262
[2025-11-19T06:38:24.690+0000] {subprocess.py:93} INFO - Added amber-202006-0276
[2025-11-19T06:38:24.690+0000] {subprocess.py:93} INFO - Added amber-202006-0283
[2025-11-19T06:38:24.690+0000] {subprocess.py:93} INFO - Added amber-202006-0288
[2025-11-19T06:38:24.691+0000] {subprocess.py:93} INFO - Added amber-202006-0294
[2025-11-19T06:38:24.691+0000] {subprocess.py:93} INFO - Added amber-202006-0295
[2025-11-19T06:38:24.691+0000] {subprocess.py:93} INFO - Added amber-202006-0296
[2025-11-19T06:38:24.692+0000] {subprocess.py:93} INFO - Added amber-202006-0300
[2025-11-19T06:38:24.692+0000] {subprocess.py:93} INFO - Added amber-202006-0266
[2025-11-19T06:38:24.692+0000] {subprocess.py:93} INFO - Added amber-202006-0272
[2025-11-19T06:38:24.692+0000] {subprocess.py:93} INFO - Added amber-202006-0275
[2025-11-19T06:38:24.693+0000] {subprocess.py:93} INFO - Added amber-202006-0281
[2025-11-19T06:38:24.693+0000] {subprocess.py:93} INFO - Added amber-202006-0286
[2025-11-19T06:38:24.693+0000] {subprocess.py:93} INFO - Added amber-202006-0291
[2025-11-19T06:38:24.694+0000] {subprocess.py:93} INFO - Added amber-202006-0279
[2025-11-19T06:38:24.694+0000] {subprocess.py:93} INFO - Added amber-202006-0282
[2025-11-19T06:38:24.694+0000] {subprocess.py:93} INFO - Added amber-202006-0289
[2025-11-19T06:38:24.695+0000] {subprocess.py:93} INFO - Added amber-202006-0290
[2025-11-19T06:38:24.695+0000] {subprocess.py:93} INFO - Added amber-202006-0314
[2025-11-19T06:38:24.695+0000] {subprocess.py:93} INFO - Added amber-202006-0332
[2025-11-19T06:38:24.695+0000] {subprocess.py:93} INFO - Added amber-202006-0336
[2025-11-19T06:38:24.696+0000] {subprocess.py:93} INFO - Added amber-202006-0337
[2025-11-19T06:38:24.696+0000] {subprocess.py:93} INFO - Added amber-202006-0280
[2025-11-19T06:38:24.696+0000] {subprocess.py:93} INFO - Added amber-202006-0285
[2025-11-19T06:38:24.697+0000] {subprocess.py:93} INFO - Added amber-202006-0287
[2025-11-19T06:38:24.697+0000] {subprocess.py:93} INFO - Added amber-202006-0284
[2025-11-19T06:38:24.697+0000] {subprocess.py:93} INFO - Added amber-202006-0315
[2025-11-19T06:38:24.697+0000] {subprocess.py:93} INFO - Added amber-202006-0317
[2025-11-19T06:38:24.698+0000] {subprocess.py:93} INFO - Added amber-202006-0321
[2025-11-19T06:38:24.698+0000] {subprocess.py:93} INFO - Added amber-202006-0335
[2025-11-19T06:38:24.698+0000] {subprocess.py:93} INFO - Added amber-202006-0348
[2025-11-19T06:38:24.699+0000] {subprocess.py:93} INFO - Added amber-202006-0292
[2025-11-19T06:38:24.699+0000] {subprocess.py:93} INFO - Added amber-202006-0298
[2025-11-19T06:38:24.699+0000] {subprocess.py:93} INFO - Added amber-202006-0293
[2025-11-19T06:38:24.700+0000] {subprocess.py:93} INFO - Added amber-202006-0299
[2025-11-19T06:38:24.700+0000] {subprocess.py:93} INFO - Added amber-202006-0312
[2025-11-19T06:38:24.700+0000] {subprocess.py:93} INFO - Added amber-202006-0331
[2025-11-19T06:38:24.700+0000] {subprocess.py:93} INFO - Added amber-202006-0297
[2025-11-19T06:38:24.701+0000] {subprocess.py:93} INFO - Added amber-202006-0301
[2025-11-19T06:38:24.701+0000] {subprocess.py:93} INFO - Added amber-202006-0311
[2025-11-19T06:38:24.701+0000] {subprocess.py:93} INFO - Added amber-202006-0319
[2025-11-19T06:38:24.702+0000] {subprocess.py:93} INFO - Added amber-202006-0320
[2025-11-19T06:38:24.702+0000] {subprocess.py:93} INFO - Added amber-202006-0323
[2025-11-19T06:38:24.702+0000] {subprocess.py:93} INFO - Added amber-202006-0329
[2025-11-19T06:38:24.703+0000] {subprocess.py:93} INFO - Added amber-202006-0334
[2025-11-19T06:38:24.703+0000] {subprocess.py:93} INFO - Added amber-202006-0313
[2025-11-19T06:38:24.703+0000] {subprocess.py:93} INFO - Added amber-202006-0322
[2025-11-19T06:38:24.703+0000] {subprocess.py:93} INFO - Added amber-202006-0327
[2025-11-19T06:38:24.704+0000] {subprocess.py:93} INFO - Added amber-202006-0338
[2025-11-19T06:38:24.704+0000] {subprocess.py:93} INFO - Added amber-202006-0344
[2025-11-19T06:38:24.704+0000] {subprocess.py:93} INFO - Added amber-202006-0302
[2025-11-19T06:38:24.705+0000] {subprocess.py:93} INFO - Added amber-202006-0304
[2025-11-19T06:38:24.705+0000] {subprocess.py:93} INFO - Added amber-202006-0305
[2025-11-19T06:38:24.705+0000] {subprocess.py:93} INFO - Added amber-202006-0328
[2025-11-19T06:38:24.706+0000] {subprocess.py:93} INFO - Added amber-202006-0303
[2025-11-19T06:38:24.706+0000] {subprocess.py:93} INFO - Added amber-202006-0324
[2025-11-19T06:38:24.706+0000] {subprocess.py:93} INFO - Added amber-202006-0339
[2025-11-19T06:38:24.706+0000] {subprocess.py:93} INFO - Added amber-202006-0346
[2025-11-19T06:38:24.707+0000] {subprocess.py:93} INFO - Added amber-202006-0306
[2025-11-19T06:38:24.707+0000] {subprocess.py:93} INFO - Added amber-202006-0310
[2025-11-19T06:38:24.707+0000] {subprocess.py:93} INFO - Added amber-202006-0307
[2025-11-19T06:38:24.708+0000] {subprocess.py:93} INFO - Added amber-202006-0325
[2025-11-19T06:38:24.708+0000] {subprocess.py:93} INFO - Added amber-202006-0340
[2025-11-19T06:38:24.708+0000] {subprocess.py:93} INFO - Added amber-202006-0347
[2025-11-19T06:38:24.709+0000] {subprocess.py:93} INFO - Added amber-202006-0308
[2025-11-19T06:38:24.709+0000] {subprocess.py:93} INFO - Added amber-202006-0309
[2025-11-19T06:38:24.709+0000] {subprocess.py:93} INFO - Added amber-202006-0316
[2025-11-19T06:38:24.709+0000] {subprocess.py:93} INFO - Added amber-202006-0318
[2025-11-19T06:38:24.710+0000] {subprocess.py:93} INFO - Added amber-202006-0326
[2025-11-19T06:38:24.710+0000] {subprocess.py:93} INFO - Added amber-202006-0330
[2025-11-19T06:38:24.710+0000] {subprocess.py:93} INFO - Added amber-202006-0333
[2025-11-19T06:38:24.711+0000] {subprocess.py:93} INFO - Added amber-202006-0341
[2025-11-19T06:38:24.711+0000] {subprocess.py:93} INFO - Added amber-202006-0342
[2025-11-19T06:38:24.711+0000] {subprocess.py:93} INFO - Added amber-202006-0343
[2025-11-19T06:38:24.711+0000] {subprocess.py:93} INFO - Added amber-202006-0351
[2025-11-19T06:38:24.712+0000] {subprocess.py:93} INFO - Added amber-202006-0345
[2025-11-19T06:38:24.712+0000] {subprocess.py:93} INFO - Added amber-202006-0349
[2025-11-19T06:38:24.712+0000] {subprocess.py:93} INFO - Added amber-202006-0350
[2025-11-19T06:38:24.713+0000] {subprocess.py:93} INFO - Wrote 352 messages to /opt/airflow/data/RawData/2020_Data/2020_Jun.json
[2025-11-19T06:38:24.713+0000] {subprocess.py:93} INFO - Working on 2020 Jul ...
[2025-11-19T06:38:24.713+0000] {subprocess.py:93} INFO - Added 2020: Jul
[2025-11-19T06:38:24.714+0000] {subprocess.py:93} INFO - Added amber-202007-0000
[2025-11-19T06:38:24.714+0000] {subprocess.py:93} INFO - Added amber-202007-0001
[2025-11-19T06:38:24.714+0000] {subprocess.py:93} INFO - Added amber-202007-0002
[2025-11-19T06:38:24.714+0000] {subprocess.py:93} INFO - Added amber-202007-0014
[2025-11-19T06:38:24.715+0000] {subprocess.py:93} INFO - Added amber-202007-0016
[2025-11-19T06:38:24.715+0000] {subprocess.py:93} INFO - Added amber-202007-0018
[2025-11-19T06:38:24.715+0000] {subprocess.py:93} INFO - Added amber-202007-0026
[2025-11-19T06:38:24.716+0000] {subprocess.py:93} INFO - Added amber-202007-0027
[2025-11-19T06:38:24.716+0000] {subprocess.py:93} INFO - Added amber-202007-0029
[2025-11-19T06:38:24.716+0000] {subprocess.py:93} INFO - Added amber-202007-0035
[2025-11-19T06:38:24.717+0000] {subprocess.py:93} INFO - Added amber-202007-0037
[2025-11-19T06:38:24.717+0000] {subprocess.py:93} INFO - Added amber-202007-0040
[2025-11-19T06:38:24.717+0000] {subprocess.py:93} INFO - Added amber-202007-0041
[2025-11-19T06:38:24.718+0000] {subprocess.py:93} INFO - Added amber-202007-0050
[2025-11-19T06:38:24.718+0000] {subprocess.py:93} INFO - Added amber-202007-0055
[2025-11-19T06:38:24.718+0000] {subprocess.py:93} INFO - Added amber-202007-0057
[2025-11-19T06:38:24.718+0000] {subprocess.py:93} INFO - Added amber-202007-0074
[2025-11-19T06:38:24.719+0000] {subprocess.py:93} INFO - Added amber-202007-0076
[2025-11-19T06:38:24.719+0000] {subprocess.py:93} INFO - Added amber-202007-0003
[2025-11-19T06:39:09.701+0000] {local_task_job_runner.py:127} ERROR - Received SIGTERM. Terminating subprocesses
[2025-11-19T06:39:09.703+0000] {process_utils.py:132} INFO - Sending 15 to group 308. PIDs of all processes in the group: [310, 308]
[2025-11-19T06:39:09.703+0000] {process_utils.py:87} INFO - Sending the signal 15 to group 308
[2025-11-19T06:39:09.704+0000] {taskinstance.py:3092} ERROR - Received SIGTERM. Terminating subprocesses.
[2025-11-19T06:39:09.705+0000] {subprocess.py:104} INFO - Sending SIGTERM signal to process group
[2025-11-19T06:39:09.713+0000] {taskinstance.py:3310} ERROR - Task failed with exception
Traceback (most recent call last):
  File "/home/airflow/.local/lib/python3.12/site-packages/airflow/models/taskinstance.py", line 767, in _execute_task
    result = _execute_callable(context=context, **execute_callable_kwargs)
             ^^^^^^^^^^^^^^^^^^^^^^^^^^^^^^^^^^^^^^^^^^^^^^^^^^^^^^^^^^^^^
  File "/home/airflow/.local/lib/python3.12/site-packages/airflow/models/taskinstance.py", line 733, in _execute_callable
    return ExecutionCallableRunner(
           ^^^^^^^^^^^^^^^^^^^^^^^^
  File "/home/airflow/.local/lib/python3.12/site-packages/airflow/utils/operator_helpers.py", line 252, in run
    return self.func(*args, **kwargs)
           ^^^^^^^^^^^^^^^^^^^^^^^^^^
  File "/home/airflow/.local/lib/python3.12/site-packages/airflow/models/baseoperator.py", line 406, in wrapper
    return func(self, *args, **kwargs)
           ^^^^^^^^^^^^^^^^^^^^^^^^^^^
  File "/home/airflow/.local/lib/python3.12/site-packages/airflow/operators/bash.py", line 240, in execute
    result = self.subprocess_hook.run_command(
             ^^^^^^^^^^^^^^^^^^^^^^^^^^^^^^^^^
  File "/home/airflow/.local/lib/python3.12/site-packages/airflow/hooks/subprocess.py", line 91, in run_command
    for raw_line in iter(self.sub_process.stdout.readline, b""):
                    ^^^^^^^^^^^^^^^^^^^^^^^^^^^^^^^^^^^^^^^^^^^
  File "/home/airflow/.local/lib/python3.12/site-packages/airflow/models/taskinstance.py", line 3094, in signal_handler
    raise AirflowTaskTerminated("Task received SIGTERM signal")
airflow.exceptions.AirflowTaskTerminated: Task received SIGTERM signal
[2025-11-19T06:39:09.726+0000] {taskinstance.py:1225} INFO - Marking task as UP_FOR_RETRY. dag_id=AMBER_Daily_Scraping, task_id=web_scrape, run_id=manual__2025-11-19T05:38:28.422399+00:00, execution_date=20251119T053828, start_date=20251119T063405, end_date=20251119T063909
[2025-11-19T06:39:09.766+0000] {taskinstance.py:340} INFO - ::group::Post task execution logs
[2025-11-19T06:39:09.796+0000] {process_utils.py:80} INFO - Process psutil.Process(pid=310, status='terminated', started='06:34:05') (310) terminated with exit code None
[2025-11-19T06:39:09.797+0000] {process_utils.py:80} INFO - Process psutil.Process(pid=308, status='terminated', exitcode=2, started='06:34:05') (308) terminated with exit code 2
[2025-11-19T06:39:09.798+0000] {local_task_job_runner.py:266} INFO - Task exited with return code 143
[2025-11-19T06:39:09.809+0000] {taskinstance.py:3900} INFO - 0 downstream tasks scheduled from follow-on schedule check
[2025-11-19T06:39:10.433+0000] {standard_task_runner.py:217} INFO - Process not found (most likely exited), stop collecting metrics
