[2025-11-13T08:28:20.394+0000] {local_task_job_runner.py:123} INFO - ::group::Pre task execution logs
[2025-11-13T08:28:20.401+0000] {taskinstance.py:2612} INFO - Dependencies all met for dep_context=non-requeueable deps ti=<TaskInstance: AMBER_Daily_Scraping.amber_web_scrape manual__2025-11-13T06:09:31.715152+00:00 [queued]>
[2025-11-13T08:28:20.405+0000] {taskinstance.py:2612} INFO - Dependencies all met for dep_context=requeueable deps ti=<TaskInstance: AMBER_Daily_Scraping.amber_web_scrape manual__2025-11-13T06:09:31.715152+00:00 [queued]>
[2025-11-13T08:28:20.406+0000] {taskinstance.py:2865} INFO - Starting attempt 1 of 3
[2025-11-13T08:28:20.429+0000] {taskinstance.py:2888} INFO - Executing <Task(BashOperator): amber_web_scrape> on 2025-11-13 06:09:31.715152+00:00
[2025-11-13T08:28:20.432+0000] {standard_task_runner.py:72} INFO - Started process 81 to run task
[2025-11-13T08:28:20.435+0000] {standard_task_runner.py:104} INFO - Running: ['airflow', 'tasks', 'run', 'AMBER_Daily_Scraping', 'amber_web_scrape', 'manual__2025-11-13T06:09:31.715152+00:00', '--job-id', '13', '--raw', '--subdir', 'DAGS_FOLDER/AMBER_Daily_Scraping.py', '--cfg-path', '/tmp/tmpiul0rewn']
[2025-11-13T08:28:20.436+0000] {standard_task_runner.py:105} INFO - Job 13: Subtask amber_web_scrape
[2025-11-13T08:28:20.481+0000] {task_command.py:467} INFO - Running <TaskInstance: AMBER_Daily_Scraping.amber_web_scrape manual__2025-11-13T06:09:31.715152+00:00 [running]> on host 59341624d651
[2025-11-13T08:28:20.552+0000] {taskinstance.py:3131} INFO - Exporting env vars: AIRFLOW_CTX_DAG_OWNER='data' AIRFLOW_CTX_DAG_ID='AMBER_Daily_Scraping' AIRFLOW_CTX_TASK_ID='amber_web_scrape' AIRFLOW_CTX_EXECUTION_DATE='2025-11-13T06:09:31.715152+00:00' AIRFLOW_CTX_TRY_NUMBER='1' AIRFLOW_CTX_DAG_RUN_ID='manual__2025-11-13T06:09:31.715152+00:00'
[2025-11-13T08:28:20.553+0000] {taskinstance.py:731} INFO - ::endgroup::
[2025-11-13T08:28:20.564+0000] {subprocess.py:63} INFO - Tmp dir root location: /tmp
[2025-11-13T08:28:20.565+0000] {subprocess.py:75} INFO - Running command: ['/usr/bin/bash', '-c', 'cd /opt/airflow/dags/scripts && python AMBER_WEB_Scraping.py']
[2025-11-13T08:28:20.571+0000] {subprocess.py:86} INFO - Output:
[2025-11-13T08:29:26.331+0000] {subprocess.py:93} INFO - Populating Messages...
[2025-11-13T08:29:26.331+0000] {subprocess.py:93} INFO - Success!
[2025-11-13T08:29:26.332+0000] {subprocess.py:93} INFO - Populating Clean Data...
[2025-11-13T08:29:26.332+0000] {subprocess.py:93} INFO - Working on 2020 Jan ...
[2025-11-13T08:29:26.333+0000] {subprocess.py:93} INFO - Added 2020: Jan
[2025-11-13T08:29:26.333+0000] {subprocess.py:93} INFO - Added amber-202001-0000
[2025-11-13T08:29:26.333+0000] {subprocess.py:93} INFO - Added amber-202001-0005
[2025-11-13T08:29:26.334+0000] {subprocess.py:93} INFO - Added amber-202001-0001
[2025-11-13T08:29:26.334+0000] {subprocess.py:93} INFO - Added amber-202001-0002
[2025-11-13T08:29:26.335+0000] {subprocess.py:93} INFO - Added amber-202001-0004
[2025-11-13T08:29:26.335+0000] {subprocess.py:93} INFO - Added amber-202001-0006
[2025-11-13T08:29:26.335+0000] {subprocess.py:93} INFO - Added amber-202001-0003
[2025-11-13T08:29:26.335+0000] {subprocess.py:93} INFO - Added amber-202001-0007
[2025-11-13T08:29:26.336+0000] {subprocess.py:93} INFO - Added amber-202001-0057
[2025-11-13T08:29:26.336+0000] {subprocess.py:93} INFO - Added amber-202001-0008
[2025-11-13T08:29:26.336+0000] {subprocess.py:93} INFO - Added amber-202001-0055
[2025-11-13T08:29:26.337+0000] {subprocess.py:93} INFO - Added amber-202001-0318
[2025-11-13T08:29:26.337+0000] {subprocess.py:93} INFO - Added amber-202001-0009
[2025-11-13T08:29:26.337+0000] {subprocess.py:93} INFO - Added amber-202001-0010
[2025-11-13T08:29:26.337+0000] {subprocess.py:93} INFO - Added amber-202001-0017
[2025-11-13T08:29:26.338+0000] {subprocess.py:93} INFO - Added amber-202001-0011
[2025-11-13T08:29:26.338+0000] {subprocess.py:93} INFO - Added amber-202001-0012
[2025-11-13T08:29:26.339+0000] {subprocess.py:93} INFO - Added amber-202001-0013
[2025-11-13T08:29:26.339+0000] {subprocess.py:93} INFO - Added amber-202001-0014
[2025-11-13T08:29:26.339+0000] {subprocess.py:93} INFO - Added amber-202001-0019
[2025-11-13T08:29:26.340+0000] {subprocess.py:93} INFO - Added amber-202001-0022
[2025-11-13T08:29:26.340+0000] {subprocess.py:93} INFO - Added amber-202001-0023
[2025-11-13T08:29:26.340+0000] {subprocess.py:93} INFO - Added amber-202001-0035
[2025-11-13T08:29:26.341+0000] {subprocess.py:93} INFO - Added amber-202001-0015
[2025-11-13T08:29:26.341+0000] {subprocess.py:93} INFO - Added amber-202001-0018
[2025-11-13T08:29:26.342+0000] {subprocess.py:93} INFO - Added amber-202001-0016
[2025-11-13T08:29:26.342+0000] {subprocess.py:93} INFO - Added amber-202001-0020
[2025-11-13T08:29:26.343+0000] {subprocess.py:93} INFO - Added amber-202001-0021
[2025-11-13T08:29:26.343+0000] {subprocess.py:93} INFO - Added amber-202001-0024
[2025-11-13T08:29:26.344+0000] {subprocess.py:93} INFO - Added amber-202001-0025
[2025-11-13T08:29:26.344+0000] {subprocess.py:93} INFO - Added amber-202001-0026
[2025-11-13T08:29:26.344+0000] {subprocess.py:93} INFO - Added amber-202001-0027
[2025-11-13T08:29:26.345+0000] {subprocess.py:93} INFO - Added amber-202001-0028
[2025-11-13T08:29:26.345+0000] {subprocess.py:93} INFO - Added amber-202001-0029
[2025-11-13T08:29:26.345+0000] {subprocess.py:93} INFO - Added amber-202001-0054
[2025-11-13T08:29:26.346+0000] {subprocess.py:93} INFO - Added amber-202001-0060
[2025-11-13T08:29:26.346+0000] {subprocess.py:93} INFO - Added amber-202001-0073
[2025-11-13T08:29:26.346+0000] {subprocess.py:93} INFO - Added amber-202001-0030
[2025-11-13T08:29:26.346+0000] {subprocess.py:93} INFO - Added amber-202001-0033
[2025-11-13T08:29:26.347+0000] {subprocess.py:93} INFO - Added amber-202001-0031
[2025-11-13T08:29:26.347+0000] {subprocess.py:93} INFO - Added amber-202001-0034
[2025-11-13T08:29:26.347+0000] {subprocess.py:93} INFO - Added amber-202001-0032
[2025-11-13T08:29:26.348+0000] {subprocess.py:93} INFO - Added amber-202001-0036
[2025-11-13T08:29:26.348+0000] {subprocess.py:93} INFO - Added amber-202001-0040
[2025-11-13T08:29:26.348+0000] {subprocess.py:93} INFO - Added amber-202001-0037
[2025-11-13T08:29:26.348+0000] {subprocess.py:93} INFO - Added amber-202001-0038
[2025-11-13T08:29:26.349+0000] {subprocess.py:93} INFO - Added amber-202001-0039
[2025-11-13T08:29:26.349+0000] {subprocess.py:93} INFO - Added amber-202001-0046
[2025-11-13T08:29:26.349+0000] {subprocess.py:93} INFO - Added amber-202001-0041
[2025-11-13T08:29:26.349+0000] {subprocess.py:93} INFO - Added amber-202001-0042
[2025-11-13T08:29:26.350+0000] {subprocess.py:93} INFO - Added amber-202001-0043
[2025-11-13T08:29:26.350+0000] {subprocess.py:93} INFO - Added amber-202001-0044
[2025-11-13T08:29:26.350+0000] {subprocess.py:93} INFO - Added amber-202001-0045
[2025-11-13T08:29:26.350+0000] {subprocess.py:93} INFO - Added amber-202001-0048
[2025-11-13T08:29:26.351+0000] {subprocess.py:93} INFO - Added amber-202001-0050
[2025-11-13T08:29:26.351+0000] {subprocess.py:93} INFO - Added amber-202001-0051
[2025-11-13T08:29:26.351+0000] {subprocess.py:93} INFO - Added amber-202001-0052
[2025-11-13T08:29:26.351+0000] {subprocess.py:93} INFO - Added amber-202001-0047
[2025-11-13T08:29:26.352+0000] {subprocess.py:93} INFO - Added amber-202001-0049
[2025-11-13T08:29:26.352+0000] {subprocess.py:93} INFO - Added amber-202001-0070
[2025-11-13T08:29:26.352+0000] {subprocess.py:93} INFO - Added amber-202001-0053
[2025-11-13T08:29:26.352+0000] {subprocess.py:93} INFO - Added amber-202001-0062
[2025-11-13T08:29:26.353+0000] {subprocess.py:93} INFO - Added amber-202001-0080
[2025-11-13T08:29:26.353+0000] {subprocess.py:93} INFO - Added amber-202001-0056
[2025-11-13T08:29:26.353+0000] {subprocess.py:93} INFO - Added amber-202001-0058
[2025-11-13T08:29:26.353+0000] {subprocess.py:93} INFO - Added amber-202001-0109
[2025-11-13T08:29:26.354+0000] {subprocess.py:93} INFO - Added amber-202001-0059
[2025-11-13T08:29:26.354+0000] {subprocess.py:93} INFO - Added amber-202001-0061
[2025-11-13T08:29:26.354+0000] {subprocess.py:93} INFO - Added amber-202001-0063
[2025-11-13T08:29:26.354+0000] {subprocess.py:93} INFO - Added amber-202001-0064
[2025-11-13T08:29:26.355+0000] {subprocess.py:93} INFO - Added amber-202001-0065
[2025-11-13T08:29:26.355+0000] {subprocess.py:93} INFO - Added amber-202001-0075
[2025-11-13T08:29:26.355+0000] {subprocess.py:93} INFO - Added amber-202001-0079
[2025-11-13T08:29:26.356+0000] {subprocess.py:93} INFO - Added amber-202001-0074
[2025-11-13T08:29:26.356+0000] {subprocess.py:93} INFO - Added amber-202001-0066
[2025-11-13T08:29:26.356+0000] {subprocess.py:93} INFO - Added amber-202001-0067
[2025-11-13T08:29:26.356+0000] {subprocess.py:93} INFO - Added amber-202001-0069
[2025-11-13T08:29:26.357+0000] {subprocess.py:93} INFO - Added amber-202001-0072
[2025-11-13T08:29:26.357+0000] {subprocess.py:93} INFO - Added amber-202001-0098
[2025-11-13T08:29:26.358+0000] {subprocess.py:93} INFO - Added amber-202001-0117
[2025-11-13T08:29:26.358+0000] {subprocess.py:93} INFO - Added amber-202001-0068
[2025-11-13T08:29:26.358+0000] {subprocess.py:93} INFO - Added amber-202001-0071
[2025-11-13T08:29:26.359+0000] {subprocess.py:93} INFO - Added amber-202001-0076
[2025-11-13T08:29:26.359+0000] {subprocess.py:93} INFO - Added amber-202001-0077
[2025-11-13T08:29:26.359+0000] {subprocess.py:93} INFO - Added amber-202001-0078
[2025-11-13T08:29:26.359+0000] {subprocess.py:93} INFO - Added amber-202001-0082
[2025-11-13T08:29:26.360+0000] {subprocess.py:93} INFO - Added amber-202001-0081
[2025-11-13T08:29:26.360+0000] {subprocess.py:93} INFO - Added amber-202001-0083
[2025-11-13T08:29:26.360+0000] {subprocess.py:93} INFO - Added amber-202001-0084
[2025-11-13T08:29:26.361+0000] {subprocess.py:93} INFO - Added amber-202001-0088
[2025-11-13T08:29:26.361+0000] {subprocess.py:93} INFO - Added amber-202001-0094
[2025-11-13T08:29:26.361+0000] {subprocess.py:93} INFO - Added amber-202001-0108
[2025-11-13T08:29:26.362+0000] {subprocess.py:93} INFO - Added amber-202001-0111
[2025-11-13T08:29:26.362+0000] {subprocess.py:93} INFO - Added amber-202001-0085
[2025-11-13T08:29:26.362+0000] {subprocess.py:93} INFO - Added amber-202001-0086
[2025-11-13T08:29:26.363+0000] {subprocess.py:93} INFO - Added amber-202001-0089
[2025-11-13T08:29:26.363+0000] {subprocess.py:93} INFO - Added amber-202001-0139
[2025-11-13T08:29:26.363+0000] {subprocess.py:93} INFO - Added amber-202001-0140
[2025-11-13T08:29:26.363+0000] {subprocess.py:93} INFO - Added amber-202001-0087
[2025-11-13T08:29:26.364+0000] {subprocess.py:93} INFO - Added amber-202001-0097
[2025-11-13T08:29:26.364+0000] {subprocess.py:93} INFO - Added amber-202001-0090
[2025-11-13T08:29:26.364+0000] {subprocess.py:93} INFO - Added amber-202001-0091
[2025-11-13T08:29:26.365+0000] {subprocess.py:93} INFO - Added amber-202001-0092
[2025-11-13T08:29:26.365+0000] {subprocess.py:93} INFO - Added amber-202001-0093
[2025-11-13T08:29:26.365+0000] {subprocess.py:93} INFO - Added amber-202001-0095
[2025-11-13T08:29:26.365+0000] {subprocess.py:93} INFO - Added amber-202001-0096
[2025-11-13T08:29:26.366+0000] {subprocess.py:93} INFO - Added amber-202001-0099
[2025-11-13T08:29:26.366+0000] {subprocess.py:93} INFO - Added amber-202001-0107
[2025-11-13T08:29:26.366+0000] {subprocess.py:93} INFO - Added amber-202001-0112
[2025-11-13T08:29:26.366+0000] {subprocess.py:93} INFO - Added amber-202001-0100
[2025-11-13T08:29:26.367+0000] {subprocess.py:93} INFO - Added amber-202001-0114
[2025-11-13T08:29:26.367+0000] {subprocess.py:93} INFO - Added amber-202001-0101
[2025-11-13T08:29:26.367+0000] {subprocess.py:93} INFO - Added amber-202001-0102
[2025-11-13T08:29:26.367+0000] {subprocess.py:93} INFO - Added amber-202001-0103
[2025-11-13T08:29:26.368+0000] {subprocess.py:93} INFO - Added amber-202001-0104
[2025-11-13T08:29:26.368+0000] {subprocess.py:93} INFO - Added amber-202001-0105
[2025-11-13T08:29:26.368+0000] {subprocess.py:93} INFO - Added amber-202001-0106
[2025-11-13T08:29:26.368+0000] {subprocess.py:93} INFO - Added amber-202001-0110
[2025-11-13T08:29:26.369+0000] {subprocess.py:93} INFO - Added amber-202001-0124
[2025-11-13T08:29:26.369+0000] {subprocess.py:93} INFO - Added amber-202001-0125
[2025-11-13T08:29:26.369+0000] {subprocess.py:93} INFO - Added amber-202001-0126
[2025-11-13T08:29:26.370+0000] {subprocess.py:93} INFO - Added amber-202001-0113
[2025-11-13T08:29:26.370+0000] {subprocess.py:93} INFO - Added amber-202001-0119
[2025-11-13T08:29:26.370+0000] {subprocess.py:93} INFO - Added amber-202001-0115
[2025-11-13T08:29:26.370+0000] {subprocess.py:93} INFO - Added amber-202001-0116
[2025-11-13T08:29:26.370+0000] {subprocess.py:93} INFO - Added amber-202001-0120
[2025-11-13T08:29:26.371+0000] {subprocess.py:93} INFO - Added amber-202001-0118
[2025-11-13T08:29:26.371+0000] {subprocess.py:93} INFO - Added amber-202001-0121
[2025-11-13T08:29:26.371+0000] {subprocess.py:93} INFO - Added amber-202001-0122
[2025-11-13T08:29:26.371+0000] {subprocess.py:93} INFO - Added amber-202001-0123
[2025-11-13T08:29:26.372+0000] {subprocess.py:93} INFO - Added amber-202001-0143
[2025-11-13T08:29:26.372+0000] {subprocess.py:93} INFO - Added amber-202001-0144
[2025-11-13T08:29:26.372+0000] {subprocess.py:93} INFO - Added amber-202001-0154
[2025-11-13T08:29:26.373+0000] {subprocess.py:93} INFO - Added amber-202001-0155
[2025-11-13T08:29:26.373+0000] {subprocess.py:93} INFO - Added amber-202001-0127
[2025-11-13T08:29:26.374+0000] {subprocess.py:93} INFO - Added amber-202001-0128
[2025-11-13T08:29:26.374+0000] {subprocess.py:93} INFO - Added amber-202001-0129
[2025-11-13T08:29:26.375+0000] {subprocess.py:93} INFO - Added amber-202001-0137
[2025-11-13T08:29:26.375+0000] {subprocess.py:93} INFO - Added amber-202001-0138
[2025-11-13T08:29:26.375+0000] {subprocess.py:93} INFO - Added amber-202001-0130
[2025-11-13T08:29:26.376+0000] {subprocess.py:93} INFO - Added amber-202001-0177
[2025-11-13T08:29:26.376+0000] {subprocess.py:93} INFO - Added amber-202001-0131
[2025-11-13T08:29:26.376+0000] {subprocess.py:93} INFO - Added amber-202001-0134
[2025-11-13T08:29:26.377+0000] {subprocess.py:93} INFO - Added amber-202001-0136
[2025-11-13T08:29:26.377+0000] {subprocess.py:93} INFO - Added amber-202001-0146
[2025-11-13T08:29:26.377+0000] {subprocess.py:93} INFO - Added amber-202001-0135
[2025-11-13T08:29:26.377+0000] {subprocess.py:93} INFO - Added amber-202001-0132
[2025-11-13T08:29:26.378+0000] {subprocess.py:93} INFO - Added amber-202001-0142
[2025-11-13T08:29:26.378+0000] {subprocess.py:93} INFO - Added amber-202001-0133
[2025-11-13T08:29:26.378+0000] {subprocess.py:93} INFO - Added amber-202001-0141
[2025-11-13T08:29:26.378+0000] {subprocess.py:93} INFO - Added amber-202001-0145
[2025-11-13T08:29:26.378+0000] {subprocess.py:93} INFO - Added amber-202001-0147
[2025-11-13T08:29:26.379+0000] {subprocess.py:93} INFO - Added amber-202001-0148
[2025-11-13T08:29:26.379+0000] {subprocess.py:93} INFO - Added amber-202001-0150
[2025-11-13T08:29:26.379+0000] {subprocess.py:93} INFO - Added amber-202001-0149
[2025-11-13T08:29:26.379+0000] {subprocess.py:93} INFO - Added amber-202001-0151
[2025-11-13T08:29:26.379+0000] {subprocess.py:93} INFO - Added amber-202001-0152
[2025-11-13T08:29:26.380+0000] {subprocess.py:93} INFO - Added amber-202001-0153
[2025-11-13T08:29:26.380+0000] {subprocess.py:93} INFO - Added amber-202001-0156
[2025-11-13T08:29:26.380+0000] {subprocess.py:93} INFO - Added amber-202001-0157
[2025-11-13T08:29:26.380+0000] {subprocess.py:93} INFO - Added amber-202001-0159
[2025-11-13T08:29:26.380+0000] {subprocess.py:93} INFO - Added amber-202001-0192
[2025-11-13T08:29:26.381+0000] {subprocess.py:93} INFO - Added amber-202001-0193
[2025-11-13T08:29:26.381+0000] {subprocess.py:93} INFO - Added amber-202001-0194
[2025-11-13T08:29:26.381+0000] {subprocess.py:93} INFO - Added amber-202001-0196
[2025-11-13T08:29:26.382+0000] {subprocess.py:93} INFO - Added amber-202001-0200
[2025-11-13T08:29:26.382+0000] {subprocess.py:93} INFO - Added amber-202001-0201
[2025-11-13T08:29:26.382+0000] {subprocess.py:93} INFO - Added amber-202001-0158
[2025-11-13T08:29:26.382+0000] {subprocess.py:93} INFO - Added amber-202001-0160
[2025-11-13T08:29:26.382+0000] {subprocess.py:93} INFO - Added amber-202001-0163
[2025-11-13T08:29:26.383+0000] {subprocess.py:93} INFO - Added amber-202001-0164
[2025-11-13T08:29:26.383+0000] {subprocess.py:93} INFO - Added amber-202001-0165
[2025-11-13T08:29:26.383+0000] {subprocess.py:93} INFO - Added amber-202001-0166
[2025-11-13T08:29:26.384+0000] {subprocess.py:93} INFO - Added amber-202001-0168
[2025-11-13T08:29:26.384+0000] {subprocess.py:93} INFO - Added amber-202001-0174
[2025-11-13T08:29:26.384+0000] {subprocess.py:93} INFO - Added amber-202001-0197
[2025-11-13T08:29:26.384+0000] {subprocess.py:93} INFO - Added amber-202001-0198
[2025-11-13T08:29:26.385+0000] {subprocess.py:93} INFO - Added amber-202001-0199
[2025-11-13T08:29:26.385+0000] {subprocess.py:93} INFO - Added amber-202001-0161
[2025-11-13T08:29:26.385+0000] {subprocess.py:93} INFO - Added amber-202001-0171
[2025-11-13T08:29:26.385+0000] {subprocess.py:93} INFO - Added amber-202001-0162
[2025-11-13T08:29:26.386+0000] {subprocess.py:93} INFO - Added amber-202001-0215
[2025-11-13T08:29:26.386+0000] {subprocess.py:93} INFO - Added amber-202001-0167
[2025-11-13T08:29:26.387+0000] {subprocess.py:93} INFO - Added amber-202001-0169
[2025-11-13T08:29:26.387+0000] {subprocess.py:93} INFO - Added amber-202001-0170
[2025-11-13T08:29:26.387+0000] {subprocess.py:93} INFO - Added amber-202001-0173
[2025-11-13T08:29:26.388+0000] {subprocess.py:93} INFO - Added amber-202001-0175
[2025-11-13T08:29:26.388+0000] {subprocess.py:93} INFO - Added amber-202001-0189
[2025-11-13T08:29:26.388+0000] {subprocess.py:93} INFO - Added amber-202001-0213
[2025-11-13T08:29:26.388+0000] {subprocess.py:93} INFO - Added amber-202001-0221
[2025-11-13T08:29:26.389+0000] {subprocess.py:93} INFO - Added amber-202001-0172
[2025-11-13T08:29:26.389+0000] {subprocess.py:93} INFO - Added amber-202001-0176
[2025-11-13T08:29:26.389+0000] {subprocess.py:93} INFO - Added amber-202001-0178
[2025-11-13T08:29:26.389+0000] {subprocess.py:93} INFO - Added amber-202001-0183
[2025-11-13T08:29:26.390+0000] {subprocess.py:93} INFO - Added amber-202001-0179
[2025-11-13T08:29:26.390+0000] {subprocess.py:93} INFO - Added amber-202001-0184
[2025-11-13T08:29:26.390+0000] {subprocess.py:93} INFO - Added amber-202001-0180
[2025-11-13T08:29:26.390+0000] {subprocess.py:93} INFO - Added amber-202001-0181
[2025-11-13T08:29:26.390+0000] {subprocess.py:93} INFO - Added amber-202001-0182
[2025-11-13T08:29:26.391+0000] {subprocess.py:93} INFO - Added amber-202001-0186
[2025-11-13T08:29:26.391+0000] {subprocess.py:93} INFO - Added amber-202001-0190
[2025-11-13T08:29:26.391+0000] {subprocess.py:93} INFO - Added amber-202001-0228
[2025-11-13T08:29:26.391+0000] {subprocess.py:93} INFO - Added amber-202001-0242
[2025-11-13T08:29:26.391+0000] {subprocess.py:93} INFO - Added amber-202001-0185
[2025-11-13T08:29:26.392+0000] {subprocess.py:93} INFO - Added amber-202001-0195
[2025-11-13T08:29:26.392+0000] {subprocess.py:93} INFO - Added amber-202001-0260
[2025-11-13T08:29:26.392+0000] {subprocess.py:93} INFO - Added amber-202001-0187
[2025-11-13T08:29:26.392+0000] {subprocess.py:93} INFO - Added amber-202001-0188
[2025-11-13T08:29:26.392+0000] {subprocess.py:93} INFO - Added amber-202001-0191
[2025-11-13T08:29:26.393+0000] {subprocess.py:93} INFO - Added amber-202001-0202
[2025-11-13T08:29:26.393+0000] {subprocess.py:93} INFO - Added amber-202001-0203
[2025-11-13T08:29:26.393+0000] {subprocess.py:93} INFO - Added amber-202001-0223
[2025-11-13T08:29:26.393+0000] {subprocess.py:93} INFO - Added amber-202001-0244
[2025-11-13T08:29:26.393+0000] {subprocess.py:93} INFO - Added amber-202001-0249
[2025-11-13T08:29:26.394+0000] {subprocess.py:93} INFO - Added amber-202001-0204
[2025-11-13T08:29:26.394+0000] {subprocess.py:93} INFO - Added amber-202001-0205
[2025-11-13T08:29:26.394+0000] {subprocess.py:93} INFO - Added amber-202001-0206
[2025-11-13T08:29:26.394+0000] {subprocess.py:93} INFO - Added None
[2025-11-13T08:29:26.395+0000] {subprocess.py:93} INFO - Added amber-202001-0218
[2025-11-13T08:29:26.395+0000] {subprocess.py:93} INFO - Added amber-202001-0207
[2025-11-13T08:29:26.395+0000] {subprocess.py:93} INFO - Added amber-202001-0214
[2025-11-13T08:29:26.396+0000] {subprocess.py:93} INFO - Added amber-202001-0224
[2025-11-13T08:29:26.396+0000] {subprocess.py:93} INFO - Added amber-202001-0208
[2025-11-13T08:29:26.396+0000] {subprocess.py:93} INFO - Added amber-202001-0209
[2025-11-13T08:29:26.396+0000] {subprocess.py:93} INFO - Added amber-202001-0212
[2025-11-13T08:29:26.397+0000] {subprocess.py:93} INFO - Added amber-202001-0210
[2025-11-13T08:29:26.397+0000] {subprocess.py:93} INFO - Added amber-202001-0216
[2025-11-13T08:29:26.397+0000] {subprocess.py:93} INFO - Added amber-202001-0217
[2025-11-13T08:29:26.397+0000] {subprocess.py:93} INFO - Added amber-202001-0220
[2025-11-13T08:29:26.397+0000] {subprocess.py:93} INFO - Added amber-202001-0227
[2025-11-13T08:29:26.398+0000] {subprocess.py:93} INFO - Added amber-202001-0219
[2025-11-13T08:29:26.398+0000] {subprocess.py:93} INFO - Added amber-202001-0222
[2025-11-13T08:29:26.398+0000] {subprocess.py:93} INFO - Added amber-202001-0225
[2025-11-13T08:29:26.398+0000] {subprocess.py:93} INFO - Added amber-202001-0226
[2025-11-13T08:29:26.398+0000] {subprocess.py:93} INFO - Added amber-202001-0278
[2025-11-13T08:29:26.399+0000] {subprocess.py:93} INFO - Added amber-202001-0288
[2025-11-13T08:29:26.399+0000] {subprocess.py:93} INFO - Added amber-202001-0229
[2025-11-13T08:29:26.399+0000] {subprocess.py:93} INFO - Added amber-202001-0246
[2025-11-13T08:29:26.399+0000] {subprocess.py:93} INFO - Added amber-202001-0230
[2025-11-13T08:29:26.399+0000] {subprocess.py:93} INFO - Added amber-202001-0234
[2025-11-13T08:29:26.400+0000] {subprocess.py:93} INFO - Added amber-202001-0236
[2025-11-13T08:29:26.400+0000] {subprocess.py:93} INFO - Added amber-202001-0238
[2025-11-13T08:29:26.400+0000] {subprocess.py:93} INFO - Added amber-202001-0240
[2025-11-13T08:29:26.400+0000] {subprocess.py:93} INFO - Added amber-202001-0248
[2025-11-13T08:29:26.401+0000] {subprocess.py:93} INFO - Added amber-202001-0254
[2025-11-13T08:29:26.401+0000] {subprocess.py:93} INFO - Added amber-202001-0284
[2025-11-13T08:29:26.401+0000] {subprocess.py:93} INFO - Added amber-202001-0231
[2025-11-13T08:29:26.401+0000] {subprocess.py:93} INFO - Added amber-202001-0232
[2025-11-13T08:29:26.401+0000] {subprocess.py:93} INFO - Added amber-202001-0233
[2025-11-13T08:29:26.402+0000] {subprocess.py:93} INFO - Added amber-202001-0235
[2025-11-13T08:29:26.402+0000] {subprocess.py:93} INFO - Added amber-202001-0237
[2025-11-13T08:29:26.402+0000] {subprocess.py:93} INFO - Added amber-202001-0239
[2025-11-13T08:29:26.403+0000] {subprocess.py:93} INFO - Added amber-202001-0241
[2025-11-13T08:29:26.403+0000] {subprocess.py:93} INFO - Added amber-202001-0243
[2025-11-13T08:29:26.403+0000] {subprocess.py:93} INFO - Added amber-202001-0245
[2025-11-13T08:29:26.404+0000] {subprocess.py:93} INFO - Added amber-202001-0323
[2025-11-13T08:29:26.404+0000] {subprocess.py:93} INFO - Added amber-202001-0247
[2025-11-13T08:29:26.404+0000] {subprocess.py:93} INFO - Added amber-202001-0251
[2025-11-13T08:29:26.405+0000] {subprocess.py:93} INFO - Added amber-202001-0261
[2025-11-13T08:29:26.405+0000] {subprocess.py:93} INFO - Added amber-202001-0267
[2025-11-13T08:29:26.406+0000] {subprocess.py:93} INFO - Added amber-202001-0250
[2025-11-13T08:29:26.406+0000] {subprocess.py:93} INFO - Added amber-202001-0252
[2025-11-13T08:29:26.406+0000] {subprocess.py:93} INFO - Added amber-202001-0255
[2025-11-13T08:29:26.407+0000] {subprocess.py:93} INFO - Added amber-202001-0256
[2025-11-13T08:29:26.407+0000] {subprocess.py:93} INFO - Added amber-202001-0257
[2025-11-13T08:29:26.407+0000] {subprocess.py:93} INFO - Added amber-202001-0258
[2025-11-13T08:29:26.408+0000] {subprocess.py:93} INFO - Added amber-202001-0259
[2025-11-13T08:29:26.408+0000] {subprocess.py:93} INFO - Added amber-202001-0253
[2025-11-13T08:29:26.408+0000] {subprocess.py:93} INFO - Added amber-202001-0262
[2025-11-13T08:29:26.409+0000] {subprocess.py:93} INFO - Added amber-202001-0264
[2025-11-13T08:29:26.409+0000] {subprocess.py:93} INFO - Added amber-202001-0266
[2025-11-13T08:29:26.409+0000] {subprocess.py:93} INFO - Added amber-202001-0268
[2025-11-13T08:29:26.409+0000] {subprocess.py:93} INFO - Added amber-202001-0269
[2025-11-13T08:29:26.409+0000] {subprocess.py:93} INFO - Added amber-202001-0270
[2025-11-13T08:29:26.410+0000] {subprocess.py:93} INFO - Added amber-202001-0273
[2025-11-13T08:29:26.410+0000] {subprocess.py:93} INFO - Added amber-202001-0275
[2025-11-13T08:29:26.410+0000] {subprocess.py:93} INFO - Added amber-202001-0276
[2025-11-13T08:29:26.411+0000] {subprocess.py:93} INFO - Added amber-202001-0279
[2025-11-13T08:29:26.411+0000] {subprocess.py:93} INFO - Added amber-202001-0280
[2025-11-13T08:29:26.412+0000] {subprocess.py:93} INFO - Added amber-202001-0281
[2025-11-13T08:29:26.412+0000] {subprocess.py:93} INFO - Added amber-202001-0285
[2025-11-13T08:29:26.412+0000] {subprocess.py:93} INFO - Added amber-202001-0286
[2025-11-13T08:29:26.413+0000] {subprocess.py:93} INFO - Added amber-202001-0289
[2025-11-13T08:29:26.413+0000] {subprocess.py:93} INFO - Added amber-202001-0290
[2025-11-13T08:29:26.413+0000] {subprocess.py:93} INFO - Added amber-202001-0291
[2025-11-13T08:29:26.414+0000] {subprocess.py:93} INFO - Added amber-202001-0263
[2025-11-13T08:29:26.414+0000] {subprocess.py:93} INFO - Added amber-202001-0265
[2025-11-13T08:29:26.414+0000] {subprocess.py:93} INFO - Added amber-202001-0271
[2025-11-13T08:29:26.415+0000] {subprocess.py:93} INFO - Added amber-202001-0272
[2025-11-13T08:29:26.415+0000] {subprocess.py:93} INFO - Added amber-202001-0274
[2025-11-13T08:29:26.415+0000] {subprocess.py:93} INFO - Added amber-202001-0277
[2025-11-13T08:29:26.415+0000] {subprocess.py:93} INFO - Added amber-202001-0282
[2025-11-13T08:29:26.416+0000] {subprocess.py:93} INFO - Added amber-202001-0283
[2025-11-13T08:29:26.416+0000] {subprocess.py:93} INFO - Added amber-202001-0287
[2025-11-13T08:29:26.416+0000] {subprocess.py:93} INFO - Added amber-202001-0292
[2025-11-13T08:29:26.416+0000] {subprocess.py:93} INFO - Added amber-202001-0293
[2025-11-13T08:29:26.417+0000] {subprocess.py:93} INFO - Added amber-202001-0294
[2025-11-13T08:29:26.417+0000] {subprocess.py:93} INFO - Added amber-202001-0295
[2025-11-13T08:29:26.417+0000] {subprocess.py:93} INFO - Added amber-202001-0296
[2025-11-13T08:29:26.418+0000] {subprocess.py:93} INFO - Added amber-202001-0297
[2025-11-13T08:29:26.418+0000] {subprocess.py:93} INFO - Added amber-202001-0298
[2025-11-13T08:29:26.419+0000] {subprocess.py:93} INFO - Added amber-202001-0299
[2025-11-13T08:29:26.419+0000] {subprocess.py:93} INFO - Added amber-202001-0300
[2025-11-13T08:29:26.420+0000] {subprocess.py:93} INFO - Added amber-202001-0301
[2025-11-13T08:29:26.420+0000] {subprocess.py:93} INFO - Added amber-202001-0302
[2025-11-13T08:29:26.420+0000] {subprocess.py:93} INFO - Added amber-202001-0303
[2025-11-13T08:29:26.421+0000] {subprocess.py:93} INFO - Added amber-202001-0304
[2025-11-13T08:29:26.421+0000] {subprocess.py:93} INFO - Added amber-202001-0305
[2025-11-13T08:29:26.422+0000] {subprocess.py:93} INFO - Added amber-202001-0306
[2025-11-13T08:29:26.422+0000] {subprocess.py:93} INFO - Added amber-202001-0309
[2025-11-13T08:29:26.422+0000] {subprocess.py:93} INFO - Added amber-202001-0307
[2025-11-13T08:29:26.423+0000] {subprocess.py:93} INFO - Added amber-202001-0308
[2025-11-13T08:29:26.423+0000] {subprocess.py:93} INFO - Added amber-202001-0310
[2025-11-13T08:29:26.423+0000] {subprocess.py:93} INFO - Added amber-202001-0311
[2025-11-13T08:29:26.424+0000] {subprocess.py:93} INFO - Added amber-202001-0312
[2025-11-13T08:29:26.424+0000] {subprocess.py:93} INFO - Added amber-202001-0313
[2025-11-13T08:29:26.424+0000] {subprocess.py:93} INFO - Added amber-202001-0314
[2025-11-13T08:29:26.425+0000] {subprocess.py:93} INFO - Added amber-202001-0315
[2025-11-13T08:29:26.425+0000] {subprocess.py:93} INFO - Added amber-202001-0316
[2025-11-13T08:29:26.425+0000] {subprocess.py:93} INFO - Added amber-202001-0317
[2025-11-13T08:29:26.425+0000] {subprocess.py:93} INFO - Added amber-202001-0319
[2025-11-13T08:29:26.426+0000] {subprocess.py:93} INFO - Added amber-202001-0320
[2025-11-13T08:29:26.426+0000] {subprocess.py:93} INFO - Added amber-202001-0321
[2025-11-13T08:29:26.427+0000] {subprocess.py:93} INFO - Added amber-202001-0322
[2025-11-13T08:29:26.427+0000] {subprocess.py:93} INFO - Added amber-202001-0324
[2025-11-13T08:29:26.427+0000] {subprocess.py:93} INFO - Added amber-202001-0326
[2025-11-13T08:29:26.427+0000] {subprocess.py:93} INFO - Added amber-202001-0325
[2025-11-13T08:29:26.428+0000] {subprocess.py:93} INFO - Added amber-202001-0327
[2025-11-13T08:29:26.428+0000] {subprocess.py:93} INFO - Added amber-202001-0328
[2025-11-13T08:29:26.428+0000] {subprocess.py:93} INFO - Added amber-202001-0329
[2025-11-13T08:29:26.428+0000] {subprocess.py:93} INFO - Added amber-202001-0332
[2025-11-13T08:29:26.429+0000] {subprocess.py:93} INFO - Added amber-202001-0330
[2025-11-13T08:29:26.429+0000] {subprocess.py:93} INFO - Added amber-202001-0331
[2025-11-13T08:29:26.429+0000] {subprocess.py:93} INFO - Added amber-202001-0333
[2025-11-13T08:29:26.429+0000] {subprocess.py:93} INFO - Added amber-202001-0334
[2025-11-13T08:30:39.443+0000] {subprocess.py:93} INFO - Wrote 335 messages to /opt/airflow/data/RawData/2020_Data/2020_Jan.json
[2025-11-13T08:30:39.444+0000] {subprocess.py:93} INFO - Working on 2020 Feb ...
[2025-11-13T08:30:39.444+0000] {subprocess.py:93} INFO - Added 2020: Feb
[2025-11-13T08:30:39.445+0000] {subprocess.py:93} INFO - Added amber-202002-0000
[2025-11-13T08:30:39.446+0000] {subprocess.py:93} INFO - Added amber-202002-0001
[2025-11-13T08:30:39.446+0000] {subprocess.py:93} INFO - Added amber-202002-0002
[2025-11-13T08:30:39.447+0000] {subprocess.py:93} INFO - Added amber-202002-0003
[2025-11-13T08:30:39.447+0000] {subprocess.py:93} INFO - Added amber-202002-0004
[2025-11-13T08:30:39.448+0000] {subprocess.py:93} INFO - Added amber-202002-0006
[2025-11-13T08:30:39.448+0000] {subprocess.py:93} INFO - Added amber-202002-0007
[2025-11-13T08:30:39.448+0000] {subprocess.py:93} INFO - Added amber-202002-0010
[2025-11-13T08:30:39.449+0000] {subprocess.py:93} INFO - Added amber-202002-0005
[2025-11-13T08:30:39.450+0000] {subprocess.py:93} INFO - Added amber-202002-0008
[2025-11-13T08:30:39.450+0000] {subprocess.py:93} INFO - Added amber-202002-0009
[2025-11-13T08:30:39.450+0000] {subprocess.py:93} INFO - Added amber-202002-0011
[2025-11-13T08:30:39.451+0000] {subprocess.py:93} INFO - Added amber-202002-0012
[2025-11-13T08:30:39.451+0000] {subprocess.py:93} INFO - Added amber-202002-0013
[2025-11-13T08:30:39.452+0000] {subprocess.py:93} INFO - Added amber-202002-0016
[2025-11-13T08:30:39.452+0000] {subprocess.py:93} INFO - Added amber-202002-0017
[2025-11-13T08:30:39.452+0000] {subprocess.py:93} INFO - Added amber-202002-0014
[2025-11-13T08:30:39.453+0000] {subprocess.py:93} INFO - Added amber-202002-0015
[2025-11-13T08:30:39.453+0000] {subprocess.py:93} INFO - Added amber-202002-0032
[2025-11-13T08:30:39.453+0000] {subprocess.py:93} INFO - Added amber-202002-0033
[2025-11-13T08:30:39.453+0000] {subprocess.py:93} INFO - Added amber-202002-0036
[2025-11-13T08:30:39.454+0000] {subprocess.py:93} INFO - Added amber-202002-0038
[2025-11-13T08:30:39.454+0000] {subprocess.py:93} INFO - Added amber-202002-0039
[2025-11-13T08:30:39.454+0000] {subprocess.py:93} INFO - Added amber-202002-0041
[2025-11-13T08:30:39.455+0000] {subprocess.py:93} INFO - Added amber-202002-0043
[2025-11-13T08:30:39.455+0000] {subprocess.py:93} INFO - Added amber-202002-0040
[2025-11-13T08:30:39.456+0000] {subprocess.py:93} INFO - Added amber-202002-0044
[2025-11-13T08:30:39.457+0000] {subprocess.py:93} INFO - Added amber-202002-0018
[2025-11-13T08:30:39.457+0000] {subprocess.py:93} INFO - Added amber-202002-0019
[2025-11-13T08:30:39.458+0000] {subprocess.py:93} INFO - Added amber-202002-0065
[2025-11-13T08:30:39.458+0000] {subprocess.py:93} INFO - Added amber-202002-0020
[2025-11-13T08:30:39.458+0000] {subprocess.py:93} INFO - Added amber-202002-0021
[2025-11-13T08:30:39.459+0000] {subprocess.py:93} INFO - Added amber-202002-0022
[2025-11-13T08:30:39.459+0000] {subprocess.py:93} INFO - Added amber-202002-0023
[2025-11-13T08:30:39.459+0000] {subprocess.py:93} INFO - Added amber-202002-0024
[2025-11-13T08:30:39.460+0000] {subprocess.py:93} INFO - Added amber-202002-0025
[2025-11-13T08:30:39.460+0000] {subprocess.py:93} INFO - Added amber-202002-0026
[2025-11-13T08:30:39.460+0000] {subprocess.py:93} INFO - Added amber-202002-0027
[2025-11-13T08:30:39.461+0000] {subprocess.py:93} INFO - Added amber-202002-0028
[2025-11-13T08:30:39.461+0000] {subprocess.py:93} INFO - Added amber-202002-0029
[2025-11-13T08:30:39.462+0000] {subprocess.py:93} INFO - Added amber-202002-0030
[2025-11-13T08:30:39.462+0000] {subprocess.py:93} INFO - Added amber-202002-0031
[2025-11-13T08:30:39.462+0000] {subprocess.py:93} INFO - Added amber-202002-0034
[2025-11-13T08:30:39.462+0000] {subprocess.py:93} INFO - Added amber-202002-0037
[2025-11-13T08:30:39.463+0000] {subprocess.py:93} INFO - Added amber-202002-0035
[2025-11-13T08:30:39.463+0000] {subprocess.py:93} INFO - Added amber-202002-0042
[2025-11-13T08:30:39.464+0000] {subprocess.py:93} INFO - Added amber-202002-0045
[2025-11-13T08:30:39.464+0000] {subprocess.py:93} INFO - Added amber-202002-0047
[2025-11-13T08:30:39.464+0000] {subprocess.py:93} INFO - Added amber-202002-0046
[2025-11-13T08:30:39.465+0000] {subprocess.py:93} INFO - Added amber-202002-0048
[2025-11-13T08:30:39.465+0000] {subprocess.py:93} INFO - Added amber-202002-0049
[2025-11-13T08:30:39.465+0000] {subprocess.py:93} INFO - Added amber-202002-0050
[2025-11-13T08:30:39.466+0000] {subprocess.py:93} INFO - Added amber-202002-0051
[2025-11-13T08:30:39.466+0000] {subprocess.py:93} INFO - Added amber-202002-0052
[2025-11-13T08:30:39.466+0000] {subprocess.py:93} INFO - Added amber-202002-0053
[2025-11-13T08:30:39.467+0000] {subprocess.py:93} INFO - Added amber-202002-0054
[2025-11-13T08:30:39.467+0000] {subprocess.py:93} INFO - Added amber-202002-0055
[2025-11-13T08:30:39.467+0000] {subprocess.py:93} INFO - Added amber-202002-0056
[2025-11-13T08:30:39.468+0000] {subprocess.py:93} INFO - Added amber-202002-0057
[2025-11-13T08:30:39.468+0000] {subprocess.py:93} INFO - Added amber-202002-0058
[2025-11-13T08:30:39.468+0000] {subprocess.py:93} INFO - Added amber-202002-0059
[2025-11-13T08:30:39.469+0000] {subprocess.py:93} INFO - Added amber-202002-0060
[2025-11-13T08:30:39.469+0000] {subprocess.py:93} INFO - Added amber-202002-0062
[2025-11-13T08:30:39.469+0000] {subprocess.py:93} INFO - Added amber-202002-0061
[2025-11-13T08:30:39.470+0000] {subprocess.py:93} INFO - Added amber-202002-0071
[2025-11-13T08:30:39.470+0000] {subprocess.py:93} INFO - Added amber-202002-0063
[2025-11-13T08:30:39.471+0000] {subprocess.py:93} INFO - Added amber-202002-0066
[2025-11-13T08:30:39.471+0000] {subprocess.py:93} INFO - Added amber-202002-0064
[2025-11-13T08:30:39.471+0000] {subprocess.py:93} INFO - Added amber-202002-0067
[2025-11-13T08:30:39.472+0000] {subprocess.py:93} INFO - Added amber-202002-0069
[2025-11-13T08:30:39.472+0000] {subprocess.py:93} INFO - Added amber-202002-0070
[2025-11-13T08:30:39.472+0000] {subprocess.py:93} INFO - Added amber-202002-0091
[2025-11-13T08:30:39.473+0000] {subprocess.py:93} INFO - Added amber-202002-0092
[2025-11-13T08:30:39.473+0000] {subprocess.py:93} INFO - Added amber-202002-0093
[2025-11-13T08:30:39.473+0000] {subprocess.py:93} INFO - Added amber-202002-0068
[2025-11-13T08:30:39.474+0000] {subprocess.py:93} INFO - Added amber-202002-0072
[2025-11-13T08:30:39.474+0000] {subprocess.py:93} INFO - Added amber-202002-0076
[2025-11-13T08:30:39.474+0000] {subprocess.py:93} INFO - Added amber-202002-0077
[2025-11-13T08:30:39.475+0000] {subprocess.py:93} INFO - Added amber-202002-0086
[2025-11-13T08:30:39.475+0000] {subprocess.py:93} INFO - Added amber-202002-0073
[2025-11-13T08:30:39.475+0000] {subprocess.py:93} INFO - Added amber-202002-0074
[2025-11-13T08:30:39.476+0000] {subprocess.py:93} INFO - Added amber-202002-0075
[2025-11-13T08:30:39.476+0000] {subprocess.py:93} INFO - Added amber-202002-0078
[2025-11-13T08:30:39.477+0000] {subprocess.py:93} INFO - Added amber-202002-0079
[2025-11-13T08:30:39.477+0000] {subprocess.py:93} INFO - Added amber-202002-0080
[2025-11-13T08:30:39.477+0000] {subprocess.py:93} INFO - Added amber-202002-0081
[2025-11-13T08:30:39.478+0000] {subprocess.py:93} INFO - Added amber-202002-0082
[2025-11-13T08:30:39.478+0000] {subprocess.py:93} INFO - Added amber-202002-0083
[2025-11-13T08:30:39.479+0000] {subprocess.py:93} INFO - Added amber-202002-0090
[2025-11-13T08:30:39.479+0000] {subprocess.py:93} INFO - Added amber-202002-0230
[2025-11-13T08:30:39.479+0000] {subprocess.py:93} INFO - Added amber-202002-0084
[2025-11-13T08:30:39.480+0000] {subprocess.py:93} INFO - Added amber-202002-0085
[2025-11-13T08:30:39.480+0000] {subprocess.py:93} INFO - Added amber-202002-0087
[2025-11-13T08:30:39.481+0000] {subprocess.py:93} INFO - Added amber-202002-0088
[2025-11-13T08:30:39.481+0000] {subprocess.py:93} INFO - Added amber-202002-0089
[2025-11-13T08:30:39.481+0000] {subprocess.py:93} INFO - Added amber-202002-0094
[2025-11-13T08:30:39.482+0000] {subprocess.py:93} INFO - Added amber-202002-0097
[2025-11-13T08:30:39.482+0000] {subprocess.py:93} INFO - Added amber-202002-0095
[2025-11-13T08:30:39.482+0000] {subprocess.py:93} INFO - Added amber-202002-0099
[2025-11-13T08:30:39.483+0000] {subprocess.py:93} INFO - Added amber-202002-0100
[2025-11-13T08:30:39.483+0000] {subprocess.py:93} INFO - Added amber-202002-0096
[2025-11-13T08:30:39.483+0000] {subprocess.py:93} INFO - Added amber-202002-0101
[2025-11-13T08:30:39.484+0000] {subprocess.py:93} INFO - Added amber-202002-0098
[2025-11-13T08:30:39.484+0000] {subprocess.py:93} INFO - Added amber-202002-0102
[2025-11-13T08:30:39.485+0000] {subprocess.py:93} INFO - Added amber-202002-0108
[2025-11-13T08:30:39.485+0000] {subprocess.py:93} INFO - Added amber-202002-0115
[2025-11-13T08:30:39.486+0000] {subprocess.py:93} INFO - Added amber-202002-0103
[2025-11-13T08:30:39.486+0000] {subprocess.py:93} INFO - Added amber-202002-0104
[2025-11-13T08:30:39.486+0000] {subprocess.py:93} INFO - Added amber-202002-0110
[2025-11-13T08:30:39.487+0000] {subprocess.py:93} INFO - Added amber-202002-0112
[2025-11-13T08:30:39.487+0000] {subprocess.py:93} INFO - Added amber-202002-0113
[2025-11-13T08:30:39.488+0000] {subprocess.py:93} INFO - Added amber-202002-0114
[2025-11-13T08:30:39.488+0000] {subprocess.py:93} INFO - Added amber-202002-0105
[2025-11-13T08:30:39.488+0000] {subprocess.py:93} INFO - Added amber-202002-0106
[2025-11-13T08:30:39.489+0000] {subprocess.py:93} INFO - Added amber-202002-0107
[2025-11-13T08:30:39.489+0000] {subprocess.py:93} INFO - Added amber-202002-0109
[2025-11-13T08:30:39.489+0000] {subprocess.py:93} INFO - Added amber-202002-0111
[2025-11-13T08:30:39.489+0000] {subprocess.py:93} INFO - Added amber-202002-0118
[2025-11-13T08:30:39.490+0000] {subprocess.py:93} INFO - Added amber-202002-0212
[2025-11-13T08:30:39.490+0000] {subprocess.py:93} INFO - Added amber-202002-0214
[2025-11-13T08:30:39.490+0000] {subprocess.py:93} INFO - Added amber-202002-0116
[2025-11-13T08:30:39.491+0000] {subprocess.py:93} INFO - Added amber-202002-0126
[2025-11-13T08:30:39.491+0000] {subprocess.py:93} INFO - Added amber-202002-0117
[2025-11-13T08:30:39.491+0000] {subprocess.py:93} INFO - Added amber-202002-0127
[2025-11-13T08:30:39.492+0000] {subprocess.py:93} INFO - Added amber-202002-0119
[2025-11-13T08:30:39.492+0000] {subprocess.py:93} INFO - Added amber-202002-0120
[2025-11-13T08:30:39.493+0000] {subprocess.py:93} INFO - Added amber-202002-0123
[2025-11-13T08:30:39.493+0000] {subprocess.py:93} INFO - Added amber-202002-0198
[2025-11-13T08:30:39.494+0000] {subprocess.py:93} INFO - Added amber-202002-0121
[2025-11-13T08:30:39.494+0000] {subprocess.py:93} INFO - Added amber-202002-0122
[2025-11-13T08:30:39.494+0000] {subprocess.py:93} INFO - Added amber-202002-0124
[2025-11-13T08:30:39.495+0000] {subprocess.py:93} INFO - Added amber-202002-0128
[2025-11-13T08:30:39.495+0000] {subprocess.py:93} INFO - Added amber-202002-0129
[2025-11-13T08:30:39.495+0000] {subprocess.py:93} INFO - Added amber-202002-0125
[2025-11-13T08:30:39.495+0000] {subprocess.py:93} INFO - Added amber-202002-0132
[2025-11-13T08:30:39.496+0000] {subprocess.py:93} INFO - Added amber-202002-0130
[2025-11-13T08:30:39.496+0000] {subprocess.py:93} INFO - Added amber-202002-0131
[2025-11-13T08:30:39.496+0000] {subprocess.py:93} INFO - Added amber-202002-0140
[2025-11-13T08:30:39.497+0000] {subprocess.py:93} INFO - Added amber-202002-0153
[2025-11-13T08:30:39.497+0000] {subprocess.py:93} INFO - Added amber-202002-0154
[2025-11-13T08:30:39.497+0000] {subprocess.py:93} INFO - Added amber-202002-0155
[2025-11-13T08:30:39.497+0000] {subprocess.py:93} INFO - Added amber-202002-0193
[2025-11-13T08:30:39.498+0000] {subprocess.py:93} INFO - Added amber-202002-0219
[2025-11-13T08:30:39.498+0000] {subprocess.py:93} INFO - Added amber-202002-0133
[2025-11-13T08:30:39.498+0000] {subprocess.py:93} INFO - Added amber-202002-0134
[2025-11-13T08:30:39.498+0000] {subprocess.py:93} INFO - Added amber-202002-0135
[2025-11-13T08:30:39.499+0000] {subprocess.py:93} INFO - Added amber-202002-0136
[2025-11-13T08:30:39.499+0000] {subprocess.py:93} INFO - Added amber-202002-0138
[2025-11-13T08:30:39.499+0000] {subprocess.py:93} INFO - Added amber-202002-0137
[2025-11-13T08:30:39.500+0000] {subprocess.py:93} INFO - Added amber-202002-0139
[2025-11-13T08:30:39.500+0000] {subprocess.py:93} INFO - Added amber-202002-0141
[2025-11-13T08:30:39.500+0000] {subprocess.py:93} INFO - Added amber-202002-0142
[2025-11-13T08:30:39.501+0000] {subprocess.py:93} INFO - Added amber-202002-0143
[2025-11-13T08:30:39.501+0000] {subprocess.py:93} INFO - Added amber-202002-0146
[2025-11-13T08:30:39.501+0000] {subprocess.py:93} INFO - Added amber-202002-0147
[2025-11-13T08:30:39.502+0000] {subprocess.py:93} INFO - Added amber-202002-0148
[2025-11-13T08:30:39.502+0000] {subprocess.py:93} INFO - Added amber-202002-0149
[2025-11-13T08:30:39.502+0000] {subprocess.py:93} INFO - Added amber-202002-0175
[2025-11-13T08:30:39.503+0000] {subprocess.py:93} INFO - Added amber-202002-0197
[2025-11-13T08:30:39.503+0000] {subprocess.py:93} INFO - Added amber-202002-0203
[2025-11-13T08:30:39.504+0000] {subprocess.py:93} INFO - Added amber-202002-0220
[2025-11-13T08:30:39.504+0000] {subprocess.py:93} INFO - Added amber-202002-0225
[2025-11-13T08:30:39.504+0000] {subprocess.py:93} INFO - Added amber-202002-0226
[2025-11-13T08:30:39.505+0000] {subprocess.py:93} INFO - Added amber-202002-0227
[2025-11-13T08:30:39.505+0000] {subprocess.py:93} INFO - Added amber-202002-0144
[2025-11-13T08:30:39.505+0000] {subprocess.py:93} INFO - Added amber-202002-0145
[2025-11-13T08:30:39.505+0000] {subprocess.py:93} INFO - Added amber-202002-0150
[2025-11-13T08:30:39.506+0000] {subprocess.py:93} INFO - Added amber-202002-0151
[2025-11-13T08:30:39.507+0000] {subprocess.py:93} INFO - Added amber-202002-0152
[2025-11-13T08:30:39.507+0000] {subprocess.py:93} INFO - Added amber-202002-0156
[2025-11-13T08:30:39.507+0000] {subprocess.py:93} INFO - Added amber-202002-0157
[2025-11-13T08:30:39.508+0000] {subprocess.py:93} INFO - Added amber-202002-0158
[2025-11-13T08:30:39.508+0000] {subprocess.py:93} INFO - Added amber-202002-0159
[2025-11-13T08:30:39.508+0000] {subprocess.py:93} INFO - Added amber-202002-0160
[2025-11-13T08:30:39.509+0000] {subprocess.py:93} INFO - Added amber-202002-0161
[2025-11-13T08:30:39.509+0000] {subprocess.py:93} INFO - Added amber-202002-0162
[2025-11-13T08:30:39.509+0000] {subprocess.py:93} INFO - Added amber-202002-0163
[2025-11-13T08:30:39.509+0000] {subprocess.py:93} INFO - Added amber-202002-0164
[2025-11-13T08:30:39.509+0000] {subprocess.py:93} INFO - Added amber-202002-0165
[2025-11-13T08:30:39.510+0000] {subprocess.py:93} INFO - Added amber-202002-0166
[2025-11-13T08:30:39.510+0000] {subprocess.py:93} INFO - Added amber-202002-0167
[2025-11-13T08:30:39.510+0000] {subprocess.py:93} INFO - Added amber-202002-0168
[2025-11-13T08:30:39.511+0000] {subprocess.py:93} INFO - Added amber-202002-0169
[2025-11-13T08:30:39.511+0000] {subprocess.py:93} INFO - Added amber-202002-0170
[2025-11-13T08:30:39.511+0000] {subprocess.py:93} INFO - Added amber-202002-0171
[2025-11-13T08:30:39.511+0000] {subprocess.py:93} INFO - Added amber-202002-0172
[2025-11-13T08:30:39.511+0000] {subprocess.py:93} INFO - Added amber-202002-0173
[2025-11-13T08:30:39.512+0000] {subprocess.py:93} INFO - Added amber-202002-0174
[2025-11-13T08:30:39.512+0000] {subprocess.py:93} INFO - Added amber-202002-0182
[2025-11-13T08:30:39.512+0000] {subprocess.py:93} INFO - Added amber-202002-0184
[2025-11-13T08:30:39.513+0000] {subprocess.py:93} INFO - Added amber-202002-0185
[2025-11-13T08:30:39.513+0000] {subprocess.py:93} INFO - Added amber-202002-0186
[2025-11-13T08:30:39.513+0000] {subprocess.py:93} INFO - Added amber-202002-0188
[2025-11-13T08:30:39.514+0000] {subprocess.py:93} INFO - Added amber-202002-0190
[2025-11-13T08:30:39.514+0000] {subprocess.py:93} INFO - Added amber-202002-0191
[2025-11-13T08:30:39.514+0000] {subprocess.py:93} INFO - Added amber-202002-0176
[2025-11-13T08:30:39.514+0000] {subprocess.py:93} INFO - Added amber-202002-0177
[2025-11-13T08:30:39.514+0000] {subprocess.py:93} INFO - Added amber-202002-0180
[2025-11-13T08:30:39.515+0000] {subprocess.py:93} INFO - Added amber-202002-0195
[2025-11-13T08:30:39.515+0000] {subprocess.py:93} INFO - Added amber-202002-0196
[2025-11-13T08:30:39.515+0000] {subprocess.py:93} INFO - Added amber-202002-0178
[2025-11-13T08:30:39.515+0000] {subprocess.py:93} INFO - Added amber-202002-0192
[2025-11-13T08:30:39.516+0000] {subprocess.py:93} INFO - Added amber-202002-0179
[2025-11-13T08:30:39.516+0000] {subprocess.py:93} INFO - Added amber-202002-0181
[2025-11-13T08:30:39.516+0000] {subprocess.py:93} INFO - Added amber-202002-0183
[2025-11-13T08:30:39.516+0000] {subprocess.py:93} INFO - Added amber-202002-0187
[2025-11-13T08:30:39.517+0000] {subprocess.py:93} INFO - Added amber-202002-0189
[2025-11-13T08:30:39.517+0000] {subprocess.py:93} INFO - Added amber-202002-0194
[2025-11-13T08:30:39.517+0000] {subprocess.py:93} INFO - Added amber-202002-0199
[2025-11-13T08:30:39.517+0000] {subprocess.py:93} INFO - Added amber-202002-0200
[2025-11-13T08:30:39.518+0000] {subprocess.py:93} INFO - Added amber-202002-0204
[2025-11-13T08:30:39.518+0000] {subprocess.py:93} INFO - Added amber-202002-0201
[2025-11-13T08:30:39.518+0000] {subprocess.py:93} INFO - Added amber-202002-0202
[2025-11-13T08:30:39.519+0000] {subprocess.py:93} INFO - Added amber-202002-0205
[2025-11-13T08:30:39.519+0000] {subprocess.py:93} INFO - Added amber-202002-0206
[2025-11-13T08:30:39.519+0000] {subprocess.py:93} INFO - Added amber-202002-0207
[2025-11-13T08:30:39.519+0000] {subprocess.py:93} INFO - Added amber-202002-0210
[2025-11-13T08:30:39.520+0000] {subprocess.py:93} INFO - Added amber-202002-0211
[2025-11-13T08:30:39.520+0000] {subprocess.py:93} INFO - Added amber-202002-0213
[2025-11-13T08:30:39.520+0000] {subprocess.py:93} INFO - Added amber-202002-0208
[2025-11-13T08:30:39.520+0000] {subprocess.py:93} INFO - Added amber-202002-0209
[2025-11-13T08:30:39.521+0000] {subprocess.py:93} INFO - Added amber-202002-0215
[2025-11-13T08:30:39.521+0000] {subprocess.py:93} INFO - Added amber-202002-0216
[2025-11-13T08:30:39.521+0000] {subprocess.py:93} INFO - Added amber-202002-0217
[2025-11-13T08:30:39.521+0000] {subprocess.py:93} INFO - Added amber-202002-0218
[2025-11-13T08:30:39.522+0000] {subprocess.py:93} INFO - Added amber-202002-0224
[2025-11-13T08:30:39.522+0000] {subprocess.py:93} INFO - Added amber-202002-0221
[2025-11-13T08:30:39.522+0000] {subprocess.py:93} INFO - Added amber-202002-0222
[2025-11-13T08:30:39.522+0000] {subprocess.py:93} INFO - Added amber-202002-0223
[2025-11-13T08:30:39.523+0000] {subprocess.py:93} INFO - Added amber-202002-0228
[2025-11-13T08:30:39.523+0000] {subprocess.py:93} INFO - Added amber-202002-0229
[2025-11-13T08:30:39.523+0000] {subprocess.py:93} INFO - Added amber-202002-0231
[2025-11-13T08:30:39.523+0000] {subprocess.py:93} INFO - Added amber-202002-0233
[2025-11-13T08:30:39.524+0000] {subprocess.py:93} INFO - Added amber-202002-0235
[2025-11-13T08:30:39.524+0000] {subprocess.py:93} INFO - Added amber-202002-0232
[2025-11-13T08:30:39.524+0000] {subprocess.py:93} INFO - Added amber-202002-0259
[2025-11-13T08:30:39.525+0000] {subprocess.py:93} INFO - Added amber-202002-0260
[2025-11-13T08:30:39.525+0000] {subprocess.py:93} INFO - Added amber-202002-0261
[2025-11-13T08:30:39.525+0000] {subprocess.py:93} INFO - Added amber-202002-0262
[2025-11-13T08:30:39.525+0000] {subprocess.py:93} INFO - Added amber-202002-0263
[2025-11-13T08:30:39.526+0000] {subprocess.py:93} INFO - Added amber-202002-0264
[2025-11-13T08:30:39.526+0000] {subprocess.py:93} INFO - Added amber-202002-0277
[2025-11-13T08:30:39.526+0000] {subprocess.py:93} INFO - Added amber-202002-0234
[2025-11-13T08:30:39.526+0000] {subprocess.py:93} INFO - Added amber-202002-0236
[2025-11-13T08:30:39.526+0000] {subprocess.py:93} INFO - Added amber-202002-0237
[2025-11-13T08:30:39.527+0000] {subprocess.py:93} INFO - Added amber-202002-0244
[2025-11-13T08:30:39.527+0000] {subprocess.py:93} INFO - Added amber-202002-0245
[2025-11-13T08:30:39.527+0000] {subprocess.py:93} INFO - Added amber-202002-0246
[2025-11-13T08:30:39.527+0000] {subprocess.py:93} INFO - Added amber-202002-0247
[2025-11-13T08:30:39.528+0000] {subprocess.py:93} INFO - Added amber-202002-0248
[2025-11-13T08:30:39.528+0000] {subprocess.py:93} INFO - Added amber-202002-0249
[2025-11-13T08:30:39.528+0000] {subprocess.py:93} INFO - Added amber-202002-0238
[2025-11-13T08:30:39.529+0000] {subprocess.py:93} INFO - Added amber-202002-0239
[2025-11-13T08:30:39.529+0000] {subprocess.py:93} INFO - Added amber-202002-0240
[2025-11-13T08:30:39.529+0000] {subprocess.py:93} INFO - Added amber-202002-0241
[2025-11-13T08:30:39.530+0000] {subprocess.py:93} INFO - Added amber-202002-0242
[2025-11-13T08:30:39.530+0000] {subprocess.py:93} INFO - Added amber-202002-0243
[2025-11-13T08:30:39.530+0000] {subprocess.py:93} INFO - Added amber-202002-0256
[2025-11-13T08:30:39.530+0000] {subprocess.py:93} INFO - Added amber-202002-0257
[2025-11-13T08:30:39.530+0000] {subprocess.py:93} INFO - Added amber-202002-0250
[2025-11-13T08:30:39.531+0000] {subprocess.py:93} INFO - Added amber-202002-0265
[2025-11-13T08:30:39.531+0000] {subprocess.py:93} INFO - Added amber-202002-0251
[2025-11-13T08:30:39.531+0000] {subprocess.py:93} INFO - Added amber-202002-0252
[2025-11-13T08:30:39.531+0000] {subprocess.py:93} INFO - Added amber-202002-0253
[2025-11-13T08:30:39.531+0000] {subprocess.py:93} INFO - Added amber-202002-0254
[2025-11-13T08:30:39.532+0000] {subprocess.py:93} INFO - Added amber-202002-0258
[2025-11-13T08:30:39.532+0000] {subprocess.py:93} INFO - Added amber-202002-0255
[2025-11-13T08:30:39.532+0000] {subprocess.py:93} INFO - Added amber-202002-0266
[2025-11-13T08:30:39.532+0000] {subprocess.py:93} INFO - Added amber-202002-0267
[2025-11-13T08:30:39.532+0000] {subprocess.py:93} INFO - Added amber-202002-0268
[2025-11-13T08:30:39.533+0000] {subprocess.py:93} INFO - Added amber-202002-0269
[2025-11-13T08:30:39.533+0000] {subprocess.py:93} INFO - Added amber-202002-0270
[2025-11-13T08:30:39.533+0000] {subprocess.py:93} INFO - Added amber-202002-0271
[2025-11-13T08:30:39.533+0000] {subprocess.py:93} INFO - Added amber-202002-0272
[2025-11-13T08:30:39.534+0000] {subprocess.py:93} INFO - Added amber-202002-0273
[2025-11-13T08:30:39.534+0000] {subprocess.py:93} INFO - Added amber-202002-0274
[2025-11-13T08:30:39.534+0000] {subprocess.py:93} INFO - Added amber-202002-0275
[2025-11-13T08:30:39.535+0000] {subprocess.py:93} INFO - Added amber-202002-0276
[2025-11-13T08:30:39.535+0000] {subprocess.py:93} INFO - Wrote 278 messages to /opt/airflow/data/RawData/2020_Data/2020_Feb.json
[2025-11-13T08:30:39.535+0000] {subprocess.py:93} INFO - Working on 2020 Mar ...
[2025-11-13T08:30:39.536+0000] {subprocess.py:93} INFO - Added 2020: Mar
[2025-11-13T08:30:39.536+0000] {subprocess.py:93} INFO - Added amber-202003-0000
[2025-11-13T08:30:39.536+0000] {subprocess.py:93} INFO - Added amber-202003-0001
[2025-11-13T08:30:39.536+0000] {subprocess.py:93} INFO - Added amber-202003-0002
[2025-11-13T08:30:39.537+0000] {subprocess.py:93} INFO - Added amber-202003-0003
[2025-11-13T08:30:39.537+0000] {subprocess.py:93} INFO - Added amber-202003-0004
[2025-11-13T08:30:39.537+0000] {subprocess.py:93} INFO - Added amber-202003-0031
[2025-11-13T08:30:39.537+0000] {subprocess.py:93} INFO - Added amber-202003-0005
[2025-11-13T08:30:39.538+0000] {subprocess.py:93} INFO - Added amber-202003-0010
[2025-11-13T08:30:39.538+0000] {subprocess.py:93} INFO - Added amber-202003-0014
[2025-11-13T08:30:39.538+0000] {subprocess.py:93} INFO - Added amber-202003-0006
[2025-11-13T08:30:39.538+0000] {subprocess.py:93} INFO - Added amber-202003-0007
[2025-11-13T08:30:39.538+0000] {subprocess.py:93} INFO - Added amber-202003-0009
[2025-11-13T08:30:39.539+0000] {subprocess.py:93} INFO - Added amber-202003-0008
[2025-11-13T08:30:39.539+0000] {subprocess.py:93} INFO - Added amber-202003-0011
[2025-11-13T08:30:39.539+0000] {subprocess.py:93} INFO - Added None
[2025-11-13T08:30:39.539+0000] {subprocess.py:93} INFO - Added amber-202003-0013
[2025-11-13T08:30:39.540+0000] {subprocess.py:93} INFO - Added amber-202003-0015
[2025-11-13T08:30:39.541+0000] {subprocess.py:93} INFO - Added amber-202003-0016
[2025-11-13T08:30:39.541+0000] {subprocess.py:93} INFO - Added amber-202003-0017
[2025-11-13T08:30:39.542+0000] {subprocess.py:93} INFO - Added amber-202003-0018
[2025-11-13T08:30:39.542+0000] {subprocess.py:93} INFO - Added amber-202003-0021
[2025-11-13T08:30:39.542+0000] {subprocess.py:93} INFO - Added amber-202003-0022
[2025-11-13T08:30:39.543+0000] {subprocess.py:93} INFO - Added amber-202003-0023
[2025-11-13T08:30:39.543+0000] {subprocess.py:93} INFO - Added amber-202003-0024
[2025-11-13T08:30:39.544+0000] {subprocess.py:93} INFO - Added amber-202003-0025
[2025-11-13T08:30:39.544+0000] {subprocess.py:93} INFO - Added amber-202003-0026
[2025-11-13T08:30:39.545+0000] {subprocess.py:93} INFO - Added amber-202003-0027
[2025-11-13T08:30:39.545+0000] {subprocess.py:93} INFO - Added amber-202003-0028
[2025-11-13T08:30:39.545+0000] {subprocess.py:93} INFO - Added amber-202003-0029
[2025-11-13T08:30:39.546+0000] {subprocess.py:93} INFO - Added amber-202003-0032
[2025-11-13T08:30:39.546+0000] {subprocess.py:93} INFO - Added amber-202003-0034
[2025-11-13T08:30:39.546+0000] {subprocess.py:93} INFO - Added amber-202003-0035
[2025-11-13T08:30:39.547+0000] {subprocess.py:93} INFO - Added amber-202003-0055
[2025-11-13T08:30:39.547+0000] {subprocess.py:93} INFO - Added amber-202003-0061
[2025-11-13T08:30:39.548+0000] {subprocess.py:93} INFO - Added amber-202003-0069
[2025-11-13T08:30:39.548+0000] {subprocess.py:93} INFO - Added amber-202003-0020
[2025-11-13T08:30:39.548+0000] {subprocess.py:93} INFO - Added amber-202003-0019
[2025-11-13T08:30:39.548+0000] {subprocess.py:93} INFO - Added amber-202003-0030
[2025-11-13T08:30:39.548+0000] {subprocess.py:93} INFO - Added amber-202003-0040
[2025-11-13T08:30:39.549+0000] {subprocess.py:93} INFO - Added amber-202003-0041
[2025-11-13T08:30:39.549+0000] {subprocess.py:93} INFO - Added amber-202003-0043
[2025-11-13T08:30:39.549+0000] {subprocess.py:93} INFO - Added amber-202003-0063
[2025-11-13T08:30:39.550+0000] {subprocess.py:93} INFO - Added amber-202003-0064
[2025-11-13T08:30:39.550+0000] {subprocess.py:93} INFO - Added amber-202003-0065
[2025-11-13T08:30:39.550+0000] {subprocess.py:93} INFO - Added amber-202003-0033
[2025-11-13T08:30:39.550+0000] {subprocess.py:93} INFO - Added amber-202003-0274
[2025-11-13T08:30:39.550+0000] {subprocess.py:93} INFO - Added amber-202003-0275
[2025-11-13T08:30:39.551+0000] {subprocess.py:93} INFO - Added amber-202003-0036
[2025-11-13T08:30:39.551+0000] {subprocess.py:93} INFO - Added amber-202003-0037
[2025-11-13T08:30:39.551+0000] {subprocess.py:93} INFO - Added amber-202003-0039
[2025-11-13T08:30:39.552+0000] {subprocess.py:93} INFO - Added amber-202003-0044
[2025-11-13T08:30:39.552+0000] {subprocess.py:93} INFO - Added amber-202003-0038
[2025-11-13T08:30:39.553+0000] {subprocess.py:93} INFO - Added amber-202003-0050
[2025-11-13T08:30:39.553+0000] {subprocess.py:93} INFO - Added amber-202003-0051
[2025-11-13T08:30:39.553+0000] {subprocess.py:93} INFO - Added amber-202003-0042
[2025-11-13T08:30:39.554+0000] {subprocess.py:93} INFO - Added amber-202003-0273
[2025-11-13T08:30:39.554+0000] {subprocess.py:93} INFO - Added amber-202003-0045
[2025-11-13T08:31:14.203+0000] {subprocess.py:93} INFO - Added amber-202003-0046
[2025-11-13T08:31:14.203+0000] {subprocess.py:93} INFO - Added amber-202003-0052
[2025-11-13T08:31:14.204+0000] {subprocess.py:93} INFO - Added amber-202003-0059
[2025-11-13T08:31:14.204+0000] {subprocess.py:93} INFO - Added amber-202003-0083
[2025-11-13T08:31:14.205+0000] {subprocess.py:93} INFO - Added amber-202003-0094
[2025-11-13T08:31:14.205+0000] {subprocess.py:93} INFO - Added amber-202003-0047
[2025-11-13T08:31:14.205+0000] {subprocess.py:93} INFO - Added amber-202003-0048
[2025-11-13T08:31:14.206+0000] {subprocess.py:93} INFO - Added amber-202003-0049
[2025-11-13T08:31:14.206+0000] {subprocess.py:93} INFO - Added amber-202003-0058
[2025-11-13T08:31:14.207+0000] {subprocess.py:93} INFO - Added amber-202003-0062
[2025-11-13T08:31:14.207+0000] {subprocess.py:93} INFO - Added amber-202003-0053
[2025-11-13T08:31:14.207+0000] {subprocess.py:93} INFO - Added amber-202003-0060
[2025-11-13T08:31:14.208+0000] {subprocess.py:93} INFO - Added amber-202003-0077
[2025-11-13T08:31:14.208+0000] {subprocess.py:93} INFO - Added amber-202003-0080
[2025-11-13T08:31:14.208+0000] {subprocess.py:93} INFO - Added amber-202003-0081
[2025-11-13T08:31:14.208+0000] {subprocess.py:93} INFO - Added amber-202003-0091
[2025-11-13T08:31:14.209+0000] {subprocess.py:93} INFO - Added amber-202003-0092
[2025-11-13T08:31:14.209+0000] {subprocess.py:93} INFO - Added amber-202003-0103
[2025-11-13T08:31:14.209+0000] {subprocess.py:93} INFO - Added amber-202003-0105
[2025-11-13T08:31:14.209+0000] {subprocess.py:93} INFO - Added amber-202003-0106
[2025-11-13T08:31:14.210+0000] {subprocess.py:93} INFO - Added amber-202003-0107
[2025-11-13T08:31:14.210+0000] {subprocess.py:93} INFO - Added amber-202003-0054
[2025-11-13T08:31:14.211+0000] {subprocess.py:93} INFO - Added amber-202003-0066
[2025-11-13T08:31:14.211+0000] {subprocess.py:93} INFO - Added amber-202003-0056
[2025-11-13T08:31:14.211+0000] {subprocess.py:93} INFO - Added amber-202003-0057
[2025-11-13T08:31:14.211+0000] {subprocess.py:93} INFO - Added amber-202003-0067
[2025-11-13T08:31:14.212+0000] {subprocess.py:93} INFO - Added amber-202003-0068
[2025-11-13T08:31:14.212+0000] {subprocess.py:93} INFO - Added amber-202003-0082
[2025-11-13T08:31:14.212+0000] {subprocess.py:93} INFO - Added amber-202003-0088
[2025-11-13T08:31:14.212+0000] {subprocess.py:93} INFO - Added amber-202003-0093
[2025-11-13T08:31:14.213+0000] {subprocess.py:93} INFO - Added amber-202003-0123
[2025-11-13T08:31:14.213+0000] {subprocess.py:93} INFO - Added amber-202003-0070
[2025-11-13T08:31:14.213+0000] {subprocess.py:93} INFO - Added amber-202003-0071
[2025-11-13T08:31:14.213+0000] {subprocess.py:93} INFO - Added amber-202003-0072
[2025-11-13T08:31:14.214+0000] {subprocess.py:93} INFO - Added amber-202003-0102
[2025-11-13T08:31:14.214+0000] {subprocess.py:93} INFO - Added amber-202003-0073
[2025-11-13T08:31:14.214+0000] {subprocess.py:93} INFO - Added amber-202003-0074
[2025-11-13T08:31:14.214+0000] {subprocess.py:93} INFO - Added amber-202003-0075
[2025-11-13T08:31:14.215+0000] {subprocess.py:93} INFO - Added amber-202003-0076
[2025-11-13T08:31:14.215+0000] {subprocess.py:93} INFO - Added amber-202003-0078
[2025-11-13T08:31:14.215+0000] {subprocess.py:93} INFO - Added amber-202003-0079
[2025-11-13T08:31:14.215+0000] {subprocess.py:93} INFO - Added amber-202003-0089
[2025-11-13T08:31:14.216+0000] {subprocess.py:93} INFO - Added amber-202003-0084
[2025-11-13T08:31:14.216+0000] {subprocess.py:93} INFO - Added amber-202003-0086
[2025-11-13T08:31:14.216+0000] {subprocess.py:93} INFO - Added amber-202003-0085
[2025-11-13T08:31:14.216+0000] {subprocess.py:93} INFO - Added amber-202003-0087
[2025-11-13T08:31:14.217+0000] {subprocess.py:93} INFO - Added amber-202003-0090
[2025-11-13T08:31:14.217+0000] {subprocess.py:93} INFO - Added amber-202003-0095
[2025-11-13T08:31:14.217+0000] {subprocess.py:93} INFO - Added amber-202003-0096
[2025-11-13T08:31:14.217+0000] {subprocess.py:93} INFO - Added amber-202003-0097
[2025-11-13T08:31:14.218+0000] {subprocess.py:93} INFO - Added amber-202003-0100
[2025-11-13T08:31:14.218+0000] {subprocess.py:93} INFO - Added amber-202003-0098
[2025-11-13T08:31:14.218+0000] {subprocess.py:93} INFO - Added amber-202003-0236
[2025-11-13T08:31:14.218+0000] {subprocess.py:93} INFO - Added amber-202003-0099
[2025-11-13T08:31:14.219+0000] {subprocess.py:93} INFO - Added amber-202003-0101
[2025-11-13T08:31:14.219+0000] {subprocess.py:93} INFO - Added amber-202003-0104
[2025-11-13T08:31:14.219+0000] {subprocess.py:93} INFO - Added amber-202003-0108
[2025-11-13T08:31:14.219+0000] {subprocess.py:93} INFO - Added amber-202003-0109
[2025-11-13T08:31:14.220+0000] {subprocess.py:93} INFO - Added amber-202003-0110
[2025-11-13T08:31:14.220+0000] {subprocess.py:93} INFO - Added amber-202003-0111
[2025-11-13T08:31:14.220+0000] {subprocess.py:93} INFO - Added amber-202003-0114
[2025-11-13T08:31:14.221+0000] {subprocess.py:93} INFO - Added amber-202003-0115
[2025-11-13T08:31:14.221+0000] {subprocess.py:93} INFO - Added amber-202003-0117
[2025-11-13T08:31:14.221+0000] {subprocess.py:93} INFO - Added amber-202003-0119
[2025-11-13T08:31:14.221+0000] {subprocess.py:93} INFO - Added amber-202003-0120
[2025-11-13T08:31:14.221+0000] {subprocess.py:93} INFO - Added amber-202003-0112
[2025-11-13T08:31:14.222+0000] {subprocess.py:93} INFO - Added amber-202003-0113
[2025-11-13T08:31:14.222+0000] {subprocess.py:93} INFO - Added amber-202003-0116
[2025-11-13T08:31:14.222+0000] {subprocess.py:93} INFO - Added amber-202003-0237
[2025-11-13T08:31:14.222+0000] {subprocess.py:93} INFO - Added amber-202003-0118
[2025-11-13T08:31:14.222+0000] {subprocess.py:93} INFO - Added amber-202003-0122
[2025-11-13T08:31:14.223+0000] {subprocess.py:93} INFO - Added amber-202003-0121
[2025-11-13T08:31:14.223+0000] {subprocess.py:93} INFO - Added amber-202003-0141
[2025-11-13T08:31:14.223+0000] {subprocess.py:93} INFO - Added amber-202003-0124
[2025-11-13T08:31:14.223+0000] {subprocess.py:93} INFO - Added amber-202003-0125
[2025-11-13T08:31:14.223+0000] {subprocess.py:93} INFO - Added amber-202003-0126
[2025-11-13T08:31:14.224+0000] {subprocess.py:93} INFO - Added amber-202003-0127
[2025-11-13T08:31:14.224+0000] {subprocess.py:93} INFO - Added amber-202003-0129
[2025-11-13T08:31:14.224+0000] {subprocess.py:93} INFO - Added amber-202003-0140
[2025-11-13T08:31:14.224+0000] {subprocess.py:93} INFO - Added amber-202003-0142
[2025-11-13T08:31:14.224+0000] {subprocess.py:93} INFO - Added amber-202003-0143
[2025-11-13T08:31:14.224+0000] {subprocess.py:93} INFO - Added amber-202003-0128
[2025-11-13T08:31:14.225+0000] {subprocess.py:93} INFO - Added amber-202003-0135
[2025-11-13T08:31:14.225+0000] {subprocess.py:93} INFO - Added amber-202003-0144
[2025-11-13T08:31:14.225+0000] {subprocess.py:93} INFO - Added amber-202003-0130
[2025-11-13T08:31:14.225+0000] {subprocess.py:93} INFO - Added amber-202003-0131
[2025-11-13T08:31:14.226+0000] {subprocess.py:93} INFO - Added amber-202003-0132
[2025-11-13T08:31:14.226+0000] {subprocess.py:93} INFO - Added amber-202003-0133
[2025-11-13T08:31:14.226+0000] {subprocess.py:93} INFO - Added amber-202003-0134
[2025-11-13T08:31:14.226+0000] {subprocess.py:93} INFO - Added amber-202003-0136
[2025-11-13T08:31:14.227+0000] {subprocess.py:93} INFO - Added amber-202003-0137
[2025-11-13T08:31:14.227+0000] {subprocess.py:93} INFO - Added amber-202003-0138
[2025-11-13T08:31:14.227+0000] {subprocess.py:93} INFO - Added amber-202003-0139
[2025-11-13T08:31:14.227+0000] {subprocess.py:93} INFO - Added amber-202003-0145
[2025-11-13T08:31:14.228+0000] {subprocess.py:93} INFO - Added amber-202003-0146
[2025-11-13T08:31:14.228+0000] {subprocess.py:93} INFO - Added amber-202003-0149
[2025-11-13T08:31:14.228+0000] {subprocess.py:93} INFO - Added amber-202003-0147
[2025-11-13T08:31:14.228+0000] {subprocess.py:93} INFO - Added amber-202003-0150
[2025-11-13T08:31:14.229+0000] {subprocess.py:93} INFO - Added amber-202003-0172
[2025-11-13T08:31:14.229+0000] {subprocess.py:93} INFO - Added amber-202003-0148
[2025-11-13T08:31:14.229+0000] {subprocess.py:93} INFO - Added amber-202003-0151
[2025-11-13T08:31:14.230+0000] {subprocess.py:93} INFO - Added amber-202003-0152
[2025-11-13T08:31:14.230+0000] {subprocess.py:93} INFO - Added amber-202003-0153
[2025-11-13T08:31:14.231+0000] {subprocess.py:93} INFO - Added amber-202003-0154
[2025-11-13T08:31:14.231+0000] {subprocess.py:93} INFO - Added amber-202003-0155
[2025-11-13T08:31:14.232+0000] {subprocess.py:93} INFO - Added amber-202003-0156
[2025-11-13T08:31:14.232+0000] {subprocess.py:93} INFO - Added amber-202003-0157
[2025-11-13T08:31:14.232+0000] {subprocess.py:93} INFO - Added amber-202003-0158
[2025-11-13T08:31:14.233+0000] {subprocess.py:93} INFO - Added amber-202003-0166
[2025-11-13T08:31:14.233+0000] {subprocess.py:93} INFO - Added amber-202003-0171
[2025-11-13T08:31:14.233+0000] {subprocess.py:93} INFO - Added amber-202003-0187
[2025-11-13T08:31:14.233+0000] {subprocess.py:93} INFO - Added amber-202003-0159
[2025-11-13T08:31:14.234+0000] {subprocess.py:93} INFO - Added amber-202003-0174
[2025-11-13T08:31:14.234+0000] {subprocess.py:93} INFO - Added amber-202003-0180
[2025-11-13T08:31:14.234+0000] {subprocess.py:93} INFO - Added amber-202003-0160
[2025-11-13T08:31:14.234+0000] {subprocess.py:93} INFO - Added amber-202003-0161
[2025-11-13T08:31:14.235+0000] {subprocess.py:93} INFO - Added amber-202003-0162
[2025-11-13T08:31:14.235+0000] {subprocess.py:93} INFO - Added amber-202003-0163
[2025-11-13T08:31:14.235+0000] {subprocess.py:93} INFO - Added amber-202003-0165
[2025-11-13T08:31:14.235+0000] {subprocess.py:93} INFO - Added amber-202003-0164
[2025-11-13T08:31:14.236+0000] {subprocess.py:93} INFO - Added amber-202003-0167
[2025-11-13T08:31:14.236+0000] {subprocess.py:93} INFO - Added amber-202003-0169
[2025-11-13T08:31:14.236+0000] {subprocess.py:93} INFO - Added amber-202003-0168
[2025-11-13T08:31:14.236+0000] {subprocess.py:93} INFO - Added amber-202003-0170
[2025-11-13T08:31:14.237+0000] {subprocess.py:93} INFO - Added amber-202003-0173
[2025-11-13T08:31:14.237+0000] {subprocess.py:93} INFO - Added amber-202003-0175
[2025-11-13T08:31:14.237+0000] {subprocess.py:93} INFO - Added amber-202003-0176
[2025-11-13T08:31:14.237+0000] {subprocess.py:93} INFO - Added amber-202003-0177
[2025-11-13T08:31:14.238+0000] {subprocess.py:93} INFO - Added amber-202003-0178
[2025-11-13T08:31:14.238+0000] {subprocess.py:93} INFO - Added amber-202003-0179
[2025-11-13T08:31:14.238+0000] {subprocess.py:93} INFO - Added amber-202003-0181
[2025-11-13T08:31:14.239+0000] {subprocess.py:93} INFO - Added amber-202003-0185
[2025-11-13T08:31:14.239+0000] {subprocess.py:93} INFO - Added amber-202003-0191
[2025-11-13T08:31:14.240+0000] {subprocess.py:93} INFO - Added amber-202003-0192
[2025-11-13T08:31:14.240+0000] {subprocess.py:93} INFO - Added amber-202003-0193
[2025-11-13T08:31:14.240+0000] {subprocess.py:93} INFO - Added amber-202003-0202
[2025-11-13T08:31:14.241+0000] {subprocess.py:93} INFO - Added amber-202003-0206
[2025-11-13T08:31:14.241+0000] {subprocess.py:93} INFO - Added amber-202003-0182
[2025-11-13T08:31:14.241+0000] {subprocess.py:93} INFO - Added amber-202003-0183
[2025-11-13T08:31:14.242+0000] {subprocess.py:93} INFO - Added amber-202003-0184
[2025-11-13T08:31:14.242+0000] {subprocess.py:93} INFO - Added amber-202003-0186
[2025-11-13T08:31:14.242+0000] {subprocess.py:93} INFO - Added amber-202003-0239
[2025-11-13T08:31:14.242+0000] {subprocess.py:93} INFO - Added amber-202003-0188
[2025-11-13T08:31:14.243+0000] {subprocess.py:93} INFO - Added amber-202003-0240
[2025-11-13T08:31:14.243+0000] {subprocess.py:93} INFO - Added amber-202003-0189
[2025-11-13T08:31:14.243+0000] {subprocess.py:93} INFO - Added amber-202003-0190
[2025-11-13T08:31:14.243+0000] {subprocess.py:93} INFO - Added amber-202003-0194
[2025-11-13T08:31:14.244+0000] {subprocess.py:93} INFO - Added amber-202003-0195
[2025-11-13T08:31:14.244+0000] {subprocess.py:93} INFO - Added amber-202003-0196
[2025-11-13T08:31:14.245+0000] {subprocess.py:93} INFO - Added amber-202003-0197
[2025-11-13T08:31:14.245+0000] {subprocess.py:93} INFO - Added amber-202003-0198
[2025-11-13T08:31:14.245+0000] {subprocess.py:93} INFO - Added amber-202003-0200
[2025-11-13T08:31:14.246+0000] {subprocess.py:93} INFO - Added amber-202003-0201
[2025-11-13T08:31:14.246+0000] {subprocess.py:93} INFO - Added amber-202003-0203
[2025-11-13T08:31:14.246+0000] {subprocess.py:93} INFO - Added amber-202003-0204
[2025-11-13T08:31:14.246+0000] {subprocess.py:93} INFO - Added amber-202003-0205
[2025-11-13T08:31:14.246+0000] {subprocess.py:93} INFO - Added amber-202003-0207
[2025-11-13T08:31:14.247+0000] {subprocess.py:93} INFO - Added amber-202003-0199
[2025-11-13T08:31:14.247+0000] {subprocess.py:93} INFO - Added amber-202003-0277
[2025-11-13T08:31:14.247+0000] {subprocess.py:93} INFO - Added amber-202003-0208
[2025-11-13T08:31:14.248+0000] {subprocess.py:93} INFO - Added amber-202003-0209
[2025-11-13T08:31:14.248+0000] {subprocess.py:93} INFO - Added amber-202003-0210
[2025-11-13T08:31:14.249+0000] {subprocess.py:93} INFO - Added amber-202003-0211
[2025-11-13T08:31:14.249+0000] {subprocess.py:93} INFO - Added amber-202003-0212
[2025-11-13T08:31:14.249+0000] {subprocess.py:93} INFO - Added amber-202003-0213
[2025-11-13T08:31:14.249+0000] {subprocess.py:93} INFO - Added amber-202003-0214
[2025-11-13T08:31:14.250+0000] {subprocess.py:93} INFO - Added amber-202003-0215
[2025-11-13T08:31:14.250+0000] {subprocess.py:93} INFO - Added amber-202003-0217
[2025-11-13T08:31:14.250+0000] {subprocess.py:93} INFO - Added amber-202003-0221
[2025-11-13T08:31:14.251+0000] {subprocess.py:93} INFO - Added amber-202003-0216
[2025-11-13T08:31:14.251+0000] {subprocess.py:93} INFO - Added amber-202003-0219
[2025-11-13T08:31:14.252+0000] {subprocess.py:93} INFO - Added amber-202003-0225
[2025-11-13T08:31:14.252+0000] {subprocess.py:93} INFO - Added amber-202003-0226
[2025-11-13T08:31:14.253+0000] {subprocess.py:93} INFO - Added amber-202003-0228
[2025-11-13T08:31:14.253+0000] {subprocess.py:93} INFO - Added amber-202003-0227
[2025-11-13T08:31:14.253+0000] {subprocess.py:93} INFO - Added amber-202003-0218
[2025-11-13T08:31:14.254+0000] {subprocess.py:93} INFO - Added amber-202003-0220
[2025-11-13T08:31:14.254+0000] {subprocess.py:93} INFO - Added amber-202003-0222
[2025-11-13T08:31:14.255+0000] {subprocess.py:93} INFO - Added amber-202003-0223
[2025-11-13T08:31:14.255+0000] {subprocess.py:93} INFO - Added amber-202003-0241
[2025-11-13T08:31:14.256+0000] {subprocess.py:93} INFO - Added amber-202003-0224
[2025-11-13T08:31:14.256+0000] {subprocess.py:93} INFO - Added amber-202003-0229
[2025-11-13T08:31:14.257+0000] {subprocess.py:93} INFO - Added amber-202003-0230
[2025-11-13T08:31:14.257+0000] {subprocess.py:93} INFO - Added amber-202003-0248
[2025-11-13T08:31:14.257+0000] {subprocess.py:93} INFO - Added amber-202003-0253
[2025-11-13T08:31:14.258+0000] {subprocess.py:93} INFO - Added amber-202003-0261
[2025-11-13T08:31:14.258+0000] {subprocess.py:93} INFO - Added amber-202003-0262
[2025-11-13T08:31:14.258+0000] {subprocess.py:93} INFO - Added amber-202003-0231
[2025-11-13T08:31:14.259+0000] {subprocess.py:93} INFO - Added amber-202003-0232
[2025-11-13T08:31:14.259+0000] {subprocess.py:93} INFO - Added amber-202003-0238
[2025-11-13T08:31:14.259+0000] {subprocess.py:93} INFO - Added amber-202003-0233
[2025-11-13T08:31:14.260+0000] {subprocess.py:93} INFO - Added amber-202003-0234
[2025-11-13T08:31:14.260+0000] {subprocess.py:93} INFO - Added amber-202003-0250
[2025-11-13T08:31:14.260+0000] {subprocess.py:93} INFO - Added amber-202003-0235
[2025-11-13T08:31:14.260+0000] {subprocess.py:93} INFO - Added amber-202003-0242
[2025-11-13T08:31:14.261+0000] {subprocess.py:93} INFO - Added amber-202003-0245
[2025-11-13T08:31:14.261+0000] {subprocess.py:93} INFO - Added amber-202003-0258
[2025-11-13T08:31:14.261+0000] {subprocess.py:93} INFO - Added amber-202003-0260
[2025-11-13T08:31:14.261+0000] {subprocess.py:93} INFO - Added amber-202003-0264
[2025-11-13T08:31:14.261+0000] {subprocess.py:93} INFO - Added amber-202003-0243
[2025-11-13T08:31:14.262+0000] {subprocess.py:93} INFO - Added amber-202003-0244
[2025-11-13T08:31:14.262+0000] {subprocess.py:93} INFO - Added amber-202003-0246
[2025-11-13T08:31:14.262+0000] {subprocess.py:93} INFO - Added amber-202003-0252
[2025-11-13T08:31:14.263+0000] {subprocess.py:93} INFO - Added amber-202003-0251
[2025-11-13T08:31:14.263+0000] {subprocess.py:93} INFO - Added amber-202003-0247
[2025-11-13T08:31:14.263+0000] {subprocess.py:93} INFO - Added amber-202003-0254
[2025-11-13T08:31:14.264+0000] {subprocess.py:93} INFO - Added amber-202003-0249
[2025-11-13T08:31:14.264+0000] {subprocess.py:93} INFO - Added amber-202003-0255
[2025-11-13T08:31:14.265+0000] {subprocess.py:93} INFO - Added amber-202003-0257
[2025-11-13T08:31:14.265+0000] {subprocess.py:93} INFO - Added amber-202003-0256
[2025-11-13T08:31:14.265+0000] {subprocess.py:93} INFO - Added amber-202003-0259
[2025-11-13T08:31:14.266+0000] {subprocess.py:93} INFO - Added amber-202003-0283
[2025-11-13T08:31:14.266+0000] {subprocess.py:93} INFO - Added amber-202003-0284
[2025-11-13T08:31:14.267+0000] {subprocess.py:93} INFO - Added amber-202003-0294
[2025-11-13T08:31:14.267+0000] {subprocess.py:93} INFO - Added amber-202003-0263
[2025-11-13T08:31:14.267+0000] {subprocess.py:93} INFO - Added amber-202003-0269
[2025-11-13T08:31:14.268+0000] {subprocess.py:93} INFO - Added amber-202003-0279
[2025-11-13T08:31:14.268+0000] {subprocess.py:93} INFO - Added amber-202003-0280
[2025-11-13T08:31:14.268+0000] {subprocess.py:93} INFO - Added amber-202003-0281
[2025-11-13T08:31:14.269+0000] {subprocess.py:93} INFO - Added amber-202003-0265
[2025-11-13T08:31:14.269+0000] {subprocess.py:93} INFO - Added amber-202003-0267
[2025-11-13T08:31:14.269+0000] {subprocess.py:93} INFO - Added amber-202003-0266
[2025-11-13T08:31:14.270+0000] {subprocess.py:93} INFO - Added amber-202003-0268
[2025-11-13T08:31:14.270+0000] {subprocess.py:93} INFO - Added amber-202003-0270
[2025-11-13T08:31:14.270+0000] {subprocess.py:93} INFO - Added amber-202003-0278
[2025-11-13T08:31:14.270+0000] {subprocess.py:93} INFO - Added amber-202003-0271
[2025-11-13T08:31:14.271+0000] {subprocess.py:93} INFO - Added amber-202003-0272
[2025-11-13T08:31:14.271+0000] {subprocess.py:93} INFO - Added amber-202003-0282
[2025-11-13T08:31:14.271+0000] {subprocess.py:93} INFO - Added amber-202003-0276
[2025-11-13T08:31:14.271+0000] {subprocess.py:93} INFO - Added amber-202003-0285
[2025-11-13T08:31:14.272+0000] {subprocess.py:93} INFO - Added amber-202003-0286
[2025-11-13T08:31:14.272+0000] {subprocess.py:93} INFO - Added amber-202003-0287
[2025-11-13T08:31:14.272+0000] {subprocess.py:93} INFO - Added amber-202003-0289
[2025-11-13T08:31:14.273+0000] {subprocess.py:93} INFO - Added amber-202003-0291
[2025-11-13T08:31:14.273+0000] {subprocess.py:93} INFO - Added amber-202003-0288
[2025-11-13T08:31:14.274+0000] {subprocess.py:93} INFO - Added amber-202003-0290
[2025-11-13T08:31:14.274+0000] {subprocess.py:93} INFO - Added amber-202003-0292
[2025-11-13T08:31:14.274+0000] {subprocess.py:93} INFO - Added amber-202003-0293
[2025-11-13T08:31:14.275+0000] {subprocess.py:93} INFO - Added amber-202003-0304
[2025-11-13T08:31:14.275+0000] {subprocess.py:93} INFO - Added amber-202003-0295
[2025-11-13T08:31:14.275+0000] {subprocess.py:93} INFO - Added amber-202003-0297
[2025-11-13T08:31:14.276+0000] {subprocess.py:93} INFO - Added amber-202003-0300
[2025-11-13T08:31:14.276+0000] {subprocess.py:93} INFO - Added amber-202003-0302
[2025-11-13T08:31:14.276+0000] {subprocess.py:93} INFO - Added amber-202003-0296
[2025-11-13T08:31:14.277+0000] {subprocess.py:93} INFO - Added amber-202003-0298
[2025-11-13T08:31:14.277+0000] {subprocess.py:93} INFO - Added amber-202003-0299
[2025-11-13T08:31:14.278+0000] {subprocess.py:93} INFO - Added amber-202003-0301
[2025-11-13T08:31:14.278+0000] {subprocess.py:93} INFO - Added amber-202003-0303
[2025-11-13T08:31:14.278+0000] {subprocess.py:93} INFO - Added amber-202003-0322
[2025-11-13T08:31:14.279+0000] {subprocess.py:93} INFO - Added amber-202003-0324
[2025-11-13T08:31:14.279+0000] {subprocess.py:93} INFO - Added amber-202003-0318
[2025-11-13T08:31:14.280+0000] {subprocess.py:93} INFO - Added amber-202003-0320
[2025-11-13T08:31:14.280+0000] {subprocess.py:93} INFO - Added amber-202003-0321
[2025-11-13T08:31:14.280+0000] {subprocess.py:93} INFO - Added amber-202003-0323
[2025-11-13T08:31:14.281+0000] {subprocess.py:93} INFO - Added amber-202003-0305
[2025-11-13T08:31:14.281+0000] {subprocess.py:93} INFO - Added amber-202003-0308
[2025-11-13T08:31:14.281+0000] {subprocess.py:93} INFO - Added amber-202003-0309
[2025-11-13T08:31:14.282+0000] {subprocess.py:93} INFO - Added amber-202003-0310
[2025-11-13T08:31:14.282+0000] {subprocess.py:93} INFO - Added amber-202003-0306
[2025-11-13T08:31:14.282+0000] {subprocess.py:93} INFO - Added amber-202003-0307
[2025-11-13T08:31:14.283+0000] {subprocess.py:93} INFO - Added amber-202003-0313
[2025-11-13T08:31:14.283+0000] {subprocess.py:93} INFO - Added amber-202003-0314
[2025-11-13T08:31:14.283+0000] {subprocess.py:93} INFO - Added amber-202003-0315
[2025-11-13T08:31:14.284+0000] {subprocess.py:93} INFO - Added amber-202003-0311
[2025-11-13T08:31:14.284+0000] {subprocess.py:93} INFO - Added amber-202003-0312
[2025-11-13T08:31:14.285+0000] {subprocess.py:93} INFO - Added amber-202003-0319
[2025-11-13T08:31:14.285+0000] {subprocess.py:93} INFO - Added amber-202003-0316
[2025-11-13T08:31:14.285+0000] {subprocess.py:93} INFO - Added amber-202003-0317
[2025-11-13T08:31:14.286+0000] {subprocess.py:93} INFO - Added amber-202003-0325
[2025-11-13T08:31:14.286+0000] {subprocess.py:93} INFO - Wrote 326 messages to /opt/airflow/data/RawData/2020_Data/2020_Mar.json
[2025-11-13T08:31:14.287+0000] {subprocess.py:93} INFO - Working on 2020 Apr ...
[2025-11-13T08:31:14.287+0000] {subprocess.py:93} INFO - Added 2020: Apr
[2025-11-13T08:31:14.287+0000] {subprocess.py:93} INFO - Added amber-202004-0000
[2025-11-13T08:31:14.288+0000] {subprocess.py:93} INFO - Added amber-202004-0001
[2025-11-13T08:31:14.288+0000] {subprocess.py:93} INFO - Added amber-202004-0076
[2025-11-13T08:31:14.289+0000] {subprocess.py:93} INFO - Added amber-202004-0002
[2025-11-13T08:31:14.289+0000] {subprocess.py:93} INFO - Added amber-202004-0231
[2025-11-13T08:31:14.289+0000] {subprocess.py:93} INFO - Added amber-202004-0003
[2025-11-13T08:31:14.290+0000] {subprocess.py:93} INFO - Added amber-202004-0006
[2025-11-13T08:31:14.290+0000] {subprocess.py:93} INFO - Added amber-202004-0007
[2025-11-13T08:31:14.290+0000] {subprocess.py:93} INFO - Added amber-202004-0011
[2025-11-13T08:31:14.291+0000] {subprocess.py:93} INFO - Added amber-202004-0012
[2025-11-13T08:31:14.292+0000] {subprocess.py:93} INFO - Added amber-202004-0026
[2025-11-13T08:31:14.292+0000] {subprocess.py:93} INFO - Added amber-202004-0028
[2025-11-13T08:31:14.292+0000] {subprocess.py:93} INFO - Added amber-202004-0035
[2025-11-13T08:31:14.292+0000] {subprocess.py:93} INFO - Added amber-202004-0036
[2025-11-13T08:31:14.293+0000] {subprocess.py:93} INFO - Added amber-202004-0043
[2025-11-13T08:31:14.293+0000] {subprocess.py:93} INFO - Added amber-202004-0047
[2025-11-13T08:31:14.293+0000] {subprocess.py:93} INFO - Added amber-202004-0004
[2025-11-13T08:31:14.293+0000] {subprocess.py:93} INFO - Added amber-202004-0005
[2025-11-13T08:31:14.294+0000] {subprocess.py:93} INFO - Added amber-202004-0008
[2025-11-13T08:31:14.294+0000] {subprocess.py:93} INFO - Added amber-202004-0009
[2025-11-13T08:31:14.294+0000] {subprocess.py:93} INFO - Added amber-202004-0010
[2025-11-13T08:31:14.294+0000] {subprocess.py:93} INFO - Added amber-202004-0013
[2025-11-13T08:31:14.295+0000] {subprocess.py:93} INFO - Added amber-202004-0014
[2025-11-13T08:31:14.295+0000] {subprocess.py:93} INFO - Added amber-202004-0015
[2025-11-13T08:31:14.295+0000] {subprocess.py:93} INFO - Added amber-202004-0016
[2025-11-13T08:31:14.296+0000] {subprocess.py:93} INFO - Added amber-202004-0041
[2025-11-13T08:31:14.296+0000] {subprocess.py:93} INFO - Added amber-202004-0044
[2025-11-13T08:31:14.296+0000] {subprocess.py:93} INFO - Added amber-202004-0017
[2025-11-13T08:31:14.296+0000] {subprocess.py:93} INFO - Added amber-202004-0018
[2025-11-13T08:31:14.296+0000] {subprocess.py:93} INFO - Added amber-202004-0049
[2025-11-13T08:31:14.297+0000] {subprocess.py:93} INFO - Added amber-202004-0052
[2025-11-13T08:31:14.297+0000] {subprocess.py:93} INFO - Added amber-202004-0019
[2025-11-13T08:31:14.297+0000] {subprocess.py:93} INFO - Added amber-202004-0020
[2025-11-13T08:31:14.297+0000] {subprocess.py:93} INFO - Added amber-202004-0021
[2025-11-13T08:31:14.297+0000] {subprocess.py:93} INFO - Added amber-202004-0022
[2025-11-13T08:31:14.298+0000] {subprocess.py:93} INFO - Added amber-202004-0023
[2025-11-13T08:31:14.298+0000] {subprocess.py:93} INFO - Added amber-202004-0024
[2025-11-13T08:31:14.298+0000] {subprocess.py:93} INFO - Added amber-202004-0025
[2025-11-13T08:31:14.298+0000] {subprocess.py:93} INFO - Added amber-202004-0027
[2025-11-13T08:31:14.299+0000] {subprocess.py:93} INFO - Added amber-202004-0034
[2025-11-13T08:31:14.299+0000] {subprocess.py:93} INFO - Added amber-202004-0038
[2025-11-13T08:31:14.299+0000] {subprocess.py:93} INFO - Added amber-202004-0123
[2025-11-13T08:31:14.299+0000] {subprocess.py:93} INFO - Added amber-202004-0029
[2025-11-13T08:31:14.299+0000] {subprocess.py:93} INFO - Added amber-202004-0030
[2025-11-13T08:31:14.300+0000] {subprocess.py:93} INFO - Added amber-202004-0033
[2025-11-13T08:31:14.300+0000] {subprocess.py:93} INFO - Added amber-202004-0031
[2025-11-13T08:31:14.300+0000] {subprocess.py:93} INFO - Added amber-202004-0032
[2025-11-13T08:31:14.301+0000] {subprocess.py:93} INFO - Added amber-202004-0039
[2025-11-13T08:31:14.301+0000] {subprocess.py:93} INFO - Added amber-202004-0040
[2025-11-13T08:31:14.301+0000] {subprocess.py:93} INFO - Added amber-202004-0051
[2025-11-13T08:31:14.302+0000] {subprocess.py:93} INFO - Added amber-202004-0054
[2025-11-13T08:31:14.302+0000] {subprocess.py:93} INFO - Added amber-202004-0037
[2025-11-13T08:31:14.303+0000] {subprocess.py:93} INFO - Added amber-202004-0072
[2025-11-13T08:31:14.303+0000] {subprocess.py:93} INFO - Added amber-202004-0075
[2025-11-13T08:31:14.303+0000] {subprocess.py:93} INFO - Added amber-202004-0042
[2025-11-13T08:31:14.303+0000] {subprocess.py:93} INFO - Added amber-202004-0046
[2025-11-13T08:31:14.304+0000] {subprocess.py:93} INFO - Added amber-202004-0056
[2025-11-13T08:31:14.304+0000] {subprocess.py:93} INFO - Added amber-202004-0053
[2025-11-13T08:31:14.304+0000] {subprocess.py:93} INFO - Added amber-202004-0055
[2025-11-13T08:31:14.304+0000] {subprocess.py:93} INFO - Added amber-202004-0045
[2025-11-13T08:31:14.305+0000] {subprocess.py:93} INFO - Added amber-202004-0048
[2025-11-13T08:31:14.305+0000] {subprocess.py:93} INFO - Added amber-202004-0050
[2025-11-13T08:31:14.306+0000] {subprocess.py:93} INFO - Added amber-202004-0057
[2025-11-13T08:31:14.306+0000] {subprocess.py:93} INFO - Added amber-202004-0058
[2025-11-13T08:31:14.306+0000] {subprocess.py:93} INFO - Added amber-202004-0061
[2025-11-13T08:31:14.307+0000] {subprocess.py:93} INFO - Added amber-202004-0059
[2025-11-13T08:31:14.307+0000] {subprocess.py:93} INFO - Added amber-202004-0060
[2025-11-13T08:31:14.308+0000] {subprocess.py:93} INFO - Added amber-202004-0062
[2025-11-13T08:31:46.803+0000] {subprocess.py:93} INFO - Added amber-202004-0063
[2025-11-13T08:31:46.804+0000] {subprocess.py:93} INFO - Added amber-202004-0064
[2025-11-13T08:31:46.805+0000] {subprocess.py:93} INFO - Added amber-202004-0065
[2025-11-13T08:31:46.805+0000] {subprocess.py:93} INFO - Added amber-202004-0066
[2025-11-13T08:31:46.806+0000] {subprocess.py:93} INFO - Added amber-202004-0067
[2025-11-13T08:31:46.807+0000] {subprocess.py:93} INFO - Added amber-202004-0068
[2025-11-13T08:31:46.808+0000] {subprocess.py:93} INFO - Added amber-202004-0079
[2025-11-13T08:31:46.808+0000] {subprocess.py:93} INFO - Added amber-202004-0080
[2025-11-13T08:31:46.809+0000] {subprocess.py:93} INFO - Added amber-202004-0081
[2025-11-13T08:31:46.809+0000] {subprocess.py:93} INFO - Added amber-202004-0092
[2025-11-13T08:31:46.810+0000] {subprocess.py:93} INFO - Added amber-202004-0093
[2025-11-13T08:31:46.810+0000] {subprocess.py:93} INFO - Added amber-202004-0094
[2025-11-13T08:31:46.811+0000] {subprocess.py:93} INFO - Added amber-202004-0112
[2025-11-13T08:31:46.811+0000] {subprocess.py:93} INFO - Added amber-202004-0120
[2025-11-13T08:31:46.812+0000] {subprocess.py:93} INFO - Added amber-202004-0069
[2025-11-13T08:31:46.812+0000] {subprocess.py:93} INFO - Added amber-202004-0070
[2025-11-13T08:31:46.812+0000] {subprocess.py:93} INFO - Added amber-202004-0071
[2025-11-13T08:31:46.813+0000] {subprocess.py:93} INFO - Added amber-202004-0074
[2025-11-13T08:31:46.813+0000] {subprocess.py:93} INFO - Added amber-202004-0108
[2025-11-13T08:31:46.813+0000] {subprocess.py:93} INFO - Added amber-202004-0073
[2025-11-13T08:31:46.814+0000] {subprocess.py:93} INFO - Added amber-202004-0077
[2025-11-13T08:31:46.814+0000] {subprocess.py:93} INFO - Added amber-202004-0083
[2025-11-13T08:31:46.814+0000] {subprocess.py:93} INFO - Added amber-202004-0078
[2025-11-13T08:31:46.815+0000] {subprocess.py:93} INFO - Added amber-202004-0082
[2025-11-13T08:31:46.815+0000] {subprocess.py:93} INFO - Added amber-202004-0084
[2025-11-13T08:31:46.815+0000] {subprocess.py:93} INFO - Added amber-202004-0102
[2025-11-13T08:31:46.815+0000] {subprocess.py:93} INFO - Added amber-202004-0103
[2025-11-13T08:31:46.816+0000] {subprocess.py:93} INFO - Added amber-202004-0104
[2025-11-13T08:31:46.816+0000] {subprocess.py:93} INFO - Added amber-202004-0085
[2025-11-13T08:31:46.817+0000] {subprocess.py:93} INFO - Added amber-202004-0087
[2025-11-13T08:31:46.817+0000] {subprocess.py:93} INFO - Added amber-202004-0088
[2025-11-13T08:31:46.817+0000] {subprocess.py:93} INFO - Added amber-202004-0090
[2025-11-13T08:31:46.817+0000] {subprocess.py:93} INFO - Added amber-202004-0091
[2025-11-13T08:31:46.817+0000] {subprocess.py:93} INFO - Added amber-202004-0089
[2025-11-13T08:31:46.818+0000] {subprocess.py:93} INFO - Added amber-202004-0086
[2025-11-13T08:31:46.818+0000] {subprocess.py:93} INFO - Added amber-202004-0095
[2025-11-13T08:31:46.818+0000] {subprocess.py:93} INFO - Added amber-202004-0096
[2025-11-13T08:31:46.818+0000] {subprocess.py:93} INFO - Added amber-202004-0099
[2025-11-13T08:31:46.818+0000] {subprocess.py:93} INFO - Added amber-202004-0105
[2025-11-13T08:31:46.819+0000] {subprocess.py:93} INFO - Added amber-202004-0107
[2025-11-13T08:31:46.819+0000] {subprocess.py:93} INFO - Added amber-202004-0111
[2025-11-13T08:31:46.819+0000] {subprocess.py:93} INFO - Added amber-202004-0114
[2025-11-13T08:31:46.819+0000] {subprocess.py:93} INFO - Added amber-202004-0126
[2025-11-13T08:31:46.819+0000] {subprocess.py:93} INFO - Added amber-202004-0129
[2025-11-13T08:31:46.820+0000] {subprocess.py:93} INFO - Added amber-202004-0132
[2025-11-13T08:31:46.820+0000] {subprocess.py:93} INFO - Added amber-202004-0143
[2025-11-13T08:31:46.820+0000] {subprocess.py:93} INFO - Added amber-202004-0145
[2025-11-13T08:31:46.820+0000] {subprocess.py:93} INFO - Added amber-202004-0166
[2025-11-13T08:31:46.820+0000] {subprocess.py:93} INFO - Added amber-202004-0097
[2025-11-13T08:31:46.821+0000] {subprocess.py:93} INFO - Added amber-202004-0098
[2025-11-13T08:31:46.821+0000] {subprocess.py:93} INFO - Added amber-202004-0128
[2025-11-13T08:31:46.821+0000] {subprocess.py:93} INFO - Added amber-202004-0148
[2025-11-13T08:31:46.821+0000] {subprocess.py:93} INFO - Added amber-202004-0149
[2025-11-13T08:31:46.822+0000] {subprocess.py:93} INFO - Added amber-202004-0161
[2025-11-13T08:31:46.822+0000] {subprocess.py:93} INFO - Added amber-202004-0167
[2025-11-13T08:31:46.822+0000] {subprocess.py:93} INFO - Added amber-202004-0150
[2025-11-13T08:31:46.822+0000] {subprocess.py:93} INFO - Added amber-202004-0100
[2025-11-13T08:31:46.823+0000] {subprocess.py:93} INFO - Added amber-202004-0115
[2025-11-13T08:31:46.823+0000] {subprocess.py:93} INFO - Added amber-202004-0116
[2025-11-13T08:31:46.824+0000] {subprocess.py:93} INFO - Added amber-202004-0118
[2025-11-13T08:31:46.824+0000] {subprocess.py:93} INFO - Added amber-202004-0144
[2025-11-13T08:31:46.824+0000] {subprocess.py:93} INFO - Added amber-202004-0151
[2025-11-13T08:31:46.825+0000] {subprocess.py:93} INFO - Added amber-202004-0152
[2025-11-13T08:31:46.825+0000] {subprocess.py:93} INFO - Added amber-202004-0156
[2025-11-13T08:31:46.825+0000] {subprocess.py:93} INFO - Added amber-202004-0117
[2025-11-13T08:31:46.826+0000] {subprocess.py:93} INFO - Added amber-202004-0130
[2025-11-13T08:31:46.826+0000] {subprocess.py:93} INFO - Added amber-202004-0209
[2025-11-13T08:31:46.826+0000] {subprocess.py:93} INFO - Added amber-202004-0211
[2025-11-13T08:31:46.826+0000] {subprocess.py:93} INFO - Added amber-202004-0214
[2025-11-13T08:31:46.826+0000] {subprocess.py:93} INFO - Added amber-202004-0101
[2025-11-13T08:31:46.826+0000] {subprocess.py:93} INFO - Added amber-202004-0106
[2025-11-13T08:31:46.827+0000] {subprocess.py:93} INFO - Added amber-202004-0113
[2025-11-13T08:31:46.827+0000] {subprocess.py:93} INFO - Added amber-202004-0124
[2025-11-13T08:31:46.827+0000] {subprocess.py:93} INFO - Added amber-202004-0131
[2025-11-13T08:31:46.827+0000] {subprocess.py:93} INFO - Added amber-202004-0133
[2025-11-13T08:31:46.827+0000] {subprocess.py:93} INFO - Added amber-202004-0168
[2025-11-13T08:31:46.828+0000] {subprocess.py:93} INFO - Added amber-202004-0169
[2025-11-13T08:31:46.828+0000] {subprocess.py:93} INFO - Added amber-202004-0109
[2025-11-13T08:31:46.828+0000] {subprocess.py:93} INFO - Added amber-202004-0110
[2025-11-13T08:31:46.829+0000] {subprocess.py:93} INFO - Added amber-202004-0163
[2025-11-13T08:31:46.829+0000] {subprocess.py:93} INFO - Added amber-202004-0164
[2025-11-13T08:31:46.829+0000] {subprocess.py:93} INFO - Added amber-202004-0119
[2025-11-13T08:31:46.830+0000] {subprocess.py:93} INFO - Added amber-202004-0121
[2025-11-13T08:31:46.830+0000] {subprocess.py:93} INFO - Added amber-202004-0125
[2025-11-13T08:31:46.830+0000] {subprocess.py:93} INFO - Added amber-202004-0122
[2025-11-13T08:31:46.830+0000] {subprocess.py:93} INFO - Added amber-202004-0127
[2025-11-13T08:31:46.831+0000] {subprocess.py:93} INFO - Added amber-202004-0134
[2025-11-13T08:31:46.831+0000] {subprocess.py:93} INFO - Added amber-202004-0135
[2025-11-13T08:31:46.831+0000] {subprocess.py:93} INFO - Added amber-202004-0136
[2025-11-13T08:31:46.831+0000] {subprocess.py:93} INFO - Added amber-202004-0137
[2025-11-13T08:31:46.832+0000] {subprocess.py:93} INFO - Added amber-202004-0138
[2025-11-13T08:31:46.832+0000] {subprocess.py:93} INFO - Added amber-202004-0142
[2025-11-13T08:31:46.832+0000] {subprocess.py:93} INFO - Added amber-202004-0160
[2025-11-13T08:31:46.832+0000] {subprocess.py:93} INFO - Added amber-202004-0139
[2025-11-13T08:31:46.832+0000] {subprocess.py:93} INFO - Added amber-202004-0140
[2025-11-13T08:31:46.833+0000] {subprocess.py:93} INFO - Added amber-202004-0141
[2025-11-13T08:31:46.833+0000] {subprocess.py:93} INFO - Added amber-202004-0146
[2025-11-13T08:31:46.833+0000] {subprocess.py:93} INFO - Added amber-202004-0147
[2025-11-13T08:31:46.833+0000] {subprocess.py:93} INFO - Added amber-202004-0153
[2025-11-13T08:31:46.833+0000] {subprocess.py:93} INFO - Added amber-202004-0155
[2025-11-13T08:31:46.834+0000] {subprocess.py:93} INFO - Added amber-202004-0159
[2025-11-13T08:31:46.834+0000] {subprocess.py:93} INFO - Added amber-202004-0154
[2025-11-13T08:31:46.834+0000] {subprocess.py:93} INFO - Added amber-202004-0157
[2025-11-13T08:31:46.834+0000] {subprocess.py:93} INFO - Added amber-202004-0158
[2025-11-13T08:31:46.834+0000] {subprocess.py:93} INFO - Added amber-202004-0162
[2025-11-13T08:31:46.834+0000] {subprocess.py:93} INFO - Added amber-202004-0173
[2025-11-13T08:31:46.835+0000] {subprocess.py:93} INFO - Added amber-202004-0165
[2025-11-13T08:31:46.835+0000] {subprocess.py:93} INFO - Added amber-202004-0170
[2025-11-13T08:31:46.835+0000] {subprocess.py:93} INFO - Added amber-202004-0176
[2025-11-13T08:31:46.835+0000] {subprocess.py:93} INFO - Added amber-202004-0193
[2025-11-13T08:31:46.835+0000] {subprocess.py:93} INFO - Added amber-202004-0197
[2025-11-13T08:31:46.836+0000] {subprocess.py:93} INFO - Added amber-202004-0171
[2025-11-13T08:31:46.836+0000] {subprocess.py:93} INFO - Added amber-202004-0172
[2025-11-13T08:31:46.836+0000] {subprocess.py:93} INFO - Added amber-202004-0174
[2025-11-13T08:31:46.837+0000] {subprocess.py:93} INFO - Added amber-202004-0195
[2025-11-13T08:31:46.837+0000] {subprocess.py:93} INFO - Added amber-202004-0196
[2025-11-13T08:31:46.837+0000] {subprocess.py:93} INFO - Added amber-202004-0198
[2025-11-13T08:31:46.837+0000] {subprocess.py:93} INFO - Added amber-202004-0208
[2025-11-13T08:31:46.837+0000] {subprocess.py:93} INFO - Added amber-202004-0215
[2025-11-13T08:31:46.838+0000] {subprocess.py:93} INFO - Added amber-202004-0217
[2025-11-13T08:31:46.838+0000] {subprocess.py:93} INFO - Added amber-202004-0225
[2025-11-13T08:31:46.838+0000] {subprocess.py:93} INFO - Added amber-202004-0226
[2025-11-13T08:31:46.838+0000] {subprocess.py:93} INFO - Added amber-202004-0238
[2025-11-13T08:31:46.839+0000] {subprocess.py:93} INFO - Added amber-202004-0282
[2025-11-13T08:31:46.839+0000] {subprocess.py:93} INFO - Added amber-202004-0283
[2025-11-13T08:31:46.839+0000] {subprocess.py:93} INFO - Added amber-202004-0308
[2025-11-13T08:31:46.840+0000] {subprocess.py:93} INFO - Added amber-202004-0309
[2025-11-13T08:31:46.840+0000] {subprocess.py:93} INFO - Added amber-202004-0347
[2025-11-13T08:31:46.840+0000] {subprocess.py:93} INFO - Added amber-202004-0175
[2025-11-13T08:31:46.841+0000] {subprocess.py:93} INFO - Added amber-202004-0177
[2025-11-13T08:31:46.841+0000] {subprocess.py:93} INFO - Added amber-202004-0178
[2025-11-13T08:31:46.841+0000] {subprocess.py:93} INFO - Added amber-202004-0180
[2025-11-13T08:31:46.842+0000] {subprocess.py:93} INFO - Added amber-202004-0182
[2025-11-13T08:31:46.842+0000] {subprocess.py:93} INFO - Added amber-202004-0183
[2025-11-13T08:31:46.842+0000] {subprocess.py:93} INFO - Added amber-202004-0184
[2025-11-13T08:31:46.843+0000] {subprocess.py:93} INFO - Added amber-202004-0185
[2025-11-13T08:31:46.843+0000] {subprocess.py:93} INFO - Added amber-202004-0186
[2025-11-13T08:31:46.843+0000] {subprocess.py:93} INFO - Added amber-202004-0190
[2025-11-13T08:31:46.844+0000] {subprocess.py:93} INFO - Added amber-202004-0191
[2025-11-13T08:31:46.844+0000] {subprocess.py:93} INFO - Added amber-202004-0199
[2025-11-13T08:31:46.844+0000] {subprocess.py:93} INFO - Added amber-202004-0200
[2025-11-13T08:31:46.844+0000] {subprocess.py:93} INFO - Added amber-202004-0179
[2025-11-13T08:31:46.845+0000] {subprocess.py:93} INFO - Added amber-202004-0181
[2025-11-13T08:31:46.845+0000] {subprocess.py:93} INFO - Added amber-202004-0187
[2025-11-13T08:31:46.845+0000] {subprocess.py:93} INFO - Added amber-202004-0188
[2025-11-13T08:31:46.846+0000] {subprocess.py:93} INFO - Added amber-202004-0189
[2025-11-13T08:31:46.846+0000] {subprocess.py:93} INFO - Added amber-202004-0192
[2025-11-13T08:31:46.847+0000] {subprocess.py:93} INFO - Added amber-202004-0194
[2025-11-13T08:31:46.847+0000] {subprocess.py:93} INFO - Added amber-202004-0201
[2025-11-13T08:31:46.847+0000] {subprocess.py:93} INFO - Added amber-202004-0202
[2025-11-13T08:31:46.848+0000] {subprocess.py:93} INFO - Added amber-202004-0203
[2025-11-13T08:31:46.848+0000] {subprocess.py:93} INFO - Added amber-202004-0204
[2025-11-13T08:31:46.848+0000] {subprocess.py:93} INFO - Added amber-202004-0205
[2025-11-13T08:31:46.849+0000] {subprocess.py:93} INFO - Added amber-202004-0206
[2025-11-13T08:31:46.849+0000] {subprocess.py:93} INFO - Added amber-202004-0207
[2025-11-13T08:31:46.849+0000] {subprocess.py:93} INFO - Added amber-202004-0210
[2025-11-13T08:31:46.849+0000] {subprocess.py:93} INFO - Added amber-202004-0212
[2025-11-13T08:31:46.850+0000] {subprocess.py:93} INFO - Added amber-202004-0213
[2025-11-13T08:31:46.850+0000] {subprocess.py:93} INFO - Added amber-202004-0216
[2025-11-13T08:31:46.850+0000] {subprocess.py:93} INFO - Added amber-202004-0218
[2025-11-13T08:31:46.851+0000] {subprocess.py:93} INFO - Added amber-202004-0222
[2025-11-13T08:31:46.851+0000] {subprocess.py:93} INFO - Added amber-202004-0219
[2025-11-13T08:31:46.851+0000] {subprocess.py:93} INFO - Added amber-202004-0223
[2025-11-13T08:31:46.851+0000] {subprocess.py:93} INFO - Added amber-202004-0224
[2025-11-13T08:31:46.852+0000] {subprocess.py:93} INFO - Added amber-202004-0227
[2025-11-13T08:31:46.852+0000] {subprocess.py:93} INFO - Added amber-202004-0229
[2025-11-13T08:31:46.852+0000] {subprocess.py:93} INFO - Added amber-202004-0220
[2025-11-13T08:31:46.852+0000] {subprocess.py:93} INFO - Added amber-202004-0221
[2025-11-13T08:31:46.853+0000] {subprocess.py:93} INFO - Added amber-202004-0228
[2025-11-13T08:31:46.853+0000] {subprocess.py:93} INFO - Added amber-202004-0230
[2025-11-13T08:31:46.853+0000] {subprocess.py:93} INFO - Added amber-202004-0237
[2025-11-13T08:31:46.854+0000] {subprocess.py:93} INFO - Added amber-202004-0240
[2025-11-13T08:31:46.854+0000] {subprocess.py:93} INFO - Added amber-202004-0243
[2025-11-13T08:31:46.854+0000] {subprocess.py:93} INFO - Added amber-202004-0245
[2025-11-13T08:31:46.854+0000] {subprocess.py:93} INFO - Added amber-202004-0250
[2025-11-13T08:31:46.855+0000] {subprocess.py:93} INFO - Added amber-202004-0232
[2025-11-13T08:31:46.855+0000] {subprocess.py:93} INFO - Added amber-202004-0233
[2025-11-13T08:31:46.855+0000] {subprocess.py:93} INFO - Added amber-202004-0234
[2025-11-13T08:31:46.855+0000] {subprocess.py:93} INFO - Added amber-202004-0235
[2025-11-13T08:31:46.856+0000] {subprocess.py:93} INFO - Added amber-202004-0236
[2025-11-13T08:31:46.856+0000] {subprocess.py:93} INFO - Added amber-202004-0239
[2025-11-13T08:31:46.856+0000] {subprocess.py:93} INFO - Added amber-202004-0241
[2025-11-13T08:31:46.856+0000] {subprocess.py:93} INFO - Added amber-202004-0242
[2025-11-13T08:31:46.857+0000] {subprocess.py:93} INFO - Added amber-202004-0244
[2025-11-13T08:31:46.857+0000] {subprocess.py:93} INFO - Added amber-202004-0246
[2025-11-13T08:31:46.857+0000] {subprocess.py:93} INFO - Added amber-202004-0247
[2025-11-13T08:31:46.858+0000] {subprocess.py:93} INFO - Added amber-202004-0248
[2025-11-13T08:31:46.858+0000] {subprocess.py:93} INFO - Added amber-202004-0249
[2025-11-13T08:31:46.858+0000] {subprocess.py:93} INFO - Added amber-202004-0253
[2025-11-13T08:31:46.858+0000] {subprocess.py:93} INFO - Added amber-202004-0254
[2025-11-13T08:31:46.859+0000] {subprocess.py:93} INFO - Added amber-202004-0255
[2025-11-13T08:31:46.859+0000] {subprocess.py:93} INFO - Added amber-202004-0256
[2025-11-13T08:31:46.859+0000] {subprocess.py:93} INFO - Added amber-202004-0257
[2025-11-13T08:31:46.860+0000] {subprocess.py:93} INFO - Added amber-202004-0258
[2025-11-13T08:31:46.860+0000] {subprocess.py:93} INFO - Added amber-202004-0259
[2025-11-13T08:31:46.860+0000] {subprocess.py:93} INFO - Added amber-202004-0260
[2025-11-13T08:31:46.860+0000] {subprocess.py:93} INFO - Added amber-202004-0261
[2025-11-13T08:31:46.861+0000] {subprocess.py:93} INFO - Added amber-202004-0262
[2025-11-13T08:31:46.861+0000] {subprocess.py:93} INFO - Added amber-202004-0266
[2025-11-13T08:31:46.861+0000] {subprocess.py:93} INFO - Added amber-202004-0267
[2025-11-13T08:31:46.861+0000] {subprocess.py:93} INFO - Added amber-202004-0268
[2025-11-13T08:31:46.862+0000] {subprocess.py:93} INFO - Added amber-202004-0269
[2025-11-13T08:31:46.862+0000] {subprocess.py:93} INFO - Added amber-202004-0270
[2025-11-13T08:31:46.862+0000] {subprocess.py:93} INFO - Added amber-202004-0263
[2025-11-13T08:31:46.862+0000] {subprocess.py:93} INFO - Added amber-202004-0251
[2025-11-13T08:31:46.862+0000] {subprocess.py:93} INFO - Added amber-202004-0252
[2025-11-13T08:31:46.863+0000] {subprocess.py:93} INFO - Added amber-202004-0264
[2025-11-13T08:31:46.863+0000] {subprocess.py:93} INFO - Added amber-202004-0277
[2025-11-13T08:31:46.863+0000] {subprocess.py:93} INFO - Added amber-202004-0280
[2025-11-13T08:31:46.863+0000] {subprocess.py:93} INFO - Added amber-202004-0278
[2025-11-13T08:31:46.863+0000] {subprocess.py:93} INFO - Added amber-202004-0265
[2025-11-13T08:31:46.864+0000] {subprocess.py:93} INFO - Added amber-202004-0271
[2025-11-13T08:31:46.864+0000] {subprocess.py:93} INFO - Added amber-202004-0272
[2025-11-13T08:31:46.864+0000] {subprocess.py:93} INFO - Added amber-202004-0274
[2025-11-13T08:31:46.864+0000] {subprocess.py:93} INFO - Added amber-202004-0273
[2025-11-13T08:31:46.865+0000] {subprocess.py:93} INFO - Added amber-202004-0275
[2025-11-13T08:31:46.865+0000] {subprocess.py:93} INFO - Added amber-202004-0276
[2025-11-13T08:31:46.865+0000] {subprocess.py:93} INFO - Added amber-202004-0279
[2025-11-13T08:31:46.865+0000] {subprocess.py:93} INFO - Added amber-202004-0281
[2025-11-13T08:31:46.866+0000] {subprocess.py:93} INFO - Added amber-202004-0284
[2025-11-13T08:31:46.866+0000] {subprocess.py:93} INFO - Added amber-202004-0335
[2025-11-13T08:31:46.866+0000] {subprocess.py:93} INFO - Added amber-202004-0285
[2025-11-13T08:31:46.866+0000] {subprocess.py:93} INFO - Added amber-202004-0286
[2025-11-13T08:31:46.866+0000] {subprocess.py:93} INFO - Added amber-202004-0324
[2025-11-13T08:31:46.867+0000] {subprocess.py:93} INFO - Added amber-202004-0330
[2025-11-13T08:31:46.867+0000] {subprocess.py:93} INFO - Added amber-202004-0334
[2025-11-13T08:31:46.867+0000] {subprocess.py:93} INFO - Added amber-202004-0336
[2025-11-13T08:31:46.867+0000] {subprocess.py:93} INFO - Added amber-202004-0337
[2025-11-13T08:31:46.867+0000] {subprocess.py:93} INFO - Added amber-202004-0338
[2025-11-13T08:31:46.868+0000] {subprocess.py:93} INFO - Added amber-202004-0339
[2025-11-13T08:31:46.868+0000] {subprocess.py:93} INFO - Added amber-202004-0340
[2025-11-13T08:31:46.868+0000] {subprocess.py:93} INFO - Added amber-202004-0349
[2025-11-13T08:31:46.869+0000] {subprocess.py:93} INFO - Added amber-202004-0351
[2025-11-13T08:31:46.869+0000] {subprocess.py:93} INFO - Added amber-202004-0357
[2025-11-13T08:31:46.869+0000] {subprocess.py:93} INFO - Added amber-202004-0287
[2025-11-13T08:31:46.870+0000] {subprocess.py:93} INFO - Added amber-202004-0288
[2025-11-13T08:31:46.870+0000] {subprocess.py:93} INFO - Added amber-202004-0289
[2025-11-13T08:31:46.870+0000] {subprocess.py:93} INFO - Added amber-202004-0292
[2025-11-13T08:31:46.871+0000] {subprocess.py:93} INFO - Added amber-202004-0293
[2025-11-13T08:31:46.871+0000] {subprocess.py:93} INFO - Added amber-202004-0294
[2025-11-13T08:31:46.872+0000] {subprocess.py:93} INFO - Added amber-202004-0295
[2025-11-13T08:31:46.872+0000] {subprocess.py:93} INFO - Added amber-202004-0296
[2025-11-13T08:31:46.873+0000] {subprocess.py:93} INFO - Added amber-202004-0316
[2025-11-13T08:31:46.873+0000] {subprocess.py:93} INFO - Added amber-202004-0290
[2025-11-13T08:31:46.874+0000] {subprocess.py:93} INFO - Added amber-202004-0318
[2025-11-13T08:31:46.874+0000] {subprocess.py:93} INFO - Added amber-202004-0291
[2025-11-13T08:31:46.874+0000] {subprocess.py:93} INFO - Added amber-202004-0297
[2025-11-13T08:31:46.875+0000] {subprocess.py:93} INFO - Added amber-202004-0299
[2025-11-13T08:31:46.875+0000] {subprocess.py:93} INFO - Added amber-202004-0300
[2025-11-13T08:31:46.875+0000] {subprocess.py:93} INFO - Added amber-202004-0301
[2025-11-13T08:31:46.876+0000] {subprocess.py:93} INFO - Added amber-202004-0302
[2025-11-13T08:31:46.876+0000] {subprocess.py:93} INFO - Added amber-202004-0303
[2025-11-13T08:31:46.876+0000] {subprocess.py:93} INFO - Added amber-202004-0304
[2025-11-13T08:31:46.876+0000] {subprocess.py:93} INFO - Added amber-202004-0305
[2025-11-13T08:31:46.877+0000] {subprocess.py:93} INFO - Added amber-202004-0306
[2025-11-13T08:31:46.877+0000] {subprocess.py:93} INFO - Added amber-202004-0313
[2025-11-13T08:31:46.877+0000] {subprocess.py:93} INFO - Added amber-202004-0312
[2025-11-13T08:31:46.878+0000] {subprocess.py:93} INFO - Added amber-202004-0315
[2025-11-13T08:31:46.878+0000] {subprocess.py:93} INFO - Added amber-202004-0298
[2025-11-13T08:31:46.878+0000] {subprocess.py:93} INFO - Added amber-202004-0311
[2025-11-13T08:31:46.878+0000] {subprocess.py:93} INFO - Added amber-202004-0319
[2025-11-13T08:31:46.879+0000] {subprocess.py:93} INFO - Added amber-202004-0307
[2025-11-13T08:31:46.879+0000] {subprocess.py:93} INFO - Added amber-202004-0328
[2025-11-13T08:31:46.880+0000] {subprocess.py:93} INFO - Added amber-202004-0310
[2025-11-13T08:31:46.880+0000] {subprocess.py:93} INFO - Added amber-202004-0314
[2025-11-13T08:31:46.880+0000] {subprocess.py:93} INFO - Added amber-202004-0317
[2025-11-13T08:31:46.880+0000] {subprocess.py:93} INFO - Added amber-202004-0320
[2025-11-13T08:31:46.881+0000] {subprocess.py:93} INFO - Added amber-202004-0321
[2025-11-13T08:31:46.881+0000] {subprocess.py:93} INFO - Added amber-202004-0346
[2025-11-13T08:31:46.881+0000] {subprocess.py:93} INFO - Added amber-202004-0350
[2025-11-13T08:31:46.881+0000] {subprocess.py:93} INFO - Added amber-202004-0322
[2025-11-13T08:31:46.882+0000] {subprocess.py:93} INFO - Added amber-202004-0332
[2025-11-13T08:31:46.882+0000] {subprocess.py:93} INFO - Added amber-202004-0352
[2025-11-13T08:31:46.882+0000] {subprocess.py:93} INFO - Added amber-202004-0323
[2025-11-13T08:31:46.882+0000] {subprocess.py:93} INFO - Added amber-202004-0326
[2025-11-13T08:31:46.882+0000] {subprocess.py:93} INFO - Added amber-202004-0341
[2025-11-13T08:31:46.883+0000] {subprocess.py:93} INFO - Added amber-202004-0342
[2025-11-13T08:31:46.883+0000] {subprocess.py:93} INFO - Added amber-202004-0325
[2025-11-13T08:31:46.883+0000] {subprocess.py:93} INFO - Added amber-202004-0327
[2025-11-13T08:31:46.883+0000] {subprocess.py:93} INFO - Added amber-202004-0329
[2025-11-13T08:31:46.883+0000] {subprocess.py:93} INFO - Added amber-202004-0333
[2025-11-13T08:31:46.884+0000] {subprocess.py:93} INFO - Added amber-202004-0331
[2025-11-13T08:31:46.884+0000] {subprocess.py:93} INFO - Added amber-202004-0343
[2025-11-13T08:31:46.884+0000] {subprocess.py:93} INFO - Added amber-202004-0348
[2025-11-13T08:31:46.884+0000] {subprocess.py:93} INFO - Added amber-202004-0356
[2025-11-13T08:31:46.885+0000] {subprocess.py:93} INFO - Added amber-202004-0344
[2025-11-13T08:31:46.885+0000] {subprocess.py:93} INFO - Added amber-202004-0345
[2025-11-13T08:31:46.885+0000] {subprocess.py:93} INFO - Added amber-202004-0353
[2025-11-13T08:31:46.885+0000] {subprocess.py:93} INFO - Added amber-202004-0354
[2025-11-13T08:31:46.886+0000] {subprocess.py:93} INFO - Added amber-202004-0355
[2025-11-13T08:31:46.886+0000] {subprocess.py:93} INFO - Wrote 358 messages to /opt/airflow/data/RawData/2020_Data/2020_Apr.json
[2025-11-13T08:31:46.887+0000] {subprocess.py:93} INFO - Working on 2020 May ...
[2025-11-13T08:31:46.887+0000] {subprocess.py:93} INFO - Added 2020: May
[2025-11-13T08:31:46.887+0000] {subprocess.py:93} INFO - Added amber-202005-0000
[2025-11-13T08:31:46.888+0000] {subprocess.py:93} INFO - Added amber-202005-0004
[2025-11-13T08:31:46.888+0000] {subprocess.py:93} INFO - Added amber-202005-0005
[2025-11-13T08:31:46.888+0000] {subprocess.py:93} INFO - Added amber-202005-0007
[2025-11-13T08:31:46.889+0000] {subprocess.py:93} INFO - Added amber-202005-0008
[2025-11-13T08:31:46.889+0000] {subprocess.py:93} INFO - Added amber-202005-0010
[2025-11-13T08:31:46.889+0000] {subprocess.py:93} INFO - Added amber-202005-0001
[2025-11-13T08:31:46.890+0000] {subprocess.py:93} INFO - Added amber-202005-0006
[2025-11-13T08:31:46.890+0000] {subprocess.py:93} INFO - Added amber-202005-0002
[2025-11-13T08:31:46.890+0000] {subprocess.py:93} INFO - Added amber-202005-0009
[2025-11-13T08:31:46.891+0000] {subprocess.py:93} INFO - Added amber-202005-0003
[2025-11-13T08:31:46.891+0000] {subprocess.py:93} INFO - Added amber-202005-0012
[2025-11-13T08:31:46.891+0000] {subprocess.py:93} INFO - Added amber-202005-0017
[2025-11-13T08:31:46.891+0000] {subprocess.py:93} INFO - Added amber-202005-0011
[2025-11-13T08:31:46.892+0000] {subprocess.py:93} INFO - Added amber-202005-0013
[2025-11-13T08:31:46.892+0000] {subprocess.py:93} INFO - Added amber-202005-0016
[2025-11-13T08:31:46.892+0000] {subprocess.py:93} INFO - Added amber-202005-0024
[2025-11-13T08:31:46.893+0000] {subprocess.py:93} INFO - Added amber-202005-0014
[2025-11-13T08:31:46.893+0000] {subprocess.py:93} INFO - Added amber-202005-0015
[2025-11-13T08:31:46.893+0000] {subprocess.py:93} INFO - Added amber-202005-0023
[2025-11-13T08:31:46.894+0000] {subprocess.py:93} INFO - Added amber-202005-0025
[2025-11-13T08:31:46.894+0000] {subprocess.py:93} INFO - Added amber-202005-0026
[2025-11-13T08:31:46.894+0000] {subprocess.py:93} INFO - Added amber-202005-0027
[2025-11-13T08:31:46.894+0000] {subprocess.py:93} INFO - Added amber-202005-0031
[2025-11-13T08:31:46.895+0000] {subprocess.py:93} INFO - Added amber-202005-0018
[2025-11-13T08:31:46.895+0000] {subprocess.py:93} INFO - Added amber-202005-0019
[2025-11-13T08:31:46.895+0000] {subprocess.py:93} INFO - Added amber-202005-0020
[2025-11-13T08:31:46.896+0000] {subprocess.py:93} INFO - Added amber-202005-0021
[2025-11-13T08:31:46.896+0000] {subprocess.py:93} INFO - Added amber-202005-0022
[2025-11-13T08:31:46.896+0000] {subprocess.py:93} INFO - Added amber-202005-0034
[2025-11-13T08:31:46.896+0000] {subprocess.py:93} INFO - Added amber-202005-0035
[2025-11-13T08:31:46.897+0000] {subprocess.py:93} INFO - Added amber-202005-0028
[2025-11-13T08:31:46.897+0000] {subprocess.py:93} INFO - Added amber-202005-0029
[2025-11-13T08:31:46.897+0000] {subprocess.py:93} INFO - Added amber-202005-0030
[2025-11-13T08:31:46.897+0000] {subprocess.py:93} INFO - Added amber-202005-0033
[2025-11-13T08:31:46.898+0000] {subprocess.py:93} INFO - Added amber-202005-0038
[2025-11-13T08:31:46.898+0000] {subprocess.py:93} INFO - Added amber-202005-0032
[2025-11-13T08:31:46.898+0000] {subprocess.py:93} INFO - Added amber-202005-0036
[2025-11-13T08:31:46.898+0000] {subprocess.py:93} INFO - Added amber-202005-0039
[2025-11-13T08:31:46.898+0000] {subprocess.py:93} INFO - Added amber-202005-0037
[2025-11-13T08:31:46.899+0000] {subprocess.py:93} INFO - Added amber-202005-0052
[2025-11-13T08:31:46.899+0000] {subprocess.py:93} INFO - Added amber-202005-0062
[2025-11-13T08:31:46.899+0000] {subprocess.py:93} INFO - Added amber-202005-0077
[2025-11-13T08:31:46.899+0000] {subprocess.py:93} INFO - Added amber-202005-0081
[2025-11-13T08:31:46.899+0000] {subprocess.py:93} INFO - Added amber-202005-0096
[2025-11-13T08:31:46.900+0000] {subprocess.py:93} INFO - Added amber-202005-0097
[2025-11-13T08:31:46.900+0000] {subprocess.py:93} INFO - Added amber-202005-0040
[2025-11-13T08:32:03.171+0000] {local_task_job_runner.py:127} ERROR - Received SIGTERM. Terminating subprocesses
[2025-11-13T08:32:03.172+0000] {process_utils.py:132} INFO - Sending 15 to group 81. PIDs of all processes in the group: [83, 81]
[2025-11-13T08:32:03.173+0000] {process_utils.py:87} INFO - Sending the signal 15 to group 81
[2025-11-13T08:32:03.173+0000] {taskinstance.py:3092} ERROR - Received SIGTERM. Terminating subprocesses.
[2025-11-13T08:32:03.174+0000] {subprocess.py:104} INFO - Sending SIGTERM signal to process group
[2025-11-13T08:32:03.180+0000] {taskinstance.py:3310} ERROR - Task failed with exception
Traceback (most recent call last):
  File "/home/airflow/.local/lib/python3.12/site-packages/airflow/models/taskinstance.py", line 767, in _execute_task
    result = _execute_callable(context=context, **execute_callable_kwargs)
             ^^^^^^^^^^^^^^^^^^^^^^^^^^^^^^^^^^^^^^^^^^^^^^^^^^^^^^^^^^^^^
  File "/home/airflow/.local/lib/python3.12/site-packages/airflow/models/taskinstance.py", line 733, in _execute_callable
    return ExecutionCallableRunner(
           ^^^^^^^^^^^^^^^^^^^^^^^^
  File "/home/airflow/.local/lib/python3.12/site-packages/airflow/utils/operator_helpers.py", line 252, in run
    return self.func(*args, **kwargs)
           ^^^^^^^^^^^^^^^^^^^^^^^^^^
  File "/home/airflow/.local/lib/python3.12/site-packages/airflow/models/baseoperator.py", line 406, in wrapper
    return func(self, *args, **kwargs)
           ^^^^^^^^^^^^^^^^^^^^^^^^^^^
  File "/home/airflow/.local/lib/python3.12/site-packages/airflow/operators/bash.py", line 240, in execute
    result = self.subprocess_hook.run_command(
             ^^^^^^^^^^^^^^^^^^^^^^^^^^^^^^^^^
  File "/home/airflow/.local/lib/python3.12/site-packages/airflow/hooks/subprocess.py", line 91, in run_command
    for raw_line in iter(self.sub_process.stdout.readline, b""):
                    ^^^^^^^^^^^^^^^^^^^^^^^^^^^^^^^^^^^^^^^^^^^
  File "/home/airflow/.local/lib/python3.12/site-packages/airflow/models/taskinstance.py", line 3094, in signal_handler
    raise AirflowTaskTerminated("Task received SIGTERM signal")
airflow.exceptions.AirflowTaskTerminated: Task received SIGTERM signal
[2025-11-13T08:32:03.186+0000] {taskinstance.py:1225} INFO - Marking task as UP_FOR_RETRY. dag_id=AMBER_Daily_Scraping, task_id=amber_web_scrape, run_id=manual__2025-11-13T06:09:31.715152+00:00, execution_date=20251113T060931, start_date=20251113T082820, end_date=20251113T083203
[2025-11-13T08:32:03.224+0000] {taskinstance.py:340} INFO - ::group::Post task execution logs
[2025-11-13T08:32:03.266+0000] {process_utils.py:80} INFO - Process psutil.Process(pid=81, status='terminated', exitcode=2, started='08:28:19') (81) terminated with exit code 2
[2025-11-13T08:32:03.267+0000] {process_utils.py:80} INFO - Process psutil.Process(pid=83, status='terminated', started='08:28:20') (83) terminated with exit code None
[2025-11-13T08:32:03.268+0000] {local_task_job_runner.py:266} INFO - Task exited with return code 143
[2025-11-13T08:32:03.269+0000] {taskinstance.py:3925} ERROR - Error scheduling downstream tasks. Skipping it as this is entirely optional optimisation. There might be various reasons for it, please take a look at the stack trace to figure out if the root cause can be diagnosed and fixed. See the issue https://github.com/apache/airflow/issues/39717 for details and an example problem. If you would like to get help in solving root cause, open discussion with all details with your managed service support or in Airflow repository.
Traceback (most recent call last):
  File "/home/airflow/.local/lib/python3.12/site-packages/airflow/models/taskinstance.py", line 3921, in schedule_downstream_tasks
    return TaskInstance._schedule_downstream_tasks(
           ^^^^^^^^^^^^^^^^^^^^^^^^^^^^^^^^^^^^^^^^
  File "/home/airflow/.local/lib/python3.12/site-packages/airflow/utils/session.py", line 94, in wrapper
    return func(*args, **kwargs)
           ^^^^^^^^^^^^^^^^^^^^^
  File "/home/airflow/.local/lib/python3.12/site-packages/airflow/models/taskinstance.py", line 3855, in _schedule_downstream_tasks
    ).one_or_none()
      ^^^^^^^^^^^^^
  File "/home/airflow/.local/lib/python3.12/site-packages/sqlalchemy/orm/query.py", line 2850, in one_or_none
    return self._iter().one_or_none()
           ^^^^^^^^^^^^
  File "/home/airflow/.local/lib/python3.12/site-packages/sqlalchemy/orm/query.py", line 2916, in _iter
    result = self.session.execute(
             ^^^^^^^^^^^^^^^^^^^^^
  File "/home/airflow/.local/lib/python3.12/site-packages/sqlalchemy/orm/session.py", line 1716, in execute
    conn = self._connection_for_bind(bind)
           ^^^^^^^^^^^^^^^^^^^^^^^^^^^^^^^
  File "/home/airflow/.local/lib/python3.12/site-packages/sqlalchemy/orm/session.py", line 1555, in _connection_for_bind
    return self._transaction._connection_for_bind(
           ^^^^^^^^^^^^^^^^^^^^^^^^^^^^^^^^^^^^^^^
  File "/home/airflow/.local/lib/python3.12/site-packages/sqlalchemy/orm/session.py", line 724, in _connection_for_bind
    self._assert_active()
  File "/home/airflow/.local/lib/python3.12/site-packages/sqlalchemy/orm/session.py", line 597, in _assert_active
    raise sa_exc.InvalidRequestError(
sqlalchemy.exc.InvalidRequestError: This session is in 'prepared' state; no further SQL can be emitted within this transaction.
[2025-11-13T08:32:03.278+0000] {logging_mixin.py:190} WARNING - /home/airflow/.local/lib/python3.12/site-packages/airflow/jobs/job.py:379 SAWarning: transaction already deassociated from connection
[2025-11-13T08:32:03.279+0000] {local_task_job_runner.py:218} WARNING - Heartbeat failed with Exception: 'NoneType' object has no attribute 'dispatch'
[2025-11-13T08:32:03.280+0000] {local_task_job_runner.py:245} INFO - ::endgroup::
[2025-11-13T08:32:06.285+0000] {local_task_job_runner.py:123} INFO - ::group::Pre task execution logs
[2025-11-13T08:32:06.289+0000] {taskinstance.py:2602} INFO - Dependencies not met for <TaskInstance: AMBER_Daily_Scraping.amber_web_scrape manual__2025-11-13T06:09:31.715152+00:00 [up_for_retry]>, dependency 'Not In Retry Period' FAILED: Task is not ready for retry yet but will be retried automatically. Current date is 2025-11-13T08:32:06.289899+00:00 and task will be retried at 2025-11-13T08:47:03.185934+00:00.
[2025-11-13T08:32:06.293+0000] {local_task_job_runner.py:166} INFO - Task is not able to be run
