[2025-11-13T06:08:25.415+0000] {manager.py:483} INFO - Processing files using up to 1 processes at a time 
[2025-11-13T06:08:25.416+0000] {manager.py:484} INFO - Process each file at most once every 30 seconds
[2025-11-13T06:08:25.416+0000] {manager.py:485} INFO - Checking for new files in /opt/airflow/dags every 300 seconds
[2025-11-13T06:08:25.417+0000] {manager.py:821} INFO - Searching for files in /opt/airflow/dags
[2025-11-13T06:08:25.462+0000] {manager.py:824} INFO - There are 1 files in /opt/airflow/dags
[2025-11-13T06:08:27.041+0000] {manager.py:997} INFO - 
================================================================================
DAG File Processing Stats

File Path                                  PID    Runtime      # DAGs    # Errors  Last Runtime    Last Run               Last # of DB Queries
-----------------------------------------  -----  ---------  --------  ----------  --------------  -------------------  ----------------------
/opt/airflow/dags/AMBER_Daily_Scraping.py                           1           0  1.51s           2025-11-13T06:08:27                      45
================================================================================
[2025-11-13T06:08:57.753+0000] {manager.py:997} INFO - 
================================================================================
DAG File Processing Stats

File Path                                  PID    Runtime      # DAGs    # Errors  Last Runtime    Last Run               Last # of DB Queries
-----------------------------------------  -----  ---------  --------  ----------  --------------  -------------------  ----------------------
/opt/airflow/dags/AMBER_Daily_Scraping.py                           1           0  0.22s           2025-11-13T06:08:57                      12
================================================================================
[2025-11-13T06:09:28.064+0000] {manager.py:997} INFO - 
================================================================================
DAG File Processing Stats

File Path                                  PID    Runtime      # DAGs    # Errors  Last Runtime    Last Run               Last # of DB Queries
-----------------------------------------  -----  ---------  --------  ----------  --------------  -------------------  ----------------------
/opt/airflow/dags/AMBER_Daily_Scraping.py                           1           0  0.21s           2025-11-13T06:09:28                      12
================================================================================
[2025-11-13T06:45:37.318+0000] {manager.py:465} INFO - Exiting gracefully upon receiving signal 15
[2025-11-13T06:45:37.727+0000] {manager.py:483} INFO - Processing files using up to 1 processes at a time 
[2025-11-13T06:45:37.727+0000] {manager.py:484} INFO - Process each file at most once every 30 seconds
[2025-11-13T06:45:37.728+0000] {manager.py:485} INFO - Checking for new files in /opt/airflow/dags every 300 seconds
[2025-11-13T06:45:37.729+0000] {manager.py:821} INFO - Searching for files in /opt/airflow/dags
[2025-11-13T06:45:38.440+0000] {manager.py:824} INFO - There are 1 files in /opt/airflow/dags
[2025-11-13T06:45:39.015+0000] {manager.py:997} INFO - 
================================================================================
DAG File Processing Stats

File Path                                  PID    Runtime      # DAGs    # Errors  Last Runtime    Last Run               Last # of DB Queries
-----------------------------------------  -----  ---------  --------  ----------  --------------  -------------------  ----------------------
/opt/airflow/dags/AMBER_Daily_Scraping.py                           1           0  0.51s           2025-11-13T06:45:39                      12
================================================================================
[2025-11-13T06:46:09.474+0000] {manager.py:997} INFO - 
================================================================================
DAG File Processing Stats

File Path                                  PID    Runtime      # DAGs    # Errors  Last Runtime    Last Run               Last # of DB Queries
-----------------------------------------  -----  ---------  --------  ----------  --------------  -------------------  ----------------------
/opt/airflow/dags/AMBER_Daily_Scraping.py                           1           0  0.31s           2025-11-13T06:46:09                      12
================================================================================
[2025-11-13T06:46:39.945+0000] {manager.py:997} INFO - 
================================================================================
DAG File Processing Stats

File Path                                  PID    Runtime      # DAGs    # Errors  Last Runtime    Last Run               Last # of DB Queries
-----------------------------------------  -----  ---------  --------  ----------  --------------  -------------------  ----------------------
/opt/airflow/dags/AMBER_Daily_Scraping.py                           1           0  0.31s           2025-11-13T06:46:39                      12
================================================================================
[2025-11-13T06:47:10.324+0000] {manager.py:997} INFO - 
================================================================================
DAG File Processing Stats

File Path                                  PID    Runtime      # DAGs    # Errors  Last Runtime    Last Run               Last # of DB Queries
-----------------------------------------  -----  ---------  --------  ----------  --------------  -------------------  ----------------------
/opt/airflow/dags/AMBER_Daily_Scraping.py                           1           0  0.21s           2025-11-13T06:47:10                      12
================================================================================
[2025-11-13T06:47:40.776+0000] {manager.py:997} INFO - 
================================================================================
DAG File Processing Stats

File Path                                  PID    Runtime      # DAGs    # Errors  Last Runtime    Last Run               Last # of DB Queries
-----------------------------------------  -----  ---------  --------  ----------  --------------  -------------------  ----------------------
/opt/airflow/dags/AMBER_Daily_Scraping.py                           1           0  0.21s           2025-11-13T06:47:40                      12
================================================================================
[2025-11-13T06:48:11.394+0000] {manager.py:997} INFO - 
================================================================================
DAG File Processing Stats

File Path                                  PID    Runtime      # DAGs    # Errors  Last Runtime    Last Run               Last # of DB Queries
-----------------------------------------  -----  ---------  --------  ----------  --------------  -------------------  ----------------------
/opt/airflow/dags/AMBER_Daily_Scraping.py                           1           0  0.21s           2025-11-13T06:48:11                      12
================================================================================
[2025-11-13T06:48:41.870+0000] {manager.py:997} INFO - 
================================================================================
DAG File Processing Stats

File Path                                  PID    Runtime      # DAGs    # Errors  Last Runtime    Last Run               Last # of DB Queries
-----------------------------------------  -----  ---------  --------  ----------  --------------  -------------------  ----------------------
/opt/airflow/dags/AMBER_Daily_Scraping.py                           1           0  0.21s           2025-11-13T06:48:41                      12
================================================================================
[2025-11-13T06:49:12.262+0000] {manager.py:997} INFO - 
================================================================================
DAG File Processing Stats

File Path                                  PID    Runtime      # DAGs    # Errors  Last Runtime    Last Run               Last # of DB Queries
-----------------------------------------  -----  ---------  --------  ----------  --------------  -------------------  ----------------------
/opt/airflow/dags/AMBER_Daily_Scraping.py                           1           0  0.20s           2025-11-13T06:49:12                      12
================================================================================
[2025-11-13T06:49:42.735+0000] {manager.py:997} INFO - 
================================================================================
DAG File Processing Stats

File Path                                  PID    Runtime      # DAGs    # Errors  Last Runtime    Last Run               Last # of DB Queries
-----------------------------------------  -----  ---------  --------  ----------  --------------  -------------------  ----------------------
/opt/airflow/dags/AMBER_Daily_Scraping.py                           1           0  0.21s           2025-11-13T06:49:42                      12
================================================================================
[2025-11-13T06:50:13.212+0000] {manager.py:997} INFO - 
================================================================================
DAG File Processing Stats

File Path                                  PID    Runtime      # DAGs    # Errors  Last Runtime    Last Run               Last # of DB Queries
-----------------------------------------  -----  ---------  --------  ----------  --------------  -------------------  ----------------------
/opt/airflow/dags/AMBER_Daily_Scraping.py                           1           0  0.21s           2025-11-13T06:50:13                      12
================================================================================
[2025-11-13T06:50:37.930+0000] {manager.py:821} INFO - Searching for files in /opt/airflow/dags
[2025-11-13T06:50:38.680+0000] {manager.py:824} INFO - There are 1 files in /opt/airflow/dags
[2025-11-13T06:50:43.682+0000] {manager.py:997} INFO - 
================================================================================
DAG File Processing Stats

File Path                                  PID    Runtime      # DAGs    # Errors  Last Runtime    Last Run               Last # of DB Queries
-----------------------------------------  -----  ---------  --------  ----------  --------------  -------------------  ----------------------
/opt/airflow/dags/AMBER_Daily_Scraping.py                           1           0  0.21s           2025-11-13T06:50:43                      12
================================================================================
[2025-11-13T06:51:14.084+0000] {manager.py:997} INFO - 
================================================================================
DAG File Processing Stats

File Path                                  PID    Runtime      # DAGs    # Errors  Last Runtime    Last Run               Last # of DB Queries
-----------------------------------------  -----  ---------  --------  ----------  --------------  -------------------  ----------------------
/opt/airflow/dags/AMBER_Daily_Scraping.py                           1           0  0.21s           2025-11-13T06:51:14                      12
================================================================================
[2025-11-13T06:51:44.556+0000] {manager.py:997} INFO - 
================================================================================
DAG File Processing Stats

File Path                                  PID    Runtime      # DAGs    # Errors  Last Runtime    Last Run               Last # of DB Queries
-----------------------------------------  -----  ---------  --------  ----------  --------------  -------------------  ----------------------
/opt/airflow/dags/AMBER_Daily_Scraping.py                           1           0  0.21s           2025-11-13T06:51:44                      12
================================================================================
[2025-11-13T06:52:15.036+0000] {manager.py:997} INFO - 
================================================================================
DAG File Processing Stats

File Path                                  PID    Runtime      # DAGs    # Errors  Last Runtime    Last Run               Last # of DB Queries
-----------------------------------------  -----  ---------  --------  ----------  --------------  -------------------  ----------------------
/opt/airflow/dags/AMBER_Daily_Scraping.py                           1           0  0.21s           2025-11-13T06:52:15                      12
================================================================================
[2025-11-13T06:52:45.483+0000] {manager.py:997} INFO - 
================================================================================
DAG File Processing Stats

File Path                                  PID    Runtime      # DAGs    # Errors  Last Runtime    Last Run               Last # of DB Queries
-----------------------------------------  -----  ---------  --------  ----------  --------------  -------------------  ----------------------
/opt/airflow/dags/AMBER_Daily_Scraping.py                           1           0  0.21s           2025-11-13T06:52:45                      12
================================================================================
[2025-11-13T06:53:15.947+0000] {manager.py:997} INFO - 
================================================================================
DAG File Processing Stats

File Path                                  PID    Runtime      # DAGs    # Errors  Last Runtime    Last Run               Last # of DB Queries
-----------------------------------------  -----  ---------  --------  ----------  --------------  -------------------  ----------------------
/opt/airflow/dags/AMBER_Daily_Scraping.py                           1           0  0.21s           2025-11-13T06:53:15                      12
================================================================================
[2025-11-13T06:53:46.412+0000] {manager.py:997} INFO - 
================================================================================
DAG File Processing Stats

File Path                                  PID    Runtime      # DAGs    # Errors  Last Runtime    Last Run               Last # of DB Queries
-----------------------------------------  -----  ---------  --------  ----------  --------------  -------------------  ----------------------
/opt/airflow/dags/AMBER_Daily_Scraping.py                           1           0  0.21s           2025-11-13T06:53:46                      12
================================================================================
[2025-11-13T06:54:16.850+0000] {manager.py:997} INFO - 
================================================================================
DAG File Processing Stats

File Path                                  PID    Runtime      # DAGs    # Errors  Last Runtime    Last Run               Last # of DB Queries
-----------------------------------------  -----  ---------  --------  ----------  --------------  -------------------  ----------------------
/opt/airflow/dags/AMBER_Daily_Scraping.py                           1           0  0.20s           2025-11-13T06:54:16                      12
================================================================================
[2025-11-13T06:54:47.241+0000] {manager.py:997} INFO - 
================================================================================
DAG File Processing Stats

File Path                                  PID    Runtime      # DAGs    # Errors  Last Runtime    Last Run               Last # of DB Queries
-----------------------------------------  -----  ---------  --------  ----------  --------------  -------------------  ----------------------
/opt/airflow/dags/AMBER_Daily_Scraping.py                           1           0  0.20s           2025-11-13T06:54:47                      12
================================================================================
[2025-11-13T06:55:17.679+0000] {manager.py:997} INFO - 
================================================================================
DAG File Processing Stats

File Path                                  PID    Runtime      # DAGs    # Errors  Last Runtime    Last Run               Last # of DB Queries
-----------------------------------------  -----  ---------  --------  ----------  --------------  -------------------  ----------------------
/opt/airflow/dags/AMBER_Daily_Scraping.py                           1           0  0.20s           2025-11-13T06:55:17                      12
================================================================================
[2025-11-13T06:55:37.943+0000] {manager.py:821} INFO - Searching for files in /opt/airflow/dags
[2025-11-13T06:55:38.596+0000] {manager.py:824} INFO - There are 1 files in /opt/airflow/dags
[2025-11-13T06:55:48.109+0000] {manager.py:997} INFO - 
================================================================================
DAG File Processing Stats

File Path                                  PID    Runtime      # DAGs    # Errors  Last Runtime    Last Run               Last # of DB Queries
-----------------------------------------  -----  ---------  --------  ----------  --------------  -------------------  ----------------------
/opt/airflow/dags/AMBER_Daily_Scraping.py                           1           0  0.20s           2025-11-13T06:55:48                      12
================================================================================
[2025-11-13T06:56:18.482+0000] {manager.py:997} INFO - 
================================================================================
DAG File Processing Stats

File Path                                  PID    Runtime      # DAGs    # Errors  Last Runtime    Last Run               Last # of DB Queries
-----------------------------------------  -----  ---------  --------  ----------  --------------  -------------------  ----------------------
/opt/airflow/dags/AMBER_Daily_Scraping.py                           1           0  0.21s           2025-11-13T06:56:18                      12
================================================================================
[2025-11-13T06:56:48.815+0000] {manager.py:997} INFO - 
================================================================================
DAG File Processing Stats

File Path                                  PID    Runtime      # DAGs    # Errors  Last Runtime    Last Run               Last # of DB Queries
-----------------------------------------  -----  ---------  --------  ----------  --------------  -------------------  ----------------------
/opt/airflow/dags/AMBER_Daily_Scraping.py                           1           0  0.11s           2025-11-13T06:56:48                      12
================================================================================
[2025-11-13T06:57:19.347+0000] {manager.py:997} INFO - 
================================================================================
DAG File Processing Stats

File Path                                  PID    Runtime      # DAGs    # Errors  Last Runtime    Last Run               Last # of DB Queries
-----------------------------------------  -----  ---------  --------  ----------  --------------  -------------------  ----------------------
/opt/airflow/dags/AMBER_Daily_Scraping.py                           1           0  0.20s           2025-11-13T06:57:19                      12
================================================================================
[2025-11-13T06:57:49.786+0000] {manager.py:997} INFO - 
================================================================================
DAG File Processing Stats

File Path                                  PID    Runtime      # DAGs    # Errors  Last Runtime    Last Run               Last # of DB Queries
-----------------------------------------  -----  ---------  --------  ----------  --------------  -------------------  ----------------------
/opt/airflow/dags/AMBER_Daily_Scraping.py                           1           0  0.20s           2025-11-13T06:57:49                      12
================================================================================
[2025-11-13T06:58:20.461+0000] {manager.py:997} INFO - 
================================================================================
DAG File Processing Stats

File Path                                  PID    Runtime      # DAGs    # Errors  Last Runtime    Last Run               Last # of DB Queries
-----------------------------------------  -----  ---------  --------  ----------  --------------  -------------------  ----------------------
/opt/airflow/dags/AMBER_Daily_Scraping.py                           1           0  0.21s           2025-11-13T06:58:20                      12
================================================================================
[2025-11-13T06:58:50.894+0000] {manager.py:997} INFO - 
================================================================================
DAG File Processing Stats

File Path                                  PID    Runtime      # DAGs    # Errors  Last Runtime    Last Run               Last # of DB Queries
-----------------------------------------  -----  ---------  --------  ----------  --------------  -------------------  ----------------------
/opt/airflow/dags/AMBER_Daily_Scraping.py                           1           0  0.20s           2025-11-13T06:58:50                      12
================================================================================
[2025-11-13T06:59:21.326+0000] {manager.py:997} INFO - 
================================================================================
DAG File Processing Stats

File Path                                  PID    Runtime      # DAGs    # Errors  Last Runtime    Last Run               Last # of DB Queries
-----------------------------------------  -----  ---------  --------  ----------  --------------  -------------------  ----------------------
/opt/airflow/dags/AMBER_Daily_Scraping.py                           1           0  0.21s           2025-11-13T06:59:10                      12
================================================================================
[2025-11-13T06:59:51.758+0000] {manager.py:997} INFO - 
================================================================================
DAG File Processing Stats

File Path                                  PID    Runtime      # DAGs    # Errors  Last Runtime    Last Run               Last # of DB Queries
-----------------------------------------  -----  ---------  --------  ----------  --------------  -------------------  ----------------------
/opt/airflow/dags/AMBER_Daily_Scraping.py                           1           0  0.20s           2025-11-13T06:59:40                      12
================================================================================
[2025-11-13T07:00:22.256+0000] {manager.py:997} INFO - 
================================================================================
DAG File Processing Stats

File Path                                  PID    Runtime      # DAGs    # Errors  Last Runtime    Last Run               Last # of DB Queries
-----------------------------------------  -----  ---------  --------  ----------  --------------  -------------------  ----------------------
/opt/airflow/dags/AMBER_Daily_Scraping.py                           1           0  0.21s           2025-11-13T07:00:11                      12
================================================================================
[2025-11-13T07:00:38.855+0000] {manager.py:821} INFO - Searching for files in /opt/airflow/dags
[2025-11-13T07:00:39.413+0000] {manager.py:824} INFO - There are 1 files in /opt/airflow/dags
[2025-11-13T07:00:52.566+0000] {manager.py:997} INFO - 
================================================================================
DAG File Processing Stats

File Path                                  PID    Runtime      # DAGs    # Errors  Last Runtime    Last Run               Last # of DB Queries
-----------------------------------------  -----  ---------  --------  ----------  --------------  -------------------  ----------------------
/opt/airflow/dags/AMBER_Daily_Scraping.py                           1           0  0.21s           2025-11-13T07:00:41                      12
================================================================================
[2025-11-13T07:01:22.741+0000] {manager.py:997} INFO - 
================================================================================
DAG File Processing Stats

File Path                                  PID    Runtime      # DAGs    # Errors  Last Runtime    Last Run               Last # of DB Queries
-----------------------------------------  -----  ---------  --------  ----------  --------------  -------------------  ----------------------
/opt/airflow/dags/AMBER_Daily_Scraping.py                           1           0  0.21s           2025-11-13T07:01:11                      12
================================================================================
[2025-11-13T07:01:52.902+0000] {manager.py:997} INFO - 
================================================================================
DAG File Processing Stats

File Path                                  PID    Runtime      # DAGs    # Errors  Last Runtime    Last Run               Last # of DB Queries
-----------------------------------------  -----  ---------  --------  ----------  --------------  -------------------  ----------------------
/opt/airflow/dags/AMBER_Daily_Scraping.py                           1           0  0.20s           2025-11-13T07:01:41                      12
================================================================================
[2025-11-13T07:02:23.062+0000] {manager.py:997} INFO - 
================================================================================
DAG File Processing Stats

File Path                                  PID    Runtime      # DAGs    # Errors  Last Runtime    Last Run               Last # of DB Queries
-----------------------------------------  -----  ---------  --------  ----------  --------------  -------------------  ----------------------
/opt/airflow/dags/AMBER_Daily_Scraping.py                           1           0  0.21s           2025-11-13T07:02:12                      12
================================================================================
[2025-11-13T07:02:53.231+0000] {manager.py:997} INFO - 
================================================================================
DAG File Processing Stats

File Path                                  PID    Runtime      # DAGs    # Errors  Last Runtime    Last Run               Last # of DB Queries
-----------------------------------------  -----  ---------  --------  ----------  --------------  -------------------  ----------------------
/opt/airflow/dags/AMBER_Daily_Scraping.py                           1           0  0.21s           2025-11-13T07:02:42                      12
================================================================================
[2025-11-13T07:03:23.400+0000] {manager.py:997} INFO - 
================================================================================
DAG File Processing Stats

File Path                                  PID    Runtime      # DAGs    # Errors  Last Runtime    Last Run               Last # of DB Queries
-----------------------------------------  -----  ---------  --------  ----------  --------------  -------------------  ----------------------
/opt/airflow/dags/AMBER_Daily_Scraping.py                           1           0  0.20s           2025-11-13T07:03:12                      12
================================================================================
[2025-11-13T07:03:53.556+0000] {manager.py:997} INFO - 
================================================================================
DAG File Processing Stats

File Path                                  PID    Runtime      # DAGs    # Errors  Last Runtime    Last Run               Last # of DB Queries
-----------------------------------------  -----  ---------  --------  ----------  --------------  -------------------  ----------------------
/opt/airflow/dags/AMBER_Daily_Scraping.py                           1           0  0.21s           2025-11-13T07:03:43                      12
================================================================================
[2025-11-13T07:04:23.719+0000] {manager.py:997} INFO - 
================================================================================
DAG File Processing Stats

File Path                                  PID    Runtime      # DAGs    # Errors  Last Runtime    Last Run               Last # of DB Queries
-----------------------------------------  -----  ---------  --------  ----------  --------------  -------------------  ----------------------
/opt/airflow/dags/AMBER_Daily_Scraping.py                           1           0  0.20s           2025-11-13T07:04:13                      12
================================================================================
[2025-11-13T07:04:53.950+0000] {manager.py:997} INFO - 
================================================================================
DAG File Processing Stats

File Path                                  PID    Runtime      # DAGs    # Errors  Last Runtime    Last Run               Last # of DB Queries
-----------------------------------------  -----  ---------  --------  ----------  --------------  -------------------  ----------------------
/opt/airflow/dags/AMBER_Daily_Scraping.py                           1           0  0.21s           2025-11-13T07:04:43                      12
================================================================================
[2025-11-13T07:05:24.023+0000] {manager.py:997} INFO - 
================================================================================
DAG File Processing Stats

File Path                                  PID    Runtime      # DAGs    # Errors  Last Runtime    Last Run               Last # of DB Queries
-----------------------------------------  -----  ---------  --------  ----------  --------------  -------------------  ----------------------
/opt/airflow/dags/AMBER_Daily_Scraping.py                           1           0  0.21s           2025-11-13T07:05:14                      12
================================================================================
[2025-11-13T07:05:39.687+0000] {manager.py:821} INFO - Searching for files in /opt/airflow/dags
[2025-11-13T07:05:40.312+0000] {manager.py:824} INFO - There are 1 files in /opt/airflow/dags
[2025-11-13T07:05:54.486+0000] {manager.py:997} INFO - 
================================================================================
DAG File Processing Stats

File Path                                  PID    Runtime      # DAGs    # Errors  Last Runtime    Last Run               Last # of DB Queries
-----------------------------------------  -----  ---------  --------  ----------  --------------  -------------------  ----------------------
/opt/airflow/dags/AMBER_Daily_Scraping.py                           1           0  0.20s           2025-11-13T07:05:44                      12
================================================================================
[2025-11-13T07:06:24.899+0000] {manager.py:997} INFO - 
================================================================================
DAG File Processing Stats

File Path                                  PID    Runtime      # DAGs    # Errors  Last Runtime    Last Run               Last # of DB Queries
-----------------------------------------  -----  ---------  --------  ----------  --------------  -------------------  ----------------------
/opt/airflow/dags/AMBER_Daily_Scraping.py                           1           0  0.21s           2025-11-13T07:06:14                      12
================================================================================
[2025-11-13T07:06:55.241+0000] {manager.py:997} INFO - 
================================================================================
DAG File Processing Stats

File Path                                  PID    Runtime      # DAGs    # Errors  Last Runtime    Last Run               Last # of DB Queries
-----------------------------------------  -----  ---------  --------  ----------  --------------  -------------------  ----------------------
/opt/airflow/dags/AMBER_Daily_Scraping.py                           1           0  0.21s           2025-11-13T07:06:45                      12
================================================================================
[2025-11-13T07:07:25.580+0000] {manager.py:997} INFO - 
================================================================================
DAG File Processing Stats

File Path                                  PID    Runtime      # DAGs    # Errors  Last Runtime    Last Run               Last # of DB Queries
-----------------------------------------  -----  ---------  --------  ----------  --------------  -------------------  ----------------------
/opt/airflow/dags/AMBER_Daily_Scraping.py                           1           0  0.21s           2025-11-13T07:07:15                      12
================================================================================
[2025-11-13T07:07:55.915+0000] {manager.py:997} INFO - 
================================================================================
DAG File Processing Stats

File Path                                  PID    Runtime      # DAGs    # Errors  Last Runtime    Last Run               Last # of DB Queries
-----------------------------------------  -----  ---------  --------  ----------  --------------  -------------------  ----------------------
/opt/airflow/dags/AMBER_Daily_Scraping.py                           1           0  0.21s           2025-11-13T07:07:45                      12
================================================================================
[2025-11-13T07:08:26.264+0000] {manager.py:997} INFO - 
================================================================================
DAG File Processing Stats

File Path                                  PID    Runtime      # DAGs    # Errors  Last Runtime    Last Run               Last # of DB Queries
-----------------------------------------  -----  ---------  --------  ----------  --------------  -------------------  ----------------------
/opt/airflow/dags/AMBER_Daily_Scraping.py                           1           0  0.21s           2025-11-13T07:08:16                      12
================================================================================
[2025-11-13T07:08:56.611+0000] {manager.py:997} INFO - 
================================================================================
DAG File Processing Stats

File Path                                  PID    Runtime      # DAGs    # Errors  Last Runtime    Last Run               Last # of DB Queries
-----------------------------------------  -----  ---------  --------  ----------  --------------  -------------------  ----------------------
/opt/airflow/dags/AMBER_Daily_Scraping.py                           1           0  0.21s           2025-11-13T07:08:46                      12
================================================================================
[2025-11-13T07:09:26.980+0000] {manager.py:997} INFO - 
================================================================================
DAG File Processing Stats

File Path                                  PID    Runtime      # DAGs    # Errors  Last Runtime    Last Run               Last # of DB Queries
-----------------------------------------  -----  ---------  --------  ----------  --------------  -------------------  ----------------------
/opt/airflow/dags/AMBER_Daily_Scraping.py                           1           0  0.21s           2025-11-13T07:09:16                      12
================================================================================
[2025-11-13T07:09:57.265+0000] {manager.py:997} INFO - 
================================================================================
DAG File Processing Stats

File Path                                  PID    Runtime      # DAGs    # Errors  Last Runtime    Last Run               Last # of DB Queries
-----------------------------------------  -----  ---------  --------  ----------  --------------  -------------------  ----------------------
/opt/airflow/dags/AMBER_Daily_Scraping.py                           1           0  0.21s           2025-11-13T07:09:47                      12
================================================================================
[2025-11-13T07:10:27.623+0000] {manager.py:997} INFO - 
================================================================================
DAG File Processing Stats

File Path                                  PID    Runtime      # DAGs    # Errors  Last Runtime    Last Run               Last # of DB Queries
-----------------------------------------  -----  ---------  --------  ----------  --------------  -------------------  ----------------------
/opt/airflow/dags/AMBER_Daily_Scraping.py                           1           0  0.21s           2025-11-13T07:10:17                      12
================================================================================
[2025-11-13T07:10:40.044+0000] {manager.py:821} INFO - Searching for files in /opt/airflow/dags
[2025-11-13T07:10:41.553+0000] {manager.py:824} INFO - There are 1 files in /opt/airflow/dags
[2025-11-13T07:10:57.981+0000] {manager.py:997} INFO - 
================================================================================
DAG File Processing Stats

File Path                                  PID    Runtime      # DAGs    # Errors  Last Runtime    Last Run               Last # of DB Queries
-----------------------------------------  -----  ---------  --------  ----------  --------------  -------------------  ----------------------
/opt/airflow/dags/AMBER_Daily_Scraping.py                           1           0  0.21s           2025-11-13T07:10:47                      12
================================================================================
[2025-11-13T07:11:28.379+0000] {manager.py:997} INFO - 
================================================================================
DAG File Processing Stats

File Path                                  PID    Runtime      # DAGs    # Errors  Last Runtime    Last Run               Last # of DB Queries
-----------------------------------------  -----  ---------  --------  ----------  --------------  -------------------  ----------------------
/opt/airflow/dags/AMBER_Daily_Scraping.py                           1           0  0.21s           2025-11-13T07:11:18                      12
================================================================================
[2025-11-13T07:11:58.399+0000] {manager.py:997} INFO - 
================================================================================
DAG File Processing Stats

File Path                                  PID    Runtime      # DAGs    # Errors  Last Runtime    Last Run               Last # of DB Queries
-----------------------------------------  -----  ---------  --------  ----------  --------------  -------------------  ----------------------
/opt/airflow/dags/AMBER_Daily_Scraping.py                           1           0  0.21s           2025-11-13T07:11:48                      12
================================================================================
[2025-11-13T07:12:28.910+0000] {manager.py:997} INFO - 
================================================================================
DAG File Processing Stats

File Path                                  PID    Runtime      # DAGs    # Errors  Last Runtime    Last Run               Last # of DB Queries
-----------------------------------------  -----  ---------  --------  ----------  --------------  -------------------  ----------------------
/opt/airflow/dags/AMBER_Daily_Scraping.py                           1           0  0.21s           2025-11-13T07:12:18                      12
================================================================================
[2025-11-13T07:12:59.331+0000] {manager.py:997} INFO - 
================================================================================
DAG File Processing Stats

File Path                                  PID    Runtime      # DAGs    # Errors  Last Runtime    Last Run               Last # of DB Queries
-----------------------------------------  -----  ---------  --------  ----------  --------------  -------------------  ----------------------
/opt/airflow/dags/AMBER_Daily_Scraping.py                           1           0  0.21s           2025-11-13T07:12:49                      12
================================================================================
[2025-11-13T07:13:29.693+0000] {manager.py:997} INFO - 
================================================================================
DAG File Processing Stats

File Path                                  PID    Runtime      # DAGs    # Errors  Last Runtime    Last Run               Last # of DB Queries
-----------------------------------------  -----  ---------  --------  ----------  --------------  -------------------  ----------------------
/opt/airflow/dags/AMBER_Daily_Scraping.py                           1           0  0.21s           2025-11-13T07:13:19                      12
================================================================================
[2025-11-13T07:14:00.174+0000] {manager.py:997} INFO - 
================================================================================
DAG File Processing Stats

File Path                                  PID    Runtime      # DAGs    # Errors  Last Runtime    Last Run               Last # of DB Queries
-----------------------------------------  -----  ---------  --------  ----------  --------------  -------------------  ----------------------
/opt/airflow/dags/AMBER_Daily_Scraping.py                           1           0  0.41s           2025-11-13T07:13:50                      12
================================================================================
[2025-11-13T07:14:30.472+0000] {manager.py:997} INFO - 
================================================================================
DAG File Processing Stats

File Path                                  PID    Runtime      # DAGs    # Errors  Last Runtime    Last Run               Last # of DB Queries
-----------------------------------------  -----  ---------  --------  ----------  --------------  -------------------  ----------------------
/opt/airflow/dags/AMBER_Daily_Scraping.py                           1           0  0.21s           2025-11-13T07:14:20                      12
================================================================================
[2025-11-13T07:15:00.757+0000] {manager.py:997} INFO - 
================================================================================
DAG File Processing Stats

File Path                                  PID    Runtime      # DAGs    # Errors  Last Runtime    Last Run               Last # of DB Queries
-----------------------------------------  -----  ---------  --------  ----------  --------------  -------------------  ----------------------
/opt/airflow/dags/AMBER_Daily_Scraping.py                           1           0  0.21s           2025-11-13T07:14:50                      12
================================================================================
[2025-11-13T07:15:31.045+0000] {manager.py:997} INFO - 
================================================================================
DAG File Processing Stats

File Path                                  PID    Runtime      # DAGs    # Errors  Last Runtime    Last Run               Last # of DB Queries
-----------------------------------------  -----  ---------  --------  ----------  --------------  -------------------  ----------------------
/opt/airflow/dags/AMBER_Daily_Scraping.py                           1           0  0.21s           2025-11-13T07:15:21                      12
================================================================================
[2025-11-13T07:15:40.216+0000] {manager.py:821} INFO - Searching for files in /opt/airflow/dags
[2025-11-13T07:15:41.295+0000] {manager.py:824} INFO - There are 1 files in /opt/airflow/dags
[2025-11-13T07:16:01.378+0000] {manager.py:997} INFO - 
================================================================================
DAG File Processing Stats

File Path                                  PID    Runtime      # DAGs    # Errors  Last Runtime    Last Run               Last # of DB Queries
-----------------------------------------  -----  ---------  --------  ----------  --------------  -------------------  ----------------------
/opt/airflow/dags/AMBER_Daily_Scraping.py                           1           0  0.21s           2025-11-13T07:15:51                      12
================================================================================
[2025-11-13T07:16:31.626+0000] {manager.py:997} INFO - 
================================================================================
DAG File Processing Stats

File Path                                  PID    Runtime      # DAGs    # Errors  Last Runtime    Last Run               Last # of DB Queries
-----------------------------------------  -----  ---------  --------  ----------  --------------  -------------------  ----------------------
/opt/airflow/dags/AMBER_Daily_Scraping.py                           1           0  0.21s           2025-11-13T07:16:21                      12
================================================================================
[2025-11-13T07:17:01.930+0000] {manager.py:997} INFO - 
================================================================================
DAG File Processing Stats

File Path                                  PID    Runtime      # DAGs    # Errors  Last Runtime    Last Run               Last # of DB Queries
-----------------------------------------  -----  ---------  --------  ----------  --------------  -------------------  ----------------------
/opt/airflow/dags/AMBER_Daily_Scraping.py                           0           1  0.21s           2025-11-13T07:16:58                       3
================================================================================
[2025-11-13T07:17:32.043+0000] {manager.py:997} INFO - 
================================================================================
DAG File Processing Stats

File Path                                  PID    Runtime      # DAGs    # Errors  Last Runtime    Last Run               Last # of DB Queries
-----------------------------------------  -----  ---------  --------  ----------  --------------  -------------------  ----------------------
/opt/airflow/dags/AMBER_Daily_Scraping.py                           0           1  0.21s           2025-11-13T07:17:28                       5
================================================================================
[2025-11-13T07:18:02.149+0000] {manager.py:997} INFO - 
================================================================================
DAG File Processing Stats

File Path                                  PID    Runtime      # DAGs    # Errors  Last Runtime    Last Run               Last # of DB Queries
-----------------------------------------  -----  ---------  --------  ----------  --------------  -------------------  ----------------------
/opt/airflow/dags/AMBER_Daily_Scraping.py                           0           1  0.21s           2025-11-13T07:17:59                       5
================================================================================
[2025-11-13T07:18:32.248+0000] {manager.py:997} INFO - 
================================================================================
DAG File Processing Stats

File Path                                  PID    Runtime      # DAGs    # Errors  Last Runtime    Last Run               Last # of DB Queries
-----------------------------------------  -----  ---------  --------  ----------  --------------  -------------------  ----------------------
/opt/airflow/dags/AMBER_Daily_Scraping.py                           0           1  0.11s           2025-11-13T07:18:29                       5
================================================================================
[2025-11-13T07:19:02.344+0000] {manager.py:997} INFO - 
================================================================================
DAG File Processing Stats

File Path                                  PID    Runtime      # DAGs    # Errors  Last Runtime    Last Run               Last # of DB Queries
-----------------------------------------  -----  ---------  --------  ----------  --------------  -------------------  ----------------------
/opt/airflow/dags/AMBER_Daily_Scraping.py                           0           1  0.21s           2025-11-13T07:19:00                       5
================================================================================
[2025-11-13T07:19:32.362+0000] {manager.py:997} INFO - 
================================================================================
DAG File Processing Stats

File Path                                  PID    Runtime      # DAGs    # Errors  Last Runtime    Last Run               Last # of DB Queries
-----------------------------------------  -----  ---------  --------  ----------  --------------  -------------------  ----------------------
/opt/airflow/dags/AMBER_Daily_Scraping.py                           0           1  0.21s           2025-11-13T07:19:31                       5
================================================================================
[2025-11-13T07:20:02.569+0000] {manager.py:997} INFO - 
================================================================================
DAG File Processing Stats

File Path                                  PID    Runtime      # DAGs    # Errors  Last Runtime    Last Run               Last # of DB Queries
-----------------------------------------  -----  ---------  --------  ----------  --------------  -------------------  ----------------------
/opt/airflow/dags/AMBER_Daily_Scraping.py                           0           1  0.21s           2025-11-13T07:20:01                       5
================================================================================
[2025-11-13T07:20:32.676+0000] {manager.py:997} INFO - 
================================================================================
DAG File Processing Stats

File Path                                  PID    Runtime      # DAGs    # Errors  Last Runtime    Last Run               Last # of DB Queries
-----------------------------------------  -----  ---------  --------  ----------  --------------  -------------------  ----------------------
/opt/airflow/dags/AMBER_Daily_Scraping.py                           0           1  0.21s           2025-11-13T07:20:32                       5
================================================================================
[2025-11-13T07:20:41.055+0000] {manager.py:821} INFO - Searching for files in /opt/airflow/dags
[2025-11-13T07:20:42.256+0000] {manager.py:824} INFO - There are 1 files in /opt/airflow/dags
[2025-11-13T07:21:03.073+0000] {manager.py:997} INFO - 
================================================================================
DAG File Processing Stats

File Path                                  PID    Runtime      # DAGs    # Errors  Last Runtime    Last Run               Last # of DB Queries
-----------------------------------------  -----  ---------  --------  ----------  --------------  -------------------  ----------------------
/opt/airflow/dags/AMBER_Daily_Scraping.py                           0           1  0.21s           2025-11-13T07:21:03                       5
================================================================================
[2025-11-13T07:21:33.471+0000] {manager.py:997} INFO - 
================================================================================
DAG File Processing Stats

File Path                                  PID    Runtime      # DAGs    # Errors  Last Runtime    Last Run               Last # of DB Queries
-----------------------------------------  -----  ---------  --------  ----------  --------------  -------------------  ----------------------
/opt/airflow/dags/AMBER_Daily_Scraping.py                           0           1  0.21s           2025-11-13T07:21:33                       5
================================================================================
[2025-11-13T07:22:03.929+0000] {manager.py:997} INFO - 
================================================================================
DAG File Processing Stats

File Path                                  PID    Runtime      # DAGs    # Errors  Last Runtime    Last Run               Last # of DB Queries
-----------------------------------------  -----  ---------  --------  ----------  --------------  -------------------  ----------------------
/opt/airflow/dags/AMBER_Daily_Scraping.py                           0           1  0.21s           2025-11-13T07:22:03                       5
================================================================================
[2025-11-13T07:22:34.270+0000] {manager.py:997} INFO - 
================================================================================
DAG File Processing Stats

File Path                                  PID    Runtime      # DAGs    # Errors  Last Runtime    Last Run               Last # of DB Queries
-----------------------------------------  -----  ---------  --------  ----------  --------------  -------------------  ----------------------
/opt/airflow/dags/AMBER_Daily_Scraping.py                           0           1  0.21s           2025-11-13T07:22:34                       5
================================================================================
[2025-11-13T07:23:04.636+0000] {manager.py:997} INFO - 
================================================================================
DAG File Processing Stats

File Path                                  PID    Runtime      # DAGs    # Errors  Last Runtime    Last Run               Last # of DB Queries
-----------------------------------------  -----  ---------  --------  ----------  --------------  -------------------  ----------------------
/opt/airflow/dags/AMBER_Daily_Scraping.py                           0           1  0.21s           2025-11-13T07:23:04                       5
================================================================================
[2025-11-13T07:23:35.115+0000] {manager.py:997} INFO - 
================================================================================
DAG File Processing Stats

File Path                                  PID    Runtime      # DAGs    # Errors  Last Runtime    Last Run               Last # of DB Queries
-----------------------------------------  -----  ---------  --------  ----------  --------------  -------------------  ----------------------
/opt/airflow/dags/AMBER_Daily_Scraping.py                           0           1  0.31s           2025-11-13T07:23:35                       5
================================================================================
[2025-11-13T07:24:05.504+0000] {manager.py:997} INFO - 
================================================================================
DAG File Processing Stats

File Path                                  PID    Runtime      # DAGs    # Errors  Last Runtime    Last Run               Last # of DB Queries
-----------------------------------------  -----  ---------  --------  ----------  --------------  -------------------  ----------------------
/opt/airflow/dags/AMBER_Daily_Scraping.py                           0           1  0.21s           2025-11-13T07:24:05                       5
================================================================================
[2025-11-13T07:24:35.869+0000] {manager.py:997} INFO - 
================================================================================
DAG File Processing Stats

File Path                                  PID    Runtime      # DAGs    # Errors  Last Runtime    Last Run               Last # of DB Queries
-----------------------------------------  -----  ---------  --------  ----------  --------------  -------------------  ----------------------
/opt/airflow/dags/AMBER_Daily_Scraping.py                           0           1  0.21s           2025-11-13T07:24:35                       5
================================================================================
[2025-11-13T07:25:06.277+0000] {manager.py:997} INFO - 
================================================================================
DAG File Processing Stats

File Path                                  PID    Runtime      # DAGs    # Errors  Last Runtime    Last Run               Last # of DB Queries
-----------------------------------------  -----  ---------  --------  ----------  --------------  -------------------  ----------------------
/opt/airflow/dags/AMBER_Daily_Scraping.py                           0           1  0.21s           2025-11-13T07:25:06                       5
================================================================================
[2025-11-13T07:25:36.633+0000] {manager.py:997} INFO - 
================================================================================
DAG File Processing Stats

File Path                                  PID    Runtime      # DAGs    # Errors  Last Runtime    Last Run               Last # of DB Queries
-----------------------------------------  -----  ---------  --------  ----------  --------------  -------------------  ----------------------
/opt/airflow/dags/AMBER_Daily_Scraping.py                           0           1  0.21s           2025-11-13T07:25:36                       5
================================================================================
[2025-11-13T07:25:41.384+0000] {manager.py:821} INFO - Searching for files in /opt/airflow/dags
[2025-11-13T07:25:42.493+0000] {manager.py:824} INFO - There are 1 files in /opt/airflow/dags
[2025-11-13T07:26:07.003+0000] {manager.py:997} INFO - 
================================================================================
DAG File Processing Stats

File Path                                  PID    Runtime      # DAGs    # Errors  Last Runtime    Last Run               Last # of DB Queries
-----------------------------------------  -----  ---------  --------  ----------  --------------  -------------------  ----------------------
/opt/airflow/dags/AMBER_Daily_Scraping.py                           0           1  0.21s           2025-11-13T07:26:07                       5
================================================================================
[2025-11-13T07:26:37.363+0000] {manager.py:997} INFO - 
================================================================================
DAG File Processing Stats

File Path                                  PID    Runtime      # DAGs    # Errors  Last Runtime    Last Run               Last # of DB Queries
-----------------------------------------  -----  ---------  --------  ----------  --------------  -------------------  ----------------------
/opt/airflow/dags/AMBER_Daily_Scraping.py                           0           1  0.21s           2025-11-13T07:26:37                       5
================================================================================
[2025-11-13T07:27:07.704+0000] {manager.py:997} INFO - 
================================================================================
DAG File Processing Stats

File Path                                  PID    Runtime      # DAGs    # Errors  Last Runtime    Last Run               Last # of DB Queries
-----------------------------------------  -----  ---------  --------  ----------  --------------  -------------------  ----------------------
/opt/airflow/dags/AMBER_Daily_Scraping.py                           0           1  0.20s           2025-11-13T07:27:07                       5
================================================================================
[2025-11-13T07:27:38.053+0000] {manager.py:997} INFO - 
================================================================================
DAG File Processing Stats

File Path                                  PID    Runtime      # DAGs    # Errors  Last Runtime    Last Run               Last # of DB Queries
-----------------------------------------  -----  ---------  --------  ----------  --------------  -------------------  ----------------------
/opt/airflow/dags/AMBER_Daily_Scraping.py                           0           1  0.21s           2025-11-13T07:27:38                       5
================================================================================
[2025-11-13T07:28:08.387+0000] {manager.py:997} INFO - 
================================================================================
DAG File Processing Stats

File Path                                  PID    Runtime      # DAGs    # Errors  Last Runtime    Last Run               Last # of DB Queries
-----------------------------------------  -----  ---------  --------  ----------  --------------  -------------------  ----------------------
/opt/airflow/dags/AMBER_Daily_Scraping.py                           0           1  0.21s           2025-11-13T07:28:08                       5
================================================================================
[2025-11-13T07:28:38.743+0000] {manager.py:997} INFO - 
================================================================================
DAG File Processing Stats

File Path                                  PID    Runtime      # DAGs    # Errors  Last Runtime    Last Run               Last # of DB Queries
-----------------------------------------  -----  ---------  --------  ----------  --------------  -------------------  ----------------------
/opt/airflow/dags/AMBER_Daily_Scraping.py                           0           1  0.20s           2025-11-13T07:28:38                       5
================================================================================
[2025-11-13T07:29:09.059+0000] {manager.py:997} INFO - 
================================================================================
DAG File Processing Stats

File Path                                  PID    Runtime      # DAGs    # Errors  Last Runtime    Last Run               Last # of DB Queries
-----------------------------------------  -----  ---------  --------  ----------  --------------  -------------------  ----------------------
/opt/airflow/dags/AMBER_Daily_Scraping.py                           0           1  0.21s           2025-11-13T07:29:09                       5
================================================================================
[2025-11-13T07:29:39.398+0000] {manager.py:997} INFO - 
================================================================================
DAG File Processing Stats

File Path                                  PID    Runtime      # DAGs    # Errors  Last Runtime    Last Run               Last # of DB Queries
-----------------------------------------  -----  ---------  --------  ----------  --------------  -------------------  ----------------------
/opt/airflow/dags/AMBER_Daily_Scraping.py                           0           1  0.21s           2025-11-13T07:29:39                       5
================================================================================
[2025-11-13T07:30:09.642+0000] {manager.py:997} INFO - 
================================================================================
DAG File Processing Stats

File Path                                  PID    Runtime      # DAGs    # Errors  Last Runtime    Last Run               Last # of DB Queries
-----------------------------------------  -----  ---------  --------  ----------  --------------  -------------------  ----------------------
/opt/airflow/dags/AMBER_Daily_Scraping.py                           0           1  0.21s           2025-11-13T07:30:09                       5
================================================================================
[2025-11-13T07:30:39.905+0000] {manager.py:997} INFO - 
================================================================================
DAG File Processing Stats

File Path                                  PID    Runtime      # DAGs    # Errors  Last Runtime    Last Run               Last # of DB Queries
-----------------------------------------  -----  ---------  --------  ----------  --------------  -------------------  ----------------------
/opt/airflow/dags/AMBER_Daily_Scraping.py                           0           1  0.21s           2025-11-13T07:30:39                       5
================================================================================
[2025-11-13T07:30:41.862+0000] {manager.py:821} INFO - Searching for files in /opt/airflow/dags
[2025-11-13T07:30:43.231+0000] {manager.py:824} INFO - There are 1 files in /opt/airflow/dags
[2025-11-13T07:31:10.201+0000] {manager.py:997} INFO - 
================================================================================
DAG File Processing Stats

File Path                                  PID    Runtime      # DAGs    # Errors  Last Runtime    Last Run               Last # of DB Queries
-----------------------------------------  -----  ---------  --------  ----------  --------------  -------------------  ----------------------
/opt/airflow/dags/AMBER_Daily_Scraping.py                           0           1  0.21s           2025-11-13T07:31:10                       5
================================================================================
[2025-11-13T07:31:40.495+0000] {manager.py:997} INFO - 
================================================================================
DAG File Processing Stats

File Path                                  PID    Runtime      # DAGs    # Errors  Last Runtime    Last Run               Last # of DB Queries
-----------------------------------------  -----  ---------  --------  ----------  --------------  -------------------  ----------------------
/opt/airflow/dags/AMBER_Daily_Scraping.py                           0           1  0.21s           2025-11-13T07:31:40                       5
================================================================================
[2025-11-13T07:32:10.562+0000] {manager.py:997} INFO - 
================================================================================
DAG File Processing Stats

File Path                                  PID    Runtime      # DAGs    # Errors  Last Runtime    Last Run               Last # of DB Queries
-----------------------------------------  -----  ---------  --------  ----------  --------------  -------------------  ----------------------
/opt/airflow/dags/AMBER_Daily_Scraping.py                           0           1  0.21s           2025-11-13T07:32:09                       5
================================================================================
[2025-11-13T07:32:32.473+0000] {manager.py:465} INFO - Exiting gracefully upon receiving signal 15
[2025-11-13T07:33:55.382+0000] {manager.py:483} INFO - Processing files using up to 1 processes at a time 
[2025-11-13T07:33:55.383+0000] {manager.py:484} INFO - Process each file at most once every 30 seconds
[2025-11-13T07:33:55.384+0000] {manager.py:485} INFO - Checking for new files in /opt/airflow/dags every 300 seconds
[2025-11-13T07:33:55.385+0000] {manager.py:821} INFO - Searching for files in /opt/airflow/dags
[2025-11-13T07:33:56.925+0000] {manager.py:824} INFO - There are 1 files in /opt/airflow/dags
[2025-11-13T07:33:57.210+0000] {manager.py:997} INFO - 
================================================================================
DAG File Processing Stats

File Path                                  PID    Runtime      # DAGs    # Errors  Last Runtime    Last Run               Last # of DB Queries
-----------------------------------------  -----  ---------  --------  ----------  --------------  -------------------  ----------------------
/opt/airflow/dags/AMBER_Daily_Scraping.py                           0           1  0.21s           2025-11-13T07:33:57                       5
================================================================================
[2025-11-13T07:34:27.837+0000] {manager.py:997} INFO - 
================================================================================
DAG File Processing Stats

File Path                                  PID    Runtime      # DAGs    # Errors  Last Runtime    Last Run               Last # of DB Queries
-----------------------------------------  -----  ---------  --------  ----------  --------------  -------------------  ----------------------
/opt/airflow/dags/AMBER_Daily_Scraping.py                           0           1  0.21s           2025-11-13T07:34:27                       5
================================================================================
[2025-11-13T07:34:58.338+0000] {manager.py:997} INFO - 
================================================================================
DAG File Processing Stats

File Path                                  PID    Runtime      # DAGs    # Errors  Last Runtime    Last Run               Last # of DB Queries
-----------------------------------------  -----  ---------  --------  ----------  --------------  -------------------  ----------------------
/opt/airflow/dags/AMBER_Daily_Scraping.py                           0           1  0.31s           2025-11-13T07:34:58                       5
================================================================================
[2025-11-13T07:35:28.790+0000] {manager.py:997} INFO - 
================================================================================
DAG File Processing Stats

File Path                                  PID    Runtime      # DAGs    # Errors  Last Runtime    Last Run               Last # of DB Queries
-----------------------------------------  -----  ---------  --------  ----------  --------------  -------------------  ----------------------
/opt/airflow/dags/AMBER_Daily_Scraping.py                           0           1  0.31s           2025-11-13T07:35:28                       5
================================================================================
[2025-11-13T07:35:59.128+0000] {manager.py:997} INFO - 
================================================================================
DAG File Processing Stats

File Path                                  PID    Runtime      # DAGs    # Errors  Last Runtime    Last Run               Last # of DB Queries
-----------------------------------------  -----  ---------  --------  ----------  --------------  -------------------  ----------------------
/opt/airflow/dags/AMBER_Daily_Scraping.py                           0           1  0.21s           2025-11-13T07:35:59                       5
================================================================================
[2025-11-13T07:36:29.553+0000] {manager.py:997} INFO - 
================================================================================
DAG File Processing Stats

File Path                                  PID    Runtime      # DAGs    # Errors  Last Runtime    Last Run               Last # of DB Queries
-----------------------------------------  -----  ---------  --------  ----------  --------------  -------------------  ----------------------
/opt/airflow/dags/AMBER_Daily_Scraping.py                           0           1  0.21s           2025-11-13T07:36:29                       5
================================================================================
[2025-11-13T07:36:59.997+0000] {manager.py:997} INFO - 
================================================================================
DAG File Processing Stats

File Path                                  PID    Runtime      # DAGs    # Errors  Last Runtime    Last Run               Last # of DB Queries
-----------------------------------------  -----  ---------  --------  ----------  --------------  -------------------  ----------------------
/opt/airflow/dags/AMBER_Daily_Scraping.py                           0           1  0.22s           2025-11-13T07:36:59                       5
================================================================================
[2025-11-13T07:37:30.448+0000] {manager.py:997} INFO - 
================================================================================
DAG File Processing Stats

File Path                                  PID    Runtime      # DAGs    # Errors  Last Runtime    Last Run               Last # of DB Queries
-----------------------------------------  -----  ---------  --------  ----------  --------------  -------------------  ----------------------
/opt/airflow/dags/AMBER_Daily_Scraping.py                           0           1  0.21s           2025-11-13T07:37:30                       5
================================================================================
[2025-11-13T07:38:00.821+0000] {manager.py:997} INFO - 
================================================================================
DAG File Processing Stats

File Path                                  PID    Runtime      # DAGs    # Errors  Last Runtime    Last Run               Last # of DB Queries
-----------------------------------------  -----  ---------  --------  ----------  --------------  -------------------  ----------------------
/opt/airflow/dags/AMBER_Daily_Scraping.py                           0           1  0.21s           2025-11-13T07:38:00                       5
================================================================================
[2025-11-13T07:38:31.293+0000] {manager.py:997} INFO - 
================================================================================
DAG File Processing Stats

File Path                                  PID    Runtime      # DAGs    # Errors  Last Runtime    Last Run               Last # of DB Queries
-----------------------------------------  -----  ---------  --------  ----------  --------------  -------------------  ----------------------
/opt/airflow/dags/AMBER_Daily_Scraping.py                           0           1  0.21s           2025-11-13T07:38:31                       5
================================================================================
[2025-11-13T07:38:55.482+0000] {manager.py:821} INFO - Searching for files in /opt/airflow/dags
[2025-11-13T07:38:57.667+0000] {manager.py:824} INFO - There are 1 files in /opt/airflow/dags
[2025-11-13T07:39:01.770+0000] {manager.py:997} INFO - 
================================================================================
DAG File Processing Stats

File Path                                  PID    Runtime      # DAGs    # Errors  Last Runtime    Last Run               Last # of DB Queries
-----------------------------------------  -----  ---------  --------  ----------  --------------  -------------------  ----------------------
/opt/airflow/dags/AMBER_Daily_Scraping.py                           0           1  0.21s           2025-11-13T07:39:01                       5
================================================================================
[2025-11-13T07:39:32.167+0000] {manager.py:997} INFO - 
================================================================================
DAG File Processing Stats

File Path                                  PID    Runtime      # DAGs    # Errors  Last Runtime    Last Run               Last # of DB Queries
-----------------------------------------  -----  ---------  --------  ----------  --------------  -------------------  ----------------------
/opt/airflow/dags/AMBER_Daily_Scraping.py                           0           1  0.20s           2025-11-13T07:39:32                       5
================================================================================
[2025-11-13T07:40:02.685+0000] {manager.py:997} INFO - 
================================================================================
DAG File Processing Stats

File Path                                  PID    Runtime      # DAGs    # Errors  Last Runtime    Last Run               Last # of DB Queries
-----------------------------------------  -----  ---------  --------  ----------  --------------  -------------------  ----------------------
/opt/airflow/dags/AMBER_Daily_Scraping.py                           0           1  0.22s           2025-11-13T07:40:02                       5
================================================================================
[2025-11-13T07:40:33.095+0000] {manager.py:997} INFO - 
================================================================================
DAG File Processing Stats

File Path                                  PID    Runtime      # DAGs    # Errors  Last Runtime    Last Run               Last # of DB Queries
-----------------------------------------  -----  ---------  --------  ----------  --------------  -------------------  ----------------------
/opt/airflow/dags/AMBER_Daily_Scraping.py                           0           1  0.21s           2025-11-13T07:40:33                       5
================================================================================
[2025-11-13T07:41:03.511+0000] {manager.py:997} INFO - 
================================================================================
DAG File Processing Stats

File Path                                  PID    Runtime      # DAGs    # Errors  Last Runtime    Last Run               Last # of DB Queries
-----------------------------------------  -----  ---------  --------  ----------  --------------  -------------------  ----------------------
/opt/airflow/dags/AMBER_Daily_Scraping.py                           0           1  0.22s           2025-11-13T07:41:03                       5
================================================================================
[2025-11-13T07:41:33.858+0000] {manager.py:997} INFO - 
================================================================================
DAG File Processing Stats

File Path                                  PID    Runtime      # DAGs    # Errors  Last Runtime    Last Run               Last # of DB Queries
-----------------------------------------  -----  ---------  --------  ----------  --------------  -------------------  ----------------------
/opt/airflow/dags/AMBER_Daily_Scraping.py                           0           1  0.21s           2025-11-13T07:41:33                       5
================================================================================
[2025-11-13T07:42:04.326+0000] {manager.py:997} INFO - 
================================================================================
DAG File Processing Stats

File Path                                  PID    Runtime      # DAGs    # Errors  Last Runtime    Last Run               Last # of DB Queries
-----------------------------------------  -----  ---------  --------  ----------  --------------  -------------------  ----------------------
/opt/airflow/dags/AMBER_Daily_Scraping.py                           0           1  0.21s           2025-11-13T07:42:04                       5
================================================================================
[2025-11-13T07:42:34.759+0000] {manager.py:997} INFO - 
================================================================================
DAG File Processing Stats

File Path                                  PID    Runtime      # DAGs    # Errors  Last Runtime    Last Run               Last # of DB Queries
-----------------------------------------  -----  ---------  --------  ----------  --------------  -------------------  ----------------------
/opt/airflow/dags/AMBER_Daily_Scraping.py                           0           1  0.21s           2025-11-13T07:42:34                       5
================================================================================
[2025-11-13T07:43:05.167+0000] {manager.py:997} INFO - 
================================================================================
DAG File Processing Stats

File Path                                  PID    Runtime      # DAGs    # Errors  Last Runtime    Last Run               Last # of DB Queries
-----------------------------------------  -----  ---------  --------  ----------  --------------  -------------------  ----------------------
/opt/airflow/dags/AMBER_Daily_Scraping.py                           0           1  0.21s           2025-11-13T07:43:05                       5
================================================================================
[2025-11-13T07:43:35.637+0000] {manager.py:997} INFO - 
================================================================================
DAG File Processing Stats

File Path                                  PID    Runtime      # DAGs    # Errors  Last Runtime    Last Run               Last # of DB Queries
-----------------------------------------  -----  ---------  --------  ----------  --------------  -------------------  ----------------------
/opt/airflow/dags/AMBER_Daily_Scraping.py                           0           1  0.22s           2025-11-13T07:43:35                       5
================================================================================
[2025-11-13T07:43:56.491+0000] {manager.py:821} INFO - Searching for files in /opt/airflow/dags
[2025-11-13T07:43:57.717+0000] {manager.py:824} INFO - There are 1 files in /opt/airflow/dags
[2025-11-13T07:44:05.685+0000] {manager.py:997} INFO - 
================================================================================
DAG File Processing Stats

File Path                                  PID    Runtime      # DAGs    # Errors  Last Runtime    Last Run               Last # of DB Queries
-----------------------------------------  -----  ---------  --------  ----------  --------------  -------------------  ----------------------
/opt/airflow/dags/AMBER_Daily_Scraping.py                           1           0  0.91s           2025-11-13T07:43:49                      34
================================================================================
[2025-11-13T07:44:36.152+0000] {manager.py:997} INFO - 
================================================================================
DAG File Processing Stats

File Path                                  PID    Runtime      # DAGs    # Errors  Last Runtime    Last Run               Last # of DB Queries
-----------------------------------------  -----  ---------  --------  ----------  --------------  -------------------  ----------------------
/opt/airflow/dags/AMBER_Daily_Scraping.py                           1           0  0.31s           2025-11-13T07:44:19                      12
================================================================================
[2025-11-13T07:45:06.715+0000] {manager.py:997} INFO - 
================================================================================
DAG File Processing Stats

File Path                                  PID    Runtime      # DAGs    # Errors  Last Runtime    Last Run               Last # of DB Queries
-----------------------------------------  -----  ---------  --------  ----------  --------------  -------------------  ----------------------
/opt/airflow/dags/AMBER_Daily_Scraping.py                           1           0  0.31s           2025-11-13T07:44:50                      12
================================================================================
[2025-11-13T07:45:37.375+0000] {manager.py:997} INFO - 
================================================================================
DAG File Processing Stats

File Path                                  PID    Runtime      # DAGs    # Errors  Last Runtime    Last Run               Last # of DB Queries
-----------------------------------------  -----  ---------  --------  ----------  --------------  -------------------  ----------------------
/opt/airflow/dags/AMBER_Daily_Scraping.py                           1           0  0.31s           2025-11-13T07:45:21                      12
================================================================================
[2025-11-13T07:46:02.987+0000] {manager.py:465} INFO - Exiting gracefully upon receiving signal 15
[2025-11-13T07:47:05.894+0000] {manager.py:483} INFO - Processing files using up to 1 processes at a time 
[2025-11-13T07:47:05.895+0000] {manager.py:484} INFO - Process each file at most once every 30 seconds
[2025-11-13T07:47:05.896+0000] {manager.py:485} INFO - Checking for new files in /opt/airflow/dags every 300 seconds
[2025-11-13T07:47:05.897+0000] {manager.py:821} INFO - Searching for files in /opt/airflow/dags
[2025-11-13T07:47:07.811+0000] {manager.py:824} INFO - There are 1 files in /opt/airflow/dags
[2025-11-13T07:47:08.343+0000] {manager.py:997} INFO - 
================================================================================
DAG File Processing Stats

File Path                                  PID    Runtime      # DAGs    # Errors  Last Runtime    Last Run               Last # of DB Queries
-----------------------------------------  -----  ---------  --------  ----------  --------------  -------------------  ----------------------
/opt/airflow/dags/AMBER_Daily_Scraping.py                           1           0  0.41s           2025-11-13T07:47:08                      12
================================================================================
[2025-11-13T07:47:39.607+0000] {manager.py:997} INFO - 
================================================================================
DAG File Processing Stats

File Path                                  PID    Runtime      # DAGs    # Errors  Last Runtime    Last Run               Last # of DB Queries
-----------------------------------------  -----  ---------  --------  ----------  --------------  -------------------  ----------------------
/opt/airflow/dags/AMBER_Daily_Scraping.py                           1           0  0.30s           2025-11-13T07:47:39                      12
================================================================================
[2025-11-13T07:48:10.047+0000] {manager.py:997} INFO - 
================================================================================
DAG File Processing Stats

File Path                                  PID    Runtime      # DAGs    # Errors  Last Runtime    Last Run               Last # of DB Queries
-----------------------------------------  -----  ---------  --------  ----------  --------------  -------------------  ----------------------
/opt/airflow/dags/AMBER_Daily_Scraping.py                           1           0  0.31s           2025-11-13T07:48:10                      12
================================================================================
[2025-11-13T07:48:40.495+0000] {manager.py:997} INFO - 
================================================================================
DAG File Processing Stats

File Path                                  PID    Runtime      # DAGs    # Errors  Last Runtime    Last Run               Last # of DB Queries
-----------------------------------------  -----  ---------  --------  ----------  --------------  -------------------  ----------------------
/opt/airflow/dags/AMBER_Daily_Scraping.py                           1           0  0.31s           2025-11-13T07:48:40                      12
================================================================================
[2025-11-13T07:49:10.931+0000] {manager.py:997} INFO - 
================================================================================
DAG File Processing Stats

File Path                                  PID    Runtime      # DAGs    # Errors  Last Runtime    Last Run               Last # of DB Queries
-----------------------------------------  -----  ---------  --------  ----------  --------------  -------------------  ----------------------
/opt/airflow/dags/AMBER_Daily_Scraping.py                           1           0  0.31s           2025-11-13T07:49:10                      12
================================================================================
[2025-11-13T07:49:41.451+0000] {manager.py:997} INFO - 
================================================================================
DAG File Processing Stats

File Path                                  PID    Runtime      # DAGs    # Errors  Last Runtime    Last Run               Last # of DB Queries
-----------------------------------------  -----  ---------  --------  ----------  --------------  -------------------  ----------------------
/opt/airflow/dags/AMBER_Daily_Scraping.py                           1           0  0.32s           2025-11-13T07:49:41                      12
================================================================================
[2025-11-13T07:50:12.896+0000] {manager.py:997} INFO - 
================================================================================
DAG File Processing Stats

File Path                                  PID    Runtime      # DAGs    # Errors  Last Runtime    Last Run               Last # of DB Queries
-----------------------------------------  -----  ---------  --------  ----------  --------------  -------------------  ----------------------
/opt/airflow/dags/AMBER_Daily_Scraping.py                           1           0  0.31s           2025-11-13T07:50:12                      12
================================================================================
[2025-11-13T07:50:43.366+0000] {manager.py:997} INFO - 
================================================================================
DAG File Processing Stats

File Path                                  PID    Runtime      # DAGs    # Errors  Last Runtime    Last Run               Last # of DB Queries
-----------------------------------------  -----  ---------  --------  ----------  --------------  -------------------  ----------------------
/opt/airflow/dags/AMBER_Daily_Scraping.py                           1           0  0.32s           2025-11-13T07:50:43                      12
================================================================================
[2025-11-13T07:51:14.453+0000] {manager.py:997} INFO - 
================================================================================
DAG File Processing Stats

File Path                                  PID    Runtime      # DAGs    # Errors  Last Runtime    Last Run               Last # of DB Queries
-----------------------------------------  -----  ---------  --------  ----------  --------------  -------------------  ----------------------
/opt/airflow/dags/AMBER_Daily_Scraping.py                           1           0  0.31s           2025-11-13T07:51:14                      12
================================================================================
[2025-11-13T07:51:45.528+0000] {manager.py:997} INFO - 
================================================================================
DAG File Processing Stats

File Path                                  PID    Runtime      # DAGs    # Errors  Last Runtime    Last Run               Last # of DB Queries
-----------------------------------------  -----  ---------  --------  ----------  --------------  -------------------  ----------------------
/opt/airflow/dags/AMBER_Daily_Scraping.py                           1           0  0.31s           2025-11-13T07:51:45                      12
================================================================================
[2025-11-13T07:52:05.941+0000] {manager.py:821} INFO - Searching for files in /opt/airflow/dags
[2025-11-13T07:52:08.173+0000] {manager.py:824} INFO - There are 1 files in /opt/airflow/dags
[2025-11-13T07:52:16.060+0000] {manager.py:997} INFO - 
================================================================================
DAG File Processing Stats

File Path                                  PID    Runtime      # DAGs    # Errors  Last Runtime    Last Run               Last # of DB Queries
-----------------------------------------  -----  ---------  --------  ----------  --------------  -------------------  ----------------------
/opt/airflow/dags/AMBER_Daily_Scraping.py                           1           0  0.31s           2025-11-13T07:52:16                      12
================================================================================
[2025-11-13T07:52:47.434+0000] {manager.py:997} INFO - 
================================================================================
DAG File Processing Stats

File Path                                  PID    Runtime      # DAGs    # Errors  Last Runtime    Last Run               Last # of DB Queries
-----------------------------------------  -----  ---------  --------  ----------  --------------  -------------------  ----------------------
/opt/airflow/dags/AMBER_Daily_Scraping.py                           1           0  0.31s           2025-11-13T07:52:47                      12
================================================================================
[2025-11-13T07:53:18.152+0000] {manager.py:997} INFO - 
================================================================================
DAG File Processing Stats

File Path                                  PID    Runtime      # DAGs    # Errors  Last Runtime    Last Run               Last # of DB Queries
-----------------------------------------  -----  ---------  --------  ----------  --------------  -------------------  ----------------------
/opt/airflow/dags/AMBER_Daily_Scraping.py                           1           0  0.41s           2025-11-13T07:53:18                      12
================================================================================
[2025-11-13T07:53:48.811+0000] {manager.py:997} INFO - 
================================================================================
DAG File Processing Stats

File Path                                  PID    Runtime      # DAGs    # Errors  Last Runtime    Last Run               Last # of DB Queries
-----------------------------------------  -----  ---------  --------  ----------  --------------  -------------------  ----------------------
/opt/airflow/dags/AMBER_Daily_Scraping.py                           1           0  0.31s           2025-11-13T07:53:48                      12
================================================================================
[2025-11-13T07:54:19.380+0000] {manager.py:997} INFO - 
================================================================================
DAG File Processing Stats

File Path                                  PID    Runtime      # DAGs    # Errors  Last Runtime    Last Run               Last # of DB Queries
-----------------------------------------  -----  ---------  --------  ----------  --------------  -------------------  ----------------------
/opt/airflow/dags/AMBER_Daily_Scraping.py                           1           0  0.31s           2025-11-13T07:54:19                      12
================================================================================
[2025-11-13T07:54:49.980+0000] {manager.py:997} INFO - 
================================================================================
DAG File Processing Stats

File Path                                  PID    Runtime      # DAGs    # Errors  Last Runtime    Last Run               Last # of DB Queries
-----------------------------------------  -----  ---------  --------  ----------  --------------  -------------------  ----------------------
/opt/airflow/dags/AMBER_Daily_Scraping.py                           1           0  0.31s           2025-11-13T07:54:49                      12
================================================================================
[2025-11-13T07:55:20.646+0000] {manager.py:997} INFO - 
================================================================================
DAG File Processing Stats

File Path                                  PID    Runtime      # DAGs    # Errors  Last Runtime    Last Run               Last # of DB Queries
-----------------------------------------  -----  ---------  --------  ----------  --------------  -------------------  ----------------------
/opt/airflow/dags/AMBER_Daily_Scraping.py                           1           0  0.31s           2025-11-13T07:55:20                      12
================================================================================
[2025-11-13T07:55:51.226+0000] {manager.py:997} INFO - 
================================================================================
DAG File Processing Stats

File Path                                  PID    Runtime      # DAGs    # Errors  Last Runtime    Last Run               Last # of DB Queries
-----------------------------------------  -----  ---------  --------  ----------  --------------  -------------------  ----------------------
/opt/airflow/dags/AMBER_Daily_Scraping.py                           1           0  0.31s           2025-11-13T07:55:51                      12
================================================================================
[2025-11-13T07:56:21.705+0000] {manager.py:997} INFO - 
================================================================================
DAG File Processing Stats

File Path                                  PID    Runtime      # DAGs    # Errors  Last Runtime    Last Run               Last # of DB Queries
-----------------------------------------  -----  ---------  --------  ----------  --------------  -------------------  ----------------------
/opt/airflow/dags/AMBER_Daily_Scraping.py                           1           0  0.21s           2025-11-13T07:56:21                      12
================================================================================
[2025-11-13T07:56:52.062+0000] {manager.py:997} INFO - 
================================================================================
DAG File Processing Stats

File Path                                  PID    Runtime      # DAGs    # Errors  Last Runtime    Last Run               Last # of DB Queries
-----------------------------------------  -----  ---------  --------  ----------  --------------  -------------------  ----------------------
/opt/airflow/dags/AMBER_Daily_Scraping.py                           1           0  0.61s           2025-11-13T07:56:32                      32
================================================================================
[2025-11-13T07:57:06.122+0000] {manager.py:821} INFO - Searching for files in /opt/airflow/dags
[2025-11-13T07:57:08.336+0000] {manager.py:824} INFO - There are 1 files in /opt/airflow/dags
[2025-11-13T07:57:22.729+0000] {manager.py:997} INFO - 
================================================================================
DAG File Processing Stats

File Path                                  PID    Runtime      # DAGs    # Errors  Last Runtime    Last Run               Last # of DB Queries
-----------------------------------------  -----  ---------  --------  ----------  --------------  -------------------  ----------------------
/opt/airflow/dags/AMBER_Daily_Scraping.py                           1           0  0.31s           2025-11-13T07:56:55                       9
================================================================================
[2025-11-13T07:57:53.435+0000] {manager.py:997} INFO - 
================================================================================
DAG File Processing Stats

File Path                                  PID    Runtime      # DAGs    # Errors  Last Runtime    Last Run               Last # of DB Queries
-----------------------------------------  -----  ---------  --------  ----------  --------------  -------------------  ----------------------
/opt/airflow/dags/AMBER_Daily_Scraping.py                           1           0  0.31s           2025-11-13T07:57:25                      10
================================================================================
[2025-11-13T07:58:24.113+0000] {manager.py:997} INFO - 
================================================================================
DAG File Processing Stats

File Path                                  PID    Runtime      # DAGs    # Errors  Last Runtime    Last Run               Last # of DB Queries
-----------------------------------------  -----  ---------  --------  ----------  --------------  -------------------  ----------------------
/opt/airflow/dags/AMBER_Daily_Scraping.py                           1           0  0.31s           2025-11-13T07:57:56                      10
================================================================================
[2025-11-13T07:58:54.751+0000] {manager.py:997} INFO - 
================================================================================
DAG File Processing Stats

File Path                                  PID    Runtime      # DAGs    # Errors  Last Runtime    Last Run               Last # of DB Queries
-----------------------------------------  -----  ---------  --------  ----------  --------------  -------------------  ----------------------
/opt/airflow/dags/AMBER_Daily_Scraping.py                           1           0  0.31s           2025-11-13T07:58:26                      10
================================================================================
[2025-11-13T07:59:25.410+0000] {manager.py:997} INFO - 
================================================================================
DAG File Processing Stats

File Path                                  PID    Runtime      # DAGs    # Errors  Last Runtime    Last Run               Last # of DB Queries
-----------------------------------------  -----  ---------  --------  ----------  --------------  -------------------  ----------------------
/opt/airflow/dags/AMBER_Daily_Scraping.py                           1           0  0.31s           2025-11-13T07:58:57                      10
================================================================================
[2025-11-13T07:59:56.340+0000] {manager.py:997} INFO - 
================================================================================
DAG File Processing Stats

File Path                                  PID    Runtime      # DAGs    # Errors  Last Runtime    Last Run               Last # of DB Queries
-----------------------------------------  -----  ---------  --------  ----------  --------------  -------------------  ----------------------
/opt/airflow/dags/AMBER_Daily_Scraping.py                           1           0  0.31s           2025-11-13T07:59:27                      10
================================================================================
[2025-11-13T08:00:26.984+0000] {manager.py:997} INFO - 
================================================================================
DAG File Processing Stats

File Path                                  PID    Runtime      # DAGs    # Errors  Last Runtime    Last Run               Last # of DB Queries
-----------------------------------------  -----  ---------  --------  ----------  --------------  -------------------  ----------------------
/opt/airflow/dags/AMBER_Daily_Scraping.py                           1           0  0.31s           2025-11-13T07:59:58                      10
================================================================================
[2025-11-13T08:00:57.684+0000] {manager.py:997} INFO - 
================================================================================
DAG File Processing Stats

File Path                                  PID    Runtime      # DAGs    # Errors  Last Runtime    Last Run               Last # of DB Queries
-----------------------------------------  -----  ---------  --------  ----------  --------------  -------------------  ----------------------
/opt/airflow/dags/AMBER_Daily_Scraping.py                           1           0  0.31s           2025-11-13T08:00:28                      10
================================================================================
[2025-11-13T08:01:28.330+0000] {manager.py:997} INFO - 
================================================================================
DAG File Processing Stats

File Path                                  PID    Runtime      # DAGs    # Errors  Last Runtime    Last Run               Last # of DB Queries
-----------------------------------------  -----  ---------  --------  ----------  --------------  -------------------  ----------------------
/opt/airflow/dags/AMBER_Daily_Scraping.py                           1           0  0.31s           2025-11-13T08:00:59                      10
================================================================================
[2025-11-13T08:01:58.877+0000] {manager.py:997} INFO - 
================================================================================
DAG File Processing Stats

File Path                                  PID    Runtime      # DAGs    # Errors  Last Runtime    Last Run               Last # of DB Queries
-----------------------------------------  -----  ---------  --------  ----------  --------------  -------------------  ----------------------
/opt/airflow/dags/AMBER_Daily_Scraping.py                           1           0  0.31s           2025-11-13T08:01:29                      10
================================================================================
[2025-11-13T08:02:07.037+0000] {manager.py:821} INFO - Searching for files in /opt/airflow/dags
[2025-11-13T08:02:08.878+0000] {manager.py:824} INFO - There are 1 files in /opt/airflow/dags
[2025-11-13T08:02:29.462+0000] {manager.py:997} INFO - 
================================================================================
DAG File Processing Stats

File Path                                  PID    Runtime      # DAGs    # Errors  Last Runtime    Last Run               Last # of DB Queries
-----------------------------------------  -----  ---------  --------  ----------  --------------  -------------------  ----------------------
/opt/airflow/dags/AMBER_Daily_Scraping.py                           1           0  0.31s           2025-11-13T08:02:00                      10
================================================================================
[2025-11-13T08:02:59.932+0000] {manager.py:997} INFO - 
================================================================================
DAG File Processing Stats

File Path                                  PID    Runtime      # DAGs    # Errors  Last Runtime    Last Run               Last # of DB Queries
-----------------------------------------  -----  ---------  --------  ----------  --------------  -------------------  ----------------------
/opt/airflow/dags/AMBER_Daily_Scraping.py                           1           0  0.21s           2025-11-13T08:02:30                      10
================================================================================
[2025-11-13T08:03:30.478+0000] {manager.py:997} INFO - 
================================================================================
DAG File Processing Stats

File Path                                  PID    Runtime      # DAGs    # Errors  Last Runtime    Last Run               Last # of DB Queries
-----------------------------------------  -----  ---------  --------  ----------  --------------  -------------------  ----------------------
/opt/airflow/dags/AMBER_Daily_Scraping.py                           1           0  0.32s           2025-11-13T08:03:00                      10
================================================================================
[2025-11-13T08:04:01.013+0000] {manager.py:997} INFO - 
================================================================================
DAG File Processing Stats

File Path                                  PID    Runtime      # DAGs    # Errors  Last Runtime    Last Run               Last # of DB Queries
-----------------------------------------  -----  ---------  --------  ----------  --------------  -------------------  ----------------------
/opt/airflow/dags/AMBER_Daily_Scraping.py                           1           0  0.32s           2025-11-13T08:03:31                      10
================================================================================
[2025-11-13T08:04:31.676+0000] {manager.py:997} INFO - 
================================================================================
DAG File Processing Stats

File Path                                  PID    Runtime      # DAGs    # Errors  Last Runtime    Last Run               Last # of DB Queries
-----------------------------------------  -----  ---------  --------  ----------  --------------  -------------------  ----------------------
/opt/airflow/dags/AMBER_Daily_Scraping.py                           1           0  0.32s           2025-11-13T08:04:01                      10
================================================================================
[2025-11-13T08:05:02.301+0000] {manager.py:997} INFO - 
================================================================================
DAG File Processing Stats

File Path                                  PID    Runtime      # DAGs    # Errors  Last Runtime    Last Run               Last # of DB Queries
-----------------------------------------  -----  ---------  --------  ----------  --------------  -------------------  ----------------------
/opt/airflow/dags/AMBER_Daily_Scraping.py                           1           0  0.21s           2025-11-13T08:04:32                      10
================================================================================
[2025-11-13T08:05:32.564+0000] {manager.py:997} INFO - 
================================================================================
DAG File Processing Stats

File Path                                  PID    Runtime      # DAGs    # Errors  Last Runtime    Last Run               Last # of DB Queries
-----------------------------------------  -----  ---------  --------  ----------  --------------  -------------------  ----------------------
/opt/airflow/dags/AMBER_Daily_Scraping.py                           1           0  0.31s           2025-11-13T08:05:02                      10
================================================================================
[2025-11-13T08:06:03.089+0000] {manager.py:997} INFO - 
================================================================================
DAG File Processing Stats

File Path                                  PID    Runtime      # DAGs    # Errors  Last Runtime    Last Run               Last # of DB Queries
-----------------------------------------  -----  ---------  --------  ----------  --------------  -------------------  ----------------------
/opt/airflow/dags/AMBER_Daily_Scraping.py                           1           0  0.32s           2025-11-13T08:05:33                      10
================================================================================
[2025-11-13T08:06:33.524+0000] {manager.py:997} INFO - 
================================================================================
DAG File Processing Stats

File Path                                  PID    Runtime      # DAGs    # Errors  Last Runtime    Last Run               Last # of DB Queries
-----------------------------------------  -----  ---------  --------  ----------  --------------  -------------------  ----------------------
/opt/airflow/dags/AMBER_Daily_Scraping.py                           1           0  0.21s           2025-11-13T08:06:04                      10
================================================================================
[2025-11-13T08:07:03.956+0000] {manager.py:997} INFO - 
================================================================================
DAG File Processing Stats

File Path                                  PID    Runtime      # DAGs    # Errors  Last Runtime    Last Run               Last # of DB Queries
-----------------------------------------  -----  ---------  --------  ----------  --------------  -------------------  ----------------------
/opt/airflow/dags/AMBER_Daily_Scraping.py                           1           0  0.21s           2025-11-13T08:06:34                      10
================================================================================
[2025-11-13T08:07:07.085+0000] {manager.py:821} INFO - Searching for files in /opt/airflow/dags
[2025-11-13T08:07:07.710+0000] {manager.py:824} INFO - There are 1 files in /opt/airflow/dags
[2025-11-13T08:07:34.759+0000] {manager.py:997} INFO - 
================================================================================
DAG File Processing Stats

File Path                                  PID    Runtime      # DAGs    # Errors  Last Runtime    Last Run               Last # of DB Queries
-----------------------------------------  -----  ---------  --------  ----------  --------------  -------------------  ----------------------
/opt/airflow/dags/AMBER_Daily_Scraping.py                           1           0  0.21s           2025-11-13T08:07:04                      10
================================================================================
[2025-11-13T08:08:04.805+0000] {manager.py:997} INFO - 
================================================================================
DAG File Processing Stats

File Path                                  PID    Runtime      # DAGs    # Errors  Last Runtime    Last Run               Last # of DB Queries
-----------------------------------------  -----  ---------  --------  ----------  --------------  -------------------  ----------------------
/opt/airflow/dags/AMBER_Daily_Scraping.py                           1           0  0.21s           2025-11-13T08:07:35                      10
================================================================================
[2025-11-13T08:08:35.177+0000] {manager.py:997} INFO - 
================================================================================
DAG File Processing Stats

File Path                                  PID    Runtime      # DAGs    # Errors  Last Runtime    Last Run               Last # of DB Queries
-----------------------------------------  -----  ---------  --------  ----------  --------------  -------------------  ----------------------
/opt/airflow/dags/AMBER_Daily_Scraping.py                           1           0  0.21s           2025-11-13T08:08:05                      10
================================================================================
[2025-11-13T08:09:05.491+0000] {manager.py:997} INFO - 
================================================================================
DAG File Processing Stats

File Path                                  PID    Runtime      # DAGs    # Errors  Last Runtime    Last Run               Last # of DB Queries
-----------------------------------------  -----  ---------  --------  ----------  --------------  -------------------  ----------------------
/opt/airflow/dags/AMBER_Daily_Scraping.py                           1           0  0.20s           2025-11-13T08:08:35                      10
================================================================================
[2025-11-13T08:09:36.327+0000] {manager.py:997} INFO - 
================================================================================
DAG File Processing Stats

File Path                                  PID    Runtime      # DAGs    # Errors  Last Runtime    Last Run               Last # of DB Queries
-----------------------------------------  -----  ---------  --------  ----------  --------------  -------------------  ----------------------
/opt/airflow/dags/AMBER_Daily_Scraping.py                           1           0  1.51s           2025-11-13T08:09:09                      10
================================================================================
[2025-11-13T08:10:06.872+0000] {manager.py:997} INFO - 
================================================================================
DAG File Processing Stats

File Path                                  PID    Runtime      # DAGs    # Errors  Last Runtime    Last Run               Last # of DB Queries
-----------------------------------------  -----  ---------  --------  ----------  --------------  -------------------  ----------------------
/opt/airflow/dags/AMBER_Daily_Scraping.py                           1           0  0.20s           2025-11-13T08:09:40                      10
================================================================================
[2025-11-13T08:10:37.336+0000] {manager.py:997} INFO - 
================================================================================
DAG File Processing Stats

File Path                                  PID    Runtime      # DAGs    # Errors  Last Runtime    Last Run               Last # of DB Queries
-----------------------------------------  -----  ---------  --------  ----------  --------------  -------------------  ----------------------
/opt/airflow/dags/AMBER_Daily_Scraping.py                           1           0  0.20s           2025-11-13T08:10:11                      10
================================================================================
[2025-11-13T08:11:07.360+0000] {manager.py:997} INFO - 
================================================================================
DAG File Processing Stats

File Path                                  PID    Runtime      # DAGs    # Errors  Last Runtime    Last Run               Last # of DB Queries
-----------------------------------------  -----  ---------  --------  ----------  --------------  -------------------  ----------------------
/opt/airflow/dags/AMBER_Daily_Scraping.py                           1           0  0.31s           2025-11-13T08:10:41                      10
================================================================================
[2025-11-13T08:11:37.399+0000] {manager.py:997} INFO - 
================================================================================
DAG File Processing Stats

File Path                                  PID    Runtime      # DAGs    # Errors  Last Runtime    Last Run               Last # of DB Queries
-----------------------------------------  -----  ---------  --------  ----------  --------------  -------------------  ----------------------
/opt/airflow/dags/AMBER_Daily_Scraping.py                           1           0  0.20s           2025-11-13T08:11:12                      10
================================================================================
[2025-11-13T08:12:07.128+0000] {manager.py:821} INFO - Searching for files in /opt/airflow/dags
[2025-11-13T08:12:07.756+0000] {manager.py:824} INFO - There are 1 files in /opt/airflow/dags
[2025-11-13T08:12:07.770+0000] {manager.py:997} INFO - 
================================================================================
DAG File Processing Stats

File Path                                  PID    Runtime      # DAGs    # Errors  Last Runtime    Last Run               Last # of DB Queries
-----------------------------------------  -----  ---------  --------  ----------  --------------  -------------------  ----------------------
/opt/airflow/dags/AMBER_Daily_Scraping.py                           1           0  0.21s           2025-11-13T08:11:43                      10
================================================================================
[2025-11-13T08:12:37.939+0000] {manager.py:997} INFO - 
================================================================================
DAG File Processing Stats

File Path                                  PID    Runtime      # DAGs    # Errors  Last Runtime    Last Run               Last # of DB Queries
-----------------------------------------  -----  ---------  --------  ----------  --------------  -------------------  ----------------------
/opt/airflow/dags/AMBER_Daily_Scraping.py                           1           0  0.40s           2025-11-13T08:12:13                      10
================================================================================
[2025-11-13T08:28:12.752+0000] {manager.py:483} INFO - Processing files using up to 1 processes at a time 
[2025-11-13T08:28:12.754+0000] {manager.py:484} INFO - Process each file at most once every 30 seconds
[2025-11-13T08:28:12.755+0000] {manager.py:485} INFO - Checking for new files in /opt/airflow/dags every 300 seconds
[2025-11-13T08:28:12.755+0000] {manager.py:821} INFO - Searching for files in /opt/airflow/dags
[2025-11-13T08:28:13.506+0000] {manager.py:824} INFO - There are 1 files in /opt/airflow/dags
[2025-11-13T08:28:13.766+0000] {manager.py:997} INFO - 
================================================================================
DAG File Processing Stats

File Path                                  PID    Runtime      # DAGs    # Errors  Last Runtime    Last Run               Last # of DB Queries
-----------------------------------------  -----  ---------  --------  ----------  --------------  -------------------  ----------------------
/opt/airflow/dags/AMBER_Daily_Scraping.py                           1           0  0.20s           2025-11-13T08:28:13                      10
================================================================================
[2025-11-13T08:32:04.170+0000] {manager.py:465} INFO - Exiting gracefully upon receiving signal 15
[2025-11-14T05:53:46.897+0000] {manager.py:483} INFO - Processing files using up to 1 processes at a time 
[2025-11-14T05:53:46.898+0000] {manager.py:484} INFO - Process each file at most once every 30 seconds
[2025-11-14T05:53:46.899+0000] {manager.py:485} INFO - Checking for new files in /opt/airflow/dags every 300 seconds
[2025-11-14T05:53:46.900+0000] {manager.py:821} INFO - Searching for files in /opt/airflow/dags
[2025-11-14T05:53:48.409+0000] {manager.py:824} INFO - There are 1 files in /opt/airflow/dags
[2025-11-14T05:53:48.820+0000] {manager.py:997} INFO - 
================================================================================
DAG File Processing Stats

File Path                                  PID    Runtime      # DAGs    # Errors  Last Runtime    Last Run               Last # of DB Queries
-----------------------------------------  -----  ---------  --------  ----------  --------------  -------------------  ----------------------
/opt/airflow/dags/AMBER_Daily_Scraping.py                           1           0  0.31s           2025-11-14T05:53:48                      10
================================================================================
[2025-11-14T06:51:40.391+0000] {manager.py:483} INFO - Processing files using up to 1 processes at a time 
[2025-11-14T06:51:40.392+0000] {manager.py:484} INFO - Process each file at most once every 30 seconds
[2025-11-14T06:51:40.393+0000] {manager.py:485} INFO - Checking for new files in /opt/airflow/dags every 300 seconds
[2025-11-14T06:51:40.393+0000] {manager.py:821} INFO - Searching for files in /opt/airflow/dags
[2025-11-14T06:51:41.164+0000] {manager.py:824} INFO - There are 1 files in /opt/airflow/dags
[2025-11-14T06:51:43.026+0000] {manager.py:997} INFO - 
================================================================================
DAG File Processing Stats

File Path                                  PID    Runtime      # DAGs    # Errors  Last Runtime    Last Run               Last # of DB Queries
-----------------------------------------  -----  ---------  --------  ----------  --------------  -------------------  ----------------------
/opt/airflow/dags/AMBER_Daily_Scraping.py                           1           0  0.61s           2025-11-14T06:51:43                      43
================================================================================
[2025-11-14T06:52:14.235+0000] {manager.py:997} INFO - 
================================================================================
DAG File Processing Stats

File Path                                  PID    Runtime      # DAGs    # Errors  Last Runtime    Last Run               Last # of DB Queries
-----------------------------------------  -----  ---------  --------  ----------  --------------  -------------------  ----------------------
/opt/airflow/dags/AMBER_Daily_Scraping.py                           1           0  0.20s           2025-11-14T06:52:14                      10
================================================================================
[2025-11-14T06:52:44.547+0000] {manager.py:997} INFO - 
================================================================================
DAG File Processing Stats

File Path                                  PID    Runtime      # DAGs    # Errors  Last Runtime    Last Run               Last # of DB Queries
-----------------------------------------  -----  ---------  --------  ----------  --------------  -------------------  ----------------------
/opt/airflow/dags/AMBER_Daily_Scraping.py                           1           0  0.20s           2025-11-14T06:52:44                      10
================================================================================
[2025-11-14T06:53:14.810+0000] {manager.py:997} INFO - 
================================================================================
DAG File Processing Stats

File Path                                  PID    Runtime      # DAGs    # Errors  Last Runtime    Last Run               Last # of DB Queries
-----------------------------------------  -----  ---------  --------  ----------  --------------  -------------------  ----------------------
/opt/airflow/dags/AMBER_Daily_Scraping.py                           1           0  0.20s           2025-11-14T06:53:14                      10
================================================================================
[2025-11-14T06:53:45.116+0000] {manager.py:997} INFO - 
================================================================================
DAG File Processing Stats

File Path                                  PID    Runtime      # DAGs    # Errors  Last Runtime    Last Run               Last # of DB Queries
-----------------------------------------  -----  ---------  --------  ----------  --------------  -------------------  ----------------------
/opt/airflow/dags/AMBER_Daily_Scraping.py                           1           0  0.21s           2025-11-14T06:53:45                      10
================================================================================
[2025-11-14T06:54:15.395+0000] {manager.py:997} INFO - 
================================================================================
DAG File Processing Stats

File Path                                  PID    Runtime      # DAGs    # Errors  Last Runtime    Last Run               Last # of DB Queries
-----------------------------------------  -----  ---------  --------  ----------  --------------  -------------------  ----------------------
/opt/airflow/dags/AMBER_Daily_Scraping.py                           1           0  0.20s           2025-11-14T06:54:15                      10
================================================================================
[2025-11-14T06:54:45.684+0000] {manager.py:997} INFO - 
================================================================================
DAG File Processing Stats

File Path                                  PID    Runtime      # DAGs    # Errors  Last Runtime    Last Run               Last # of DB Queries
-----------------------------------------  -----  ---------  --------  ----------  --------------  -------------------  ----------------------
/opt/airflow/dags/AMBER_Daily_Scraping.py                           1           0  0.20s           2025-11-14T06:54:45                      10
================================================================================
[2025-11-14T07:10:41.714+0000] {manager.py:465} INFO - Exiting gracefully upon receiving signal 15
[2025-11-14T07:10:42.007+0000] {manager.py:483} INFO - Processing files using up to 1 processes at a time 
[2025-11-14T07:10:42.007+0000] {manager.py:484} INFO - Process each file at most once every 30 seconds
[2025-11-14T07:10:42.008+0000] {manager.py:485} INFO - Checking for new files in /opt/airflow/dags every 300 seconds
[2025-11-14T07:10:42.009+0000] {manager.py:821} INFO - Searching for files in /opt/airflow/dags
[2025-11-14T07:10:42.680+0000] {manager.py:824} INFO - There are 1 files in /opt/airflow/dags
[2025-11-14T07:10:42.937+0000] {manager.py:997} INFO - 
================================================================================
DAG File Processing Stats

File Path                                  PID    Runtime      # DAGs    # Errors  Last Runtime    Last Run               Last # of DB Queries
-----------------------------------------  -----  ---------  --------  ----------  --------------  -------------------  ----------------------
/opt/airflow/dags/AMBER_Daily_Scraping.py                           1           0  0.21s           2025-11-14T07:10:42                      10
================================================================================
[2025-11-14T07:11:16.539+0000] {manager.py:997} INFO - 
================================================================================
DAG File Processing Stats

File Path                                  PID    Runtime      # DAGs    # Errors  Last Runtime    Last Run               Last # of DB Queries
-----------------------------------------  -----  ---------  --------  ----------  --------------  -------------------  ----------------------
/opt/airflow/dags/AMBER_Daily_Scraping.py                           1           0  0.21s           2025-11-14T07:11:16                      10
================================================================================
[2025-11-14T07:12:32.186+0000] {manager.py:465} INFO - Exiting gracefully upon receiving signal 15
[2025-11-14T07:12:32.432+0000] {manager.py:483} INFO - Processing files using up to 1 processes at a time 
[2025-11-14T07:12:32.433+0000] {manager.py:484} INFO - Process each file at most once every 30 seconds
[2025-11-14T07:12:32.433+0000] {manager.py:485} INFO - Checking for new files in /opt/airflow/dags every 300 seconds
[2025-11-14T07:12:32.434+0000] {manager.py:821} INFO - Searching for files in /opt/airflow/dags
[2025-11-14T07:12:33.118+0000] {manager.py:824} INFO - There are 1 files in /opt/airflow/dags
[2025-11-14T07:12:33.371+0000] {manager.py:997} INFO - 
================================================================================
DAG File Processing Stats

File Path                                  PID    Runtime      # DAGs    # Errors  Last Runtime    Last Run               Last # of DB Queries
-----------------------------------------  -----  ---------  --------  ----------  --------------  -------------------  ----------------------
/opt/airflow/dags/AMBER_Daily_Scraping.py                           1           0  0.21s           2025-11-14T07:12:33                      10
================================================================================
[2025-11-14T07:13:04.060+0000] {manager.py:997} INFO - 
================================================================================
DAG File Processing Stats

File Path                                  PID    Runtime      # DAGs    # Errors  Last Runtime    Last Run               Last # of DB Queries
-----------------------------------------  -----  ---------  --------  ----------  --------------  -------------------  ----------------------
/opt/airflow/dags/AMBER_Daily_Scraping.py                           1           0  0.20s           2025-11-14T07:13:04                      10
================================================================================
[2025-11-14T07:13:34.496+0000] {manager.py:997} INFO - 
================================================================================
DAG File Processing Stats

File Path                                  PID    Runtime      # DAGs    # Errors  Last Runtime    Last Run               Last # of DB Queries
-----------------------------------------  -----  ---------  --------  ----------  --------------  -------------------  ----------------------
/opt/airflow/dags/AMBER_Daily_Scraping.py                           1           0  0.20s           2025-11-14T07:13:34                      10
================================================================================
[2025-11-14T07:14:04.802+0000] {manager.py:997} INFO - 
================================================================================
DAG File Processing Stats

File Path                                  PID    Runtime      # DAGs    # Errors  Last Runtime    Last Run               Last # of DB Queries
-----------------------------------------  -----  ---------  --------  ----------  --------------  -------------------  ----------------------
/opt/airflow/dags/AMBER_Daily_Scraping.py                           1           0  0.11s           2025-11-14T07:14:04                      10
================================================================================
[2025-11-14T07:14:35.261+0000] {manager.py:997} INFO - 
================================================================================
DAG File Processing Stats

File Path                                  PID    Runtime      # DAGs    # Errors  Last Runtime    Last Run               Last # of DB Queries
-----------------------------------------  -----  ---------  --------  ----------  --------------  -------------------  ----------------------
/opt/airflow/dags/AMBER_Daily_Scraping.py                           1           0  0.20s           2025-11-14T07:14:35                      10
================================================================================
[2025-11-14T07:15:05.633+0000] {manager.py:997} INFO - 
================================================================================
DAG File Processing Stats

File Path                                  PID    Runtime      # DAGs    # Errors  Last Runtime    Last Run               Last # of DB Queries
-----------------------------------------  -----  ---------  --------  ----------  --------------  -------------------  ----------------------
/opt/airflow/dags/AMBER_Daily_Scraping.py                           1           0  0.21s           2025-11-14T07:15:05                      10
================================================================================
[2025-11-14T07:15:35.957+0000] {manager.py:997} INFO - 
================================================================================
DAG File Processing Stats

File Path                                  PID    Runtime      # DAGs    # Errors  Last Runtime    Last Run               Last # of DB Queries
-----------------------------------------  -----  ---------  --------  ----------  --------------  -------------------  ----------------------
/opt/airflow/dags/AMBER_Daily_Scraping.py                           1           0  0.11s           2025-11-14T07:15:35                      10
================================================================================
[2025-11-14T07:16:06.488+0000] {manager.py:997} INFO - 
================================================================================
DAG File Processing Stats

File Path                                  PID    Runtime      # DAGs    # Errors  Last Runtime    Last Run               Last # of DB Queries
-----------------------------------------  -----  ---------  --------  ----------  --------------  -------------------  ----------------------
/opt/airflow/dags/AMBER_Daily_Scraping.py                           1           0  0.20s           2025-11-14T07:16:06                      10
================================================================================
[2025-11-14T07:16:36.928+0000] {manager.py:997} INFO - 
================================================================================
DAG File Processing Stats

File Path                                  PID    Runtime      # DAGs    # Errors  Last Runtime    Last Run               Last # of DB Queries
-----------------------------------------  -----  ---------  --------  ----------  --------------  -------------------  ----------------------
/opt/airflow/dags/AMBER_Daily_Scraping.py                           1           0  0.20s           2025-11-14T07:16:36                      10
================================================================================
[2025-11-14T07:17:07.444+0000] {manager.py:997} INFO - 
================================================================================
DAG File Processing Stats

File Path                                  PID    Runtime      # DAGs    # Errors  Last Runtime    Last Run               Last # of DB Queries
-----------------------------------------  -----  ---------  --------  ----------  --------------  -------------------  ----------------------
/opt/airflow/dags/AMBER_Daily_Scraping.py                           1           0  0.31s           2025-11-14T07:17:07                      10
================================================================================
[2025-11-14T07:17:32.462+0000] {manager.py:821} INFO - Searching for files in /opt/airflow/dags
[2025-11-14T07:17:33.255+0000] {manager.py:824} INFO - There are 1 files in /opt/airflow/dags
[2025-11-14T07:17:37.754+0000] {manager.py:997} INFO - 
================================================================================
DAG File Processing Stats

File Path                                  PID    Runtime      # DAGs    # Errors  Last Runtime    Last Run               Last # of DB Queries
-----------------------------------------  -----  ---------  --------  ----------  --------------  -------------------  ----------------------
/opt/airflow/dags/AMBER_Daily_Scraping.py                           1           0  0.21s           2025-11-14T07:17:37                      10
================================================================================
[2025-11-14T07:18:08.173+0000] {manager.py:997} INFO - 
================================================================================
DAG File Processing Stats

File Path                                  PID    Runtime      # DAGs    # Errors  Last Runtime    Last Run               Last # of DB Queries
-----------------------------------------  -----  ---------  --------  ----------  --------------  -------------------  ----------------------
/opt/airflow/dags/AMBER_Daily_Scraping.py                           1           0  0.20s           2025-11-14T07:18:08                      10
================================================================================
[2025-11-14T07:18:38.597+0000] {manager.py:997} INFO - 
================================================================================
DAG File Processing Stats

File Path                                  PID    Runtime      # DAGs    # Errors  Last Runtime    Last Run               Last # of DB Queries
-----------------------------------------  -----  ---------  --------  ----------  --------------  -------------------  ----------------------
/opt/airflow/dags/AMBER_Daily_Scraping.py                           1           0  0.20s           2025-11-14T07:18:38                      10
================================================================================
[2025-11-14T07:19:09.026+0000] {manager.py:997} INFO - 
================================================================================
DAG File Processing Stats

File Path                                  PID    Runtime      # DAGs    # Errors  Last Runtime    Last Run               Last # of DB Queries
-----------------------------------------  -----  ---------  --------  ----------  --------------  -------------------  ----------------------
/opt/airflow/dags/AMBER_Daily_Scraping.py                           1           0  0.20s           2025-11-14T07:19:09                      10
================================================================================
[2025-11-14T07:19:39.451+0000] {manager.py:997} INFO - 
================================================================================
DAG File Processing Stats

File Path                                  PID    Runtime      # DAGs    # Errors  Last Runtime    Last Run               Last # of DB Queries
-----------------------------------------  -----  ---------  --------  ----------  --------------  -------------------  ----------------------
/opt/airflow/dags/AMBER_Daily_Scraping.py                           1           0  0.20s           2025-11-14T07:19:39                      10
================================================================================
[2025-11-14T07:20:09.910+0000] {manager.py:997} INFO - 
================================================================================
DAG File Processing Stats

File Path                                  PID    Runtime      # DAGs    # Errors  Last Runtime    Last Run               Last # of DB Queries
-----------------------------------------  -----  ---------  --------  ----------  --------------  -------------------  ----------------------
/opt/airflow/dags/AMBER_Daily_Scraping.py                           1           0  0.20s           2025-11-14T07:20:09                      10
================================================================================
[2025-11-14T07:20:40.265+0000] {manager.py:997} INFO - 
================================================================================
DAG File Processing Stats

File Path                                  PID    Runtime      # DAGs    # Errors  Last Runtime    Last Run               Last # of DB Queries
-----------------------------------------  -----  ---------  --------  ----------  --------------  -------------------  ----------------------
/opt/airflow/dags/AMBER_Daily_Scraping.py                           1           0  0.20s           2025-11-14T07:20:40                      10
================================================================================
[2025-11-14T07:21:10.698+0000] {manager.py:997} INFO - 
================================================================================
DAG File Processing Stats

File Path                                  PID    Runtime      # DAGs    # Errors  Last Runtime    Last Run               Last # of DB Queries
-----------------------------------------  -----  ---------  --------  ----------  --------------  -------------------  ----------------------
/opt/airflow/dags/AMBER_Daily_Scraping.py                           1           0  0.21s           2025-11-14T07:21:10                      10
================================================================================
[2025-11-14T07:21:41.129+0000] {manager.py:997} INFO - 
================================================================================
DAG File Processing Stats

File Path                                  PID    Runtime      # DAGs    # Errors  Last Runtime    Last Run               Last # of DB Queries
-----------------------------------------  -----  ---------  --------  ----------  --------------  -------------------  ----------------------
/opt/airflow/dags/AMBER_Daily_Scraping.py                           1           0  0.20s           2025-11-14T07:21:41                      10
================================================================================
[2025-11-14T07:22:11.552+0000] {manager.py:997} INFO - 
================================================================================
DAG File Processing Stats

File Path                                  PID    Runtime      # DAGs    # Errors  Last Runtime    Last Run               Last # of DB Queries
-----------------------------------------  -----  ---------  --------  ----------  --------------  -------------------  ----------------------
/opt/airflow/dags/AMBER_Daily_Scraping.py                           1           0  0.21s           2025-11-14T07:22:11                      10
================================================================================
[2025-11-14T07:22:32.594+0000] {manager.py:821} INFO - Searching for files in /opt/airflow/dags
[2025-11-14T07:22:33.254+0000] {manager.py:824} INFO - There are 1 files in /opt/airflow/dags
[2025-11-14T07:22:41.914+0000] {manager.py:997} INFO - 
================================================================================
DAG File Processing Stats

File Path                                  PID    Runtime      # DAGs    # Errors  Last Runtime    Last Run               Last # of DB Queries
-----------------------------------------  -----  ---------  --------  ----------  --------------  -------------------  ----------------------
/opt/airflow/dags/AMBER_Daily_Scraping.py                           1           0  0.20s           2025-11-14T07:22:41                      10
================================================================================
[2025-11-14T07:23:12.347+0000] {manager.py:997} INFO - 
================================================================================
DAG File Processing Stats

File Path                                  PID    Runtime      # DAGs    # Errors  Last Runtime    Last Run               Last # of DB Queries
-----------------------------------------  -----  ---------  --------  ----------  --------------  -------------------  ----------------------
/opt/airflow/dags/AMBER_Daily_Scraping.py                           1           0  0.20s           2025-11-14T07:23:12                      10
================================================================================
[2025-11-14T07:23:42.757+0000] {manager.py:997} INFO - 
================================================================================
DAG File Processing Stats

File Path                                  PID    Runtime      # DAGs    # Errors  Last Runtime    Last Run               Last # of DB Queries
-----------------------------------------  -----  ---------  --------  ----------  --------------  -------------------  ----------------------
/opt/airflow/dags/AMBER_Daily_Scraping.py                           1           0  0.20s           2025-11-14T07:23:42                      10
================================================================================
[2025-11-14T07:24:13.194+0000] {manager.py:997} INFO - 
================================================================================
DAG File Processing Stats

File Path                                  PID    Runtime      # DAGs    # Errors  Last Runtime    Last Run               Last # of DB Queries
-----------------------------------------  -----  ---------  --------  ----------  --------------  -------------------  ----------------------
/opt/airflow/dags/AMBER_Daily_Scraping.py                           1           0  0.20s           2025-11-14T07:24:13                      10
================================================================================
[2025-11-14T07:24:43.548+0000] {manager.py:997} INFO - 
================================================================================
DAG File Processing Stats

File Path                                  PID    Runtime      # DAGs    # Errors  Last Runtime    Last Run               Last # of DB Queries
-----------------------------------------  -----  ---------  --------  ----------  --------------  -------------------  ----------------------
/opt/airflow/dags/AMBER_Daily_Scraping.py                           1           0  0.20s           2025-11-14T07:24:43                      10
================================================================================
[2025-11-14T07:25:13.966+0000] {manager.py:997} INFO - 
================================================================================
DAG File Processing Stats

File Path                                  PID    Runtime      # DAGs    # Errors  Last Runtime    Last Run               Last # of DB Queries
-----------------------------------------  -----  ---------  --------  ----------  --------------  -------------------  ----------------------
/opt/airflow/dags/AMBER_Daily_Scraping.py                           1           0  0.20s           2025-11-14T07:25:13                      10
================================================================================
[2025-11-14T07:25:44.372+0000] {manager.py:997} INFO - 
================================================================================
DAG File Processing Stats

File Path                                  PID    Runtime      # DAGs    # Errors  Last Runtime    Last Run               Last # of DB Queries
-----------------------------------------  -----  ---------  --------  ----------  --------------  -------------------  ----------------------
/opt/airflow/dags/AMBER_Daily_Scraping.py                           1           0  0.20s           2025-11-14T07:25:44                      10
================================================================================
[2025-11-14T07:26:14.800+0000] {manager.py:997} INFO - 
================================================================================
DAG File Processing Stats

File Path                                  PID    Runtime      # DAGs    # Errors  Last Runtime    Last Run               Last # of DB Queries
-----------------------------------------  -----  ---------  --------  ----------  --------------  -------------------  ----------------------
/opt/airflow/dags/AMBER_Daily_Scraping.py                           1           0  0.20s           2025-11-14T07:26:14                      10
================================================================================
[2025-11-14T07:26:45.219+0000] {manager.py:997} INFO - 
================================================================================
DAG File Processing Stats

File Path                                  PID    Runtime      # DAGs    # Errors  Last Runtime    Last Run               Last # of DB Queries
-----------------------------------------  -----  ---------  --------  ----------  --------------  -------------------  ----------------------
/opt/airflow/dags/AMBER_Daily_Scraping.py                           1           0  0.20s           2025-11-14T07:26:45                      10
================================================================================
[2025-11-14T07:27:15.640+0000] {manager.py:997} INFO - 
================================================================================
DAG File Processing Stats

File Path                                  PID    Runtime      # DAGs    # Errors  Last Runtime    Last Run               Last # of DB Queries
-----------------------------------------  -----  ---------  --------  ----------  --------------  -------------------  ----------------------
/opt/airflow/dags/AMBER_Daily_Scraping.py                           1           0  0.20s           2025-11-14T07:27:15                      10
================================================================================
[2025-11-14T07:27:32.724+0000] {manager.py:821} INFO - Searching for files in /opt/airflow/dags
[2025-11-14T07:27:33.506+0000] {manager.py:824} INFO - There are 1 files in /opt/airflow/dags
[2025-11-14T07:27:46.709+0000] {manager.py:997} INFO - 
================================================================================
DAG File Processing Stats

File Path                                  PID    Runtime      # DAGs    # Errors  Last Runtime    Last Run               Last # of DB Queries
-----------------------------------------  -----  ---------  --------  ----------  --------------  -------------------  ----------------------
/opt/airflow/dags/AMBER_Daily_Scraping.py                           1           0  0.20s           2025-11-14T07:27:46                      10
================================================================================
[2025-11-14T07:28:17.147+0000] {manager.py:997} INFO - 
================================================================================
DAG File Processing Stats

File Path                                  PID    Runtime      # DAGs    # Errors  Last Runtime    Last Run               Last # of DB Queries
-----------------------------------------  -----  ---------  --------  ----------  --------------  -------------------  ----------------------
/opt/airflow/dags/AMBER_Daily_Scraping.py                           1           0  0.20s           2025-11-14T07:28:17                      10
================================================================================
[2025-11-14T07:28:47.572+0000] {manager.py:997} INFO - 
================================================================================
DAG File Processing Stats

File Path                                  PID    Runtime      # DAGs    # Errors  Last Runtime    Last Run               Last # of DB Queries
-----------------------------------------  -----  ---------  --------  ----------  --------------  -------------------  ----------------------
/opt/airflow/dags/AMBER_Daily_Scraping.py                           1           0  0.20s           2025-11-14T07:28:47                      10
================================================================================
[2025-11-14T07:29:18.080+0000] {manager.py:997} INFO - 
================================================================================
DAG File Processing Stats

File Path                                  PID    Runtime      # DAGs    # Errors  Last Runtime    Last Run               Last # of DB Queries
-----------------------------------------  -----  ---------  --------  ----------  --------------  -------------------  ----------------------
/opt/airflow/dags/AMBER_Daily_Scraping.py                           1           0  0.20s           2025-11-14T07:29:18                      10
================================================================================
[2025-11-14T07:29:48.514+0000] {manager.py:997} INFO - 
================================================================================
DAG File Processing Stats

File Path                                  PID    Runtime      # DAGs    # Errors  Last Runtime    Last Run               Last # of DB Queries
-----------------------------------------  -----  ---------  --------  ----------  --------------  -------------------  ----------------------
/opt/airflow/dags/AMBER_Daily_Scraping.py                           1           0  0.20s           2025-11-14T07:29:48                      10
================================================================================
[2025-11-14T07:30:18.948+0000] {manager.py:997} INFO - 
================================================================================
DAG File Processing Stats

File Path                                  PID    Runtime      # DAGs    # Errors  Last Runtime    Last Run               Last # of DB Queries
-----------------------------------------  -----  ---------  --------  ----------  --------------  -------------------  ----------------------
/opt/airflow/dags/AMBER_Daily_Scraping.py                           1           0  0.21s           2025-11-14T07:30:18                      10
================================================================================
[2025-11-14T07:30:49.392+0000] {manager.py:997} INFO - 
================================================================================
DAG File Processing Stats

File Path                                  PID    Runtime      # DAGs    # Errors  Last Runtime    Last Run               Last # of DB Queries
-----------------------------------------  -----  ---------  --------  ----------  --------------  -------------------  ----------------------
/opt/airflow/dags/AMBER_Daily_Scraping.py                           1           0  0.20s           2025-11-14T07:30:49                      10
================================================================================
[2025-11-14T07:31:19.835+0000] {manager.py:997} INFO - 
================================================================================
DAG File Processing Stats

File Path                                  PID    Runtime      # DAGs    # Errors  Last Runtime    Last Run               Last # of DB Queries
-----------------------------------------  -----  ---------  --------  ----------  --------------  -------------------  ----------------------
/opt/airflow/dags/AMBER_Daily_Scraping.py                           1           0  0.20s           2025-11-14T07:31:19                      10
================================================================================
[2025-11-14T07:31:50.251+0000] {manager.py:997} INFO - 
================================================================================
DAG File Processing Stats

File Path                                  PID    Runtime      # DAGs    # Errors  Last Runtime    Last Run               Last # of DB Queries
-----------------------------------------  -----  ---------  --------  ----------  --------------  -------------------  ----------------------
/opt/airflow/dags/AMBER_Daily_Scraping.py                           1           0  0.20s           2025-11-14T07:31:50                      10
================================================================================
[2025-11-14T07:32:20.685+0000] {manager.py:997} INFO - 
================================================================================
DAG File Processing Stats

File Path                                  PID    Runtime      # DAGs    # Errors  Last Runtime    Last Run               Last # of DB Queries
-----------------------------------------  -----  ---------  --------  ----------  --------------  -------------------  ----------------------
/opt/airflow/dags/AMBER_Daily_Scraping.py                           1           0  0.20s           2025-11-14T07:32:20                      10
================================================================================
[2025-11-14T07:32:32.836+0000] {manager.py:821} INFO - Searching for files in /opt/airflow/dags
[2025-11-14T07:32:33.552+0000] {manager.py:824} INFO - There are 1 files in /opt/airflow/dags
[2025-11-14T07:32:51.108+0000] {manager.py:997} INFO - 
================================================================================
DAG File Processing Stats

File Path                                  PID    Runtime      # DAGs    # Errors  Last Runtime    Last Run               Last # of DB Queries
-----------------------------------------  -----  ---------  --------  ----------  --------------  -------------------  ----------------------
/opt/airflow/dags/AMBER_Daily_Scraping.py                           1           0  0.20s           2025-11-14T07:32:51                      10
================================================================================
[2025-11-14T07:33:21.576+0000] {manager.py:997} INFO - 
================================================================================
DAG File Processing Stats

File Path                                  PID    Runtime      # DAGs    # Errors  Last Runtime    Last Run               Last # of DB Queries
-----------------------------------------  -----  ---------  --------  ----------  --------------  -------------------  ----------------------
/opt/airflow/dags/AMBER_Daily_Scraping.py                           1           0  0.20s           2025-11-14T07:33:21                      10
================================================================================
[2025-11-14T07:33:51.887+0000] {manager.py:997} INFO - 
================================================================================
DAG File Processing Stats

File Path                                  PID    Runtime      # DAGs    # Errors  Last Runtime    Last Run               Last # of DB Queries
-----------------------------------------  -----  ---------  --------  ----------  --------------  -------------------  ----------------------
/opt/airflow/dags/AMBER_Daily_Scraping.py                           1           0  0.20s           2025-11-14T07:33:51                      10
================================================================================
[2025-11-14T07:34:22.478+0000] {manager.py:997} INFO - 
================================================================================
DAG File Processing Stats

File Path                                  PID    Runtime      # DAGs    # Errors  Last Runtime    Last Run               Last # of DB Queries
-----------------------------------------  -----  ---------  --------  ----------  --------------  -------------------  ----------------------
/opt/airflow/dags/AMBER_Daily_Scraping.py                           1           0  0.20s           2025-11-14T07:34:22                      10
================================================================================
[2025-11-14T07:34:52.797+0000] {manager.py:997} INFO - 
================================================================================
DAG File Processing Stats

File Path                                  PID    Runtime      # DAGs    # Errors  Last Runtime    Last Run               Last # of DB Queries
-----------------------------------------  -----  ---------  --------  ----------  --------------  -------------------  ----------------------
/opt/airflow/dags/AMBER_Daily_Scraping.py                           1           0  0.20s           2025-11-14T07:34:52                      10
================================================================================
[2025-11-14T07:35:23.125+0000] {manager.py:997} INFO - 
================================================================================
DAG File Processing Stats

File Path                                  PID    Runtime      # DAGs    # Errors  Last Runtime    Last Run               Last # of DB Queries
-----------------------------------------  -----  ---------  --------  ----------  --------------  -------------------  ----------------------
/opt/airflow/dags/AMBER_Daily_Scraping.py                           1           0  0.20s           2025-11-14T07:35:23                      10
================================================================================
[2025-11-14T07:35:53.478+0000] {manager.py:997} INFO - 
================================================================================
DAG File Processing Stats

File Path                                  PID    Runtime      # DAGs    # Errors  Last Runtime    Last Run               Last # of DB Queries
-----------------------------------------  -----  ---------  --------  ----------  --------------  -------------------  ----------------------
/opt/airflow/dags/AMBER_Daily_Scraping.py                           1           0  0.20s           2025-11-14T07:35:53                      10
================================================================================
[2025-11-14T07:36:23.718+0000] {manager.py:997} INFO - 
================================================================================
DAG File Processing Stats

File Path                                  PID    Runtime      # DAGs    # Errors  Last Runtime    Last Run               Last # of DB Queries
-----------------------------------------  -----  ---------  --------  ----------  --------------  -------------------  ----------------------
/opt/airflow/dags/AMBER_Daily_Scraping.py                           1           0  0.20s           2025-11-14T07:36:23                      10
================================================================================
[2025-11-14T07:36:54.044+0000] {manager.py:997} INFO - 
================================================================================
DAG File Processing Stats

File Path                                  PID    Runtime      # DAGs    # Errors  Last Runtime    Last Run               Last # of DB Queries
-----------------------------------------  -----  ---------  --------  ----------  --------------  -------------------  ----------------------
/opt/airflow/dags/AMBER_Daily_Scraping.py                           1           0  0.20s           2025-11-14T07:36:54                      10
================================================================================
[2025-11-14T07:37:24.377+0000] {manager.py:997} INFO - 
================================================================================
DAG File Processing Stats

File Path                                  PID    Runtime      # DAGs    # Errors  Last Runtime    Last Run               Last # of DB Queries
-----------------------------------------  -----  ---------  --------  ----------  --------------  -------------------  ----------------------
/opt/airflow/dags/AMBER_Daily_Scraping.py                           1           0  0.21s           2025-11-14T07:37:24                      10
================================================================================
[2025-11-14T07:37:33.513+0000] {manager.py:821} INFO - Searching for files in /opt/airflow/dags
[2025-11-14T07:37:34.372+0000] {manager.py:824} INFO - There are 1 files in /opt/airflow/dags
[2025-11-14T07:37:54.709+0000] {manager.py:997} INFO - 
================================================================================
DAG File Processing Stats

File Path                                  PID    Runtime      # DAGs    # Errors  Last Runtime    Last Run               Last # of DB Queries
-----------------------------------------  -----  ---------  --------  ----------  --------------  -------------------  ----------------------
/opt/airflow/dags/AMBER_Daily_Scraping.py                           1           0  0.20s           2025-11-14T07:37:54                      10
================================================================================
[2025-11-14T07:38:25.034+0000] {manager.py:997} INFO - 
================================================================================
DAG File Processing Stats

File Path                                  PID    Runtime      # DAGs    # Errors  Last Runtime    Last Run               Last # of DB Queries
-----------------------------------------  -----  ---------  --------  ----------  --------------  -------------------  ----------------------
/opt/airflow/dags/AMBER_Daily_Scraping.py                           1           0  0.20s           2025-11-14T07:38:25                      10
================================================================================
[2025-11-14T07:38:55.365+0000] {manager.py:997} INFO - 
================================================================================
DAG File Processing Stats

File Path                                  PID    Runtime      # DAGs    # Errors  Last Runtime    Last Run               Last # of DB Queries
-----------------------------------------  -----  ---------  --------  ----------  --------------  -------------------  ----------------------
/opt/airflow/dags/AMBER_Daily_Scraping.py                           1           0  0.20s           2025-11-14T07:38:55                      10
================================================================================
[2025-11-14T07:39:25.672+0000] {manager.py:997} INFO - 
================================================================================
DAG File Processing Stats

File Path                                  PID    Runtime      # DAGs    # Errors  Last Runtime    Last Run               Last # of DB Queries
-----------------------------------------  -----  ---------  --------  ----------  --------------  -------------------  ----------------------
/opt/airflow/dags/AMBER_Daily_Scraping.py                           1           0  0.20s           2025-11-14T07:39:25                      10
================================================================================
[2025-11-14T07:39:55.964+0000] {manager.py:997} INFO - 
================================================================================
DAG File Processing Stats

File Path                                  PID    Runtime      # DAGs    # Errors  Last Runtime    Last Run               Last # of DB Queries
-----------------------------------------  -----  ---------  --------  ----------  --------------  -------------------  ----------------------
/opt/airflow/dags/AMBER_Daily_Scraping.py                           1           0  0.20s           2025-11-14T07:39:55                      10
================================================================================
[2025-11-14T07:40:26.288+0000] {manager.py:997} INFO - 
================================================================================
DAG File Processing Stats

File Path                                  PID    Runtime      # DAGs    # Errors  Last Runtime    Last Run               Last # of DB Queries
-----------------------------------------  -----  ---------  --------  ----------  --------------  -------------------  ----------------------
/opt/airflow/dags/AMBER_Daily_Scraping.py                           1           0  0.20s           2025-11-14T07:40:26                      10
================================================================================
[2025-11-14T07:40:56.618+0000] {manager.py:997} INFO - 
================================================================================
DAG File Processing Stats

File Path                                  PID    Runtime      # DAGs    # Errors  Last Runtime    Last Run               Last # of DB Queries
-----------------------------------------  -----  ---------  --------  ----------  --------------  -------------------  ----------------------
/opt/airflow/dags/AMBER_Daily_Scraping.py                           1           0  0.20s           2025-11-14T07:40:56                      10
================================================================================
[2025-11-14T07:41:27.008+0000] {manager.py:997} INFO - 
================================================================================
DAG File Processing Stats

File Path                                  PID    Runtime      # DAGs    # Errors  Last Runtime    Last Run               Last # of DB Queries
-----------------------------------------  -----  ---------  --------  ----------  --------------  -------------------  ----------------------
/opt/airflow/dags/AMBER_Daily_Scraping.py                           1           0  0.20s           2025-11-14T07:41:27                      10
================================================================================
[2025-11-14T07:41:57.327+0000] {manager.py:997} INFO - 
================================================================================
DAG File Processing Stats

File Path                                  PID    Runtime      # DAGs    # Errors  Last Runtime    Last Run               Last # of DB Queries
-----------------------------------------  -----  ---------  --------  ----------  --------------  -------------------  ----------------------
/opt/airflow/dags/AMBER_Daily_Scraping.py                           1           0  0.20s           2025-11-14T07:41:57                      10
================================================================================
[2025-11-14T07:42:27.655+0000] {manager.py:997} INFO - 
================================================================================
DAG File Processing Stats

File Path                                  PID    Runtime      # DAGs    # Errors  Last Runtime    Last Run               Last # of DB Queries
-----------------------------------------  -----  ---------  --------  ----------  --------------  -------------------  ----------------------
/opt/airflow/dags/AMBER_Daily_Scraping.py                           1           0  0.21s           2025-11-14T07:42:27                      10
================================================================================
[2025-11-14T07:42:34.307+0000] {manager.py:821} INFO - Searching for files in /opt/airflow/dags
[2025-11-14T07:42:35.158+0000] {manager.py:824} INFO - There are 1 files in /opt/airflow/dags
[2025-11-14T07:42:57.920+0000] {manager.py:997} INFO - 
================================================================================
DAG File Processing Stats

File Path                                  PID    Runtime      # DAGs    # Errors  Last Runtime    Last Run               Last # of DB Queries
-----------------------------------------  -----  ---------  --------  ----------  --------------  -------------------  ----------------------
/opt/airflow/dags/AMBER_Daily_Scraping.py                           1           0  0.20s           2025-11-14T07:42:57                      10
================================================================================
[2025-11-14T07:43:28.299+0000] {manager.py:997} INFO - 
================================================================================
DAG File Processing Stats

File Path                                  PID    Runtime      # DAGs    # Errors  Last Runtime    Last Run               Last # of DB Queries
-----------------------------------------  -----  ---------  --------  ----------  --------------  -------------------  ----------------------
/opt/airflow/dags/AMBER_Daily_Scraping.py                           1           0  0.21s           2025-11-14T07:43:28                      10
================================================================================
[2025-11-14T07:43:58.525+0000] {manager.py:997} INFO - 
================================================================================
DAG File Processing Stats

File Path                                  PID    Runtime      # DAGs    # Errors  Last Runtime    Last Run               Last # of DB Queries
-----------------------------------------  -----  ---------  --------  ----------  --------------  -------------------  ----------------------
/opt/airflow/dags/AMBER_Daily_Scraping.py                           1           0  0.20s           2025-11-14T07:43:58                      10
================================================================================
[2025-11-14T07:44:29.177+0000] {manager.py:997} INFO - 
================================================================================
DAG File Processing Stats

File Path                                  PID    Runtime      # DAGs    # Errors  Last Runtime    Last Run               Last # of DB Queries
-----------------------------------------  -----  ---------  --------  ----------  --------------  -------------------  ----------------------
/opt/airflow/dags/AMBER_Daily_Scraping.py                           1           0  0.20s           2025-11-14T07:44:29                      10
================================================================================
[2025-11-14T07:44:59.807+0000] {manager.py:997} INFO - 
================================================================================
DAG File Processing Stats

File Path                                  PID    Runtime      # DAGs    # Errors  Last Runtime    Last Run               Last # of DB Queries
-----------------------------------------  -----  ---------  --------  ----------  --------------  -------------------  ----------------------
/opt/airflow/dags/AMBER_Daily_Scraping.py                           1           0  0.20s           2025-11-14T07:44:59                      10
================================================================================
[2025-11-14T07:45:30.512+0000] {manager.py:997} INFO - 
================================================================================
DAG File Processing Stats

File Path                                  PID    Runtime      # DAGs    # Errors  Last Runtime    Last Run               Last # of DB Queries
-----------------------------------------  -----  ---------  --------  ----------  --------------  -------------------  ----------------------
/opt/airflow/dags/AMBER_Daily_Scraping.py                           1           0  0.20s           2025-11-14T07:45:30                      10
================================================================================
[2025-11-14T07:46:01.116+0000] {manager.py:997} INFO - 
================================================================================
DAG File Processing Stats

File Path                                  PID    Runtime      # DAGs    # Errors  Last Runtime    Last Run               Last # of DB Queries
-----------------------------------------  -----  ---------  --------  ----------  --------------  -------------------  ----------------------
/opt/airflow/dags/AMBER_Daily_Scraping.py                           1           0  0.21s           2025-11-14T07:46:01                      10
================================================================================
[2025-11-14T08:04:11.184+0000] {manager.py:465} INFO - Exiting gracefully upon receiving signal 15
[2025-11-14T08:04:11.618+0000] {manager.py:483} INFO - Processing files using up to 1 processes at a time 
[2025-11-14T08:04:11.619+0000] {manager.py:484} INFO - Process each file at most once every 30 seconds
[2025-11-14T08:04:11.621+0000] {manager.py:485} INFO - Checking for new files in /opt/airflow/dags every 300 seconds
[2025-11-14T08:04:11.622+0000] {manager.py:821} INFO - Searching for files in /opt/airflow/dags
[2025-11-14T08:04:13.378+0000] {manager.py:824} INFO - There are 1 files in /opt/airflow/dags
[2025-11-14T08:04:13.665+0000] {manager.py:997} INFO - 
================================================================================
DAG File Processing Stats

File Path                                  PID    Runtime      # DAGs    # Errors  Last Runtime    Last Run               Last # of DB Queries
-----------------------------------------  -----  ---------  --------  ----------  --------------  -------------------  ----------------------
/opt/airflow/dags/AMBER_Daily_Scraping.py                           1           0  0.21s           2025-11-14T08:04:13                      10
================================================================================
[2025-11-14T08:05:29.736+0000] {manager.py:465} INFO - Exiting gracefully upon receiving signal 15
[2025-11-14T08:05:30.130+0000] {manager.py:483} INFO - Processing files using up to 1 processes at a time 
[2025-11-14T08:05:30.132+0000] {manager.py:484} INFO - Process each file at most once every 30 seconds
[2025-11-14T08:05:30.133+0000] {manager.py:485} INFO - Checking for new files in /opt/airflow/dags every 300 seconds
[2025-11-14T08:05:30.134+0000] {manager.py:821} INFO - Searching for files in /opt/airflow/dags
[2025-11-14T08:05:32.459+0000] {manager.py:824} INFO - There are 1 files in /opt/airflow/dags
[2025-11-14T08:05:32.869+0000] {manager.py:997} INFO - 
================================================================================
DAG File Processing Stats

File Path                                  PID    Runtime      # DAGs    # Errors  Last Runtime    Last Run               Last # of DB Queries
-----------------------------------------  -----  ---------  --------  ----------  --------------  -------------------  ----------------------
/opt/airflow/dags/AMBER_Daily_Scraping.py                           1           0  0.31s           2025-11-14T08:05:32                      10
================================================================================
[2025-11-14T08:08:56.611+0000] {manager.py:465} INFO - Exiting gracefully upon receiving signal 15
[2025-11-14T08:08:56.909+0000] {manager.py:483} INFO - Processing files using up to 1 processes at a time 
[2025-11-14T08:08:56.911+0000] {manager.py:484} INFO - Process each file at most once every 30 seconds
[2025-11-14T08:08:56.913+0000] {manager.py:485} INFO - Checking for new files in /opt/airflow/dags every 300 seconds
[2025-11-14T08:08:56.915+0000] {manager.py:821} INFO - Searching for files in /opt/airflow/dags
[2025-11-14T08:08:58.758+0000] {manager.py:824} INFO - There are 1 files in /opt/airflow/dags
[2025-11-14T08:08:59.028+0000] {manager.py:997} INFO - 
================================================================================
DAG File Processing Stats

File Path                                  PID    Runtime      # DAGs    # Errors  Last Runtime    Last Run               Last # of DB Queries
-----------------------------------------  -----  ---------  --------  ----------  --------------  -------------------  ----------------------
/opt/airflow/dags/AMBER_Daily_Scraping.py                           1           0  0.21s           2025-11-14T08:08:59                      10
================================================================================
[2025-11-14T08:09:29.946+0000] {manager.py:997} INFO - 
================================================================================
DAG File Processing Stats

File Path                                  PID    Runtime      # DAGs    # Errors  Last Runtime    Last Run               Last # of DB Queries
-----------------------------------------  -----  ---------  --------  ----------  --------------  -------------------  ----------------------
/opt/airflow/dags/AMBER_Daily_Scraping.py                           1           0  0.21s           2025-11-14T08:09:29                      10
================================================================================
[2025-11-14T08:10:00.482+0000] {manager.py:997} INFO - 
================================================================================
DAG File Processing Stats

File Path                                  PID    Runtime      # DAGs    # Errors  Last Runtime    Last Run               Last # of DB Queries
-----------------------------------------  -----  ---------  --------  ----------  --------------  -------------------  ----------------------
/opt/airflow/dags/AMBER_Daily_Scraping.py                           1           0  0.21s           2025-11-14T08:10:00                      10
================================================================================
[2025-11-14T08:10:31.223+0000] {manager.py:997} INFO - 
================================================================================
DAG File Processing Stats

File Path                                  PID    Runtime      # DAGs    # Errors  Last Runtime    Last Run               Last # of DB Queries
-----------------------------------------  -----  ---------  --------  ----------  --------------  -------------------  ----------------------
/opt/airflow/dags/AMBER_Daily_Scraping.py                           1           0  0.31s           2025-11-14T08:10:31                      10
================================================================================
[2025-11-14T08:11:01.944+0000] {manager.py:997} INFO - 
================================================================================
DAG File Processing Stats

File Path                                  PID    Runtime      # DAGs    # Errors  Last Runtime    Last Run               Last # of DB Queries
-----------------------------------------  -----  ---------  --------  ----------  --------------  -------------------  ----------------------
/opt/airflow/dags/AMBER_Daily_Scraping.py                           1           0  0.31s           2025-11-14T08:11:01                      10
================================================================================
[2025-11-14T08:11:32.544+0000] {manager.py:997} INFO - 
================================================================================
DAG File Processing Stats

File Path                                  PID    Runtime      # DAGs    # Errors  Last Runtime    Last Run               Last # of DB Queries
-----------------------------------------  -----  ---------  --------  ----------  --------------  -------------------  ----------------------
/opt/airflow/dags/AMBER_Daily_Scraping.py                           1           0  0.31s           2025-11-14T08:11:32                      10
================================================================================
[2025-11-14T08:12:03.099+0000] {manager.py:997} INFO - 
================================================================================
DAG File Processing Stats

File Path                                  PID    Runtime      # DAGs    # Errors  Last Runtime    Last Run               Last # of DB Queries
-----------------------------------------  -----  ---------  --------  ----------  --------------  -------------------  ----------------------
/opt/airflow/dags/AMBER_Daily_Scraping.py                           1           0  0.31s           2025-11-14T08:12:03                      10
================================================================================
[2025-11-14T08:12:33.678+0000] {manager.py:997} INFO - 
================================================================================
DAG File Processing Stats

File Path                                  PID    Runtime      # DAGs    # Errors  Last Runtime    Last Run               Last # of DB Queries
-----------------------------------------  -----  ---------  --------  ----------  --------------  -------------------  ----------------------
/opt/airflow/dags/AMBER_Daily_Scraping.py                           1           0  0.31s           2025-11-14T08:12:33                      10
================================================================================
[2025-11-14T08:13:04.306+0000] {manager.py:997} INFO - 
================================================================================
DAG File Processing Stats

File Path                                  PID    Runtime      # DAGs    # Errors  Last Runtime    Last Run               Last # of DB Queries
-----------------------------------------  -----  ---------  --------  ----------  --------------  -------------------  ----------------------
/opt/airflow/dags/AMBER_Daily_Scraping.py                           1           0  0.31s           2025-11-14T08:13:04                      10
================================================================================
[2025-11-14T08:13:34.907+0000] {manager.py:997} INFO - 
================================================================================
DAG File Processing Stats

File Path                                  PID    Runtime      # DAGs    # Errors  Last Runtime    Last Run               Last # of DB Queries
-----------------------------------------  -----  ---------  --------  ----------  --------------  -------------------  ----------------------
/opt/airflow/dags/AMBER_Daily_Scraping.py                           1           0  0.31s           2025-11-14T08:13:34                      10
================================================================================
[2025-11-14T08:13:57.083+0000] {manager.py:821} INFO - Searching for files in /opt/airflow/dags
[2025-11-14T08:13:59.417+0000] {manager.py:824} INFO - There are 1 files in /opt/airflow/dags
[2025-11-14T08:14:05.779+0000] {manager.py:997} INFO - 
================================================================================
DAG File Processing Stats

File Path                                  PID    Runtime      # DAGs    # Errors  Last Runtime    Last Run               Last # of DB Queries
-----------------------------------------  -----  ---------  --------  ----------  --------------  -------------------  ----------------------
/opt/airflow/dags/AMBER_Daily_Scraping.py                           1           0  0.31s           2025-11-14T08:14:05                      10
================================================================================
[2025-11-14T08:14:36.256+0000] {manager.py:997} INFO - 
================================================================================
DAG File Processing Stats

File Path                                  PID    Runtime      # DAGs    # Errors  Last Runtime    Last Run               Last # of DB Queries
-----------------------------------------  -----  ---------  --------  ----------  --------------  -------------------  ----------------------
/opt/airflow/dags/AMBER_Daily_Scraping.py                           1           0  0.31s           2025-11-14T08:14:36                      10
================================================================================
[2025-11-14T08:15:06.889+0000] {manager.py:997} INFO - 
================================================================================
DAG File Processing Stats

File Path                                  PID    Runtime      # DAGs    # Errors  Last Runtime    Last Run               Last # of DB Queries
-----------------------------------------  -----  ---------  --------  ----------  --------------  -------------------  ----------------------
/opt/airflow/dags/AMBER_Daily_Scraping.py                           1           0  0.31s           2025-11-14T08:15:06                      10
================================================================================
