[2025-11-13T06:08:25.572+0000] {processor.py:186} INFO - Started process (PID=37) to work on /opt/airflow/dags/AMBER_Daily_Scraping.py
[2025-11-13T06:08:25.573+0000] {processor.py:914} INFO - Processing file /opt/airflow/dags/AMBER_Daily_Scraping.py for tasks to queue
[2025-11-13T06:08:25.576+0000] {logging_mixin.py:190} INFO - [2025-11-13T06:08:25.576+0000] {dagbag.py:588} INFO - Filling up the DagBag from /opt/airflow/dags/AMBER_Daily_Scraping.py
[2025-11-13T06:08:25.637+0000] {processor.py:925} INFO - DAG(s) 'AMBER_Daily_Scraping' retrieved from /opt/airflow/dags/AMBER_Daily_Scraping.py
[2025-11-13T06:08:25.884+0000] {logging_mixin.py:190} INFO - [2025-11-13T06:08:25.883+0000] {override.py:1900} INFO - Created Permission View: can delete on DAG:AMBER_Daily_Scraping
[2025-11-13T06:08:26.387+0000] {logging_mixin.py:190} INFO - [2025-11-13T06:08:26.387+0000] {override.py:1900} INFO - Created Permission View: can edit on DAG:AMBER_Daily_Scraping
[2025-11-13T06:08:26.410+0000] {logging_mixin.py:190} INFO - [2025-11-13T06:08:26.409+0000] {override.py:1900} INFO - Created Permission View: can read on DAG:AMBER_Daily_Scraping
[2025-11-13T06:08:26.468+0000] {logging_mixin.py:190} INFO - [2025-11-13T06:08:26.467+0000] {override.py:1900} INFO - Created Permission View: can create on DAG Run:AMBER_Daily_Scraping
[2025-11-13T06:08:26.488+0000] {logging_mixin.py:190} INFO - [2025-11-13T06:08:26.488+0000] {override.py:1900} INFO - Created Permission View: can delete on DAG Run:AMBER_Daily_Scraping
[2025-11-13T06:08:26.510+0000] {logging_mixin.py:190} INFO - [2025-11-13T06:08:26.510+0000] {override.py:1900} INFO - Created Permission View: can read on DAG Run:AMBER_Daily_Scraping
[2025-11-13T06:08:26.531+0000] {logging_mixin.py:190} INFO - [2025-11-13T06:08:26.531+0000] {override.py:1900} INFO - Created Permission View: menu access on DAG Run:AMBER_Daily_Scraping
[2025-11-13T06:08:26.532+0000] {logging_mixin.py:190} INFO - [2025-11-13T06:08:26.532+0000] {dag.py:3239} INFO - Sync 1 DAGs
[2025-11-13T06:08:26.648+0000] {logging_mixin.py:190} INFO - [2025-11-13T06:08:26.647+0000] {dag.py:3262} INFO - Creating ORM DAG for AMBER_Daily_Scraping
[2025-11-13T06:08:26.657+0000] {logging_mixin.py:190} INFO - [2025-11-13T06:08:26.657+0000] {dag.py:4180} INFO - Setting next_dagrun for AMBER_Daily_Scraping to 2025-11-12 00:00:00+00:00, run_after=2025-11-13 00:00:00+00:00
[2025-11-13T06:08:26.972+0000] {processor.py:208} INFO - Processing /opt/airflow/dags/AMBER_Daily_Scraping.py took 1.406 seconds
[2025-11-13T06:08:57.578+0000] {processor.py:186} INFO - Started process (PID=38) to work on /opt/airflow/dags/AMBER_Daily_Scraping.py
[2025-11-13T06:08:57.579+0000] {processor.py:914} INFO - Processing file /opt/airflow/dags/AMBER_Daily_Scraping.py for tasks to queue
[2025-11-13T06:08:57.582+0000] {logging_mixin.py:190} INFO - [2025-11-13T06:08:57.582+0000] {dagbag.py:588} INFO - Filling up the DagBag from /opt/airflow/dags/AMBER_Daily_Scraping.py
[2025-11-13T06:08:57.610+0000] {processor.py:925} INFO - DAG(s) 'AMBER_Daily_Scraping' retrieved from /opt/airflow/dags/AMBER_Daily_Scraping.py
[2025-11-13T06:08:57.631+0000] {logging_mixin.py:190} INFO - [2025-11-13T06:08:57.631+0000] {dag.py:3239} INFO - Sync 1 DAGs
[2025-11-13T06:08:57.650+0000] {logging_mixin.py:190} INFO - [2025-11-13T06:08:57.650+0000] {dag.py:4180} INFO - Setting next_dagrun for AMBER_Daily_Scraping to 2025-11-12 00:00:00+00:00, run_after=2025-11-13 00:00:00+00:00
[2025-11-13T06:08:57.688+0000] {processor.py:208} INFO - Processing /opt/airflow/dags/AMBER_Daily_Scraping.py took 0.115 seconds
[2025-11-13T06:09:27.883+0000] {processor.py:186} INFO - Started process (PID=39) to work on /opt/airflow/dags/AMBER_Daily_Scraping.py
[2025-11-13T06:09:27.884+0000] {processor.py:914} INFO - Processing file /opt/airflow/dags/AMBER_Daily_Scraping.py for tasks to queue
[2025-11-13T06:09:27.887+0000] {logging_mixin.py:190} INFO - [2025-11-13T06:09:27.887+0000] {dagbag.py:588} INFO - Filling up the DagBag from /opt/airflow/dags/AMBER_Daily_Scraping.py
[2025-11-13T06:09:27.921+0000] {processor.py:925} INFO - DAG(s) 'AMBER_Daily_Scraping' retrieved from /opt/airflow/dags/AMBER_Daily_Scraping.py
[2025-11-13T06:09:27.948+0000] {logging_mixin.py:190} INFO - [2025-11-13T06:09:27.947+0000] {dag.py:3239} INFO - Sync 1 DAGs
[2025-11-13T06:09:27.972+0000] {logging_mixin.py:190} INFO - [2025-11-13T06:09:27.971+0000] {dag.py:4180} INFO - Setting next_dagrun for AMBER_Daily_Scraping to 2025-11-12 00:00:00+00:00, run_after=2025-11-13 00:00:00+00:00
[2025-11-13T06:09:28.009+0000] {processor.py:208} INFO - Processing /opt/airflow/dags/AMBER_Daily_Scraping.py took 0.131 seconds
[2025-11-13T06:45:38.541+0000] {processor.py:186} INFO - Started process (PID=64) to work on /opt/airflow/dags/AMBER_Daily_Scraping.py
[2025-11-13T06:45:38.542+0000] {processor.py:914} INFO - Processing file /opt/airflow/dags/AMBER_Daily_Scraping.py for tasks to queue
[2025-11-13T06:45:38.545+0000] {logging_mixin.py:190} INFO - [2025-11-13T06:45:38.544+0000] {dagbag.py:588} INFO - Filling up the DagBag from /opt/airflow/dags/AMBER_Daily_Scraping.py
[2025-11-13T06:45:38.582+0000] {processor.py:925} INFO - DAG(s) 'AMBER_Daily_Scraping' retrieved from /opt/airflow/dags/AMBER_Daily_Scraping.py
[2025-11-13T06:45:38.618+0000] {logging_mixin.py:190} INFO - [2025-11-13T06:45:38.618+0000] {dag.py:3239} INFO - Sync 1 DAGs
[2025-11-13T06:45:38.978+0000] {processor.py:208} INFO - Processing /opt/airflow/dags/AMBER_Daily_Scraping.py took 0.444 seconds
[2025-11-13T06:46:09.195+0000] {processor.py:186} INFO - Started process (PID=111) to work on /opt/airflow/dags/AMBER_Daily_Scraping.py
[2025-11-13T06:46:09.196+0000] {processor.py:914} INFO - Processing file /opt/airflow/dags/AMBER_Daily_Scraping.py for tasks to queue
[2025-11-13T06:46:09.198+0000] {logging_mixin.py:190} INFO - [2025-11-13T06:46:09.198+0000] {dagbag.py:588} INFO - Filling up the DagBag from /opt/airflow/dags/AMBER_Daily_Scraping.py
[2025-11-13T06:46:09.233+0000] {processor.py:925} INFO - DAG(s) 'AMBER_Daily_Scraping' retrieved from /opt/airflow/dags/AMBER_Daily_Scraping.py
[2025-11-13T06:46:09.416+0000] {logging_mixin.py:190} INFO - [2025-11-13T06:46:09.415+0000] {dag.py:3239} INFO - Sync 1 DAGs
[2025-11-13T06:46:09.461+0000] {processor.py:208} INFO - Processing /opt/airflow/dags/AMBER_Daily_Scraping.py took 0.272 seconds
[2025-11-13T06:46:39.669+0000] {processor.py:186} INFO - Started process (PID=112) to work on /opt/airflow/dags/AMBER_Daily_Scraping.py
[2025-11-13T06:46:39.670+0000] {processor.py:914} INFO - Processing file /opt/airflow/dags/AMBER_Daily_Scraping.py for tasks to queue
[2025-11-13T06:46:39.672+0000] {logging_mixin.py:190} INFO - [2025-11-13T06:46:39.672+0000] {dagbag.py:588} INFO - Filling up the DagBag from /opt/airflow/dags/AMBER_Daily_Scraping.py
[2025-11-13T06:46:39.822+0000] {processor.py:925} INFO - DAG(s) 'AMBER_Daily_Scraping' retrieved from /opt/airflow/dags/AMBER_Daily_Scraping.py
[2025-11-13T06:46:39.838+0000] {logging_mixin.py:190} INFO - [2025-11-13T06:46:39.838+0000] {dag.py:3239} INFO - Sync 1 DAGs
[2025-11-13T06:46:39.884+0000] {processor.py:208} INFO - Processing /opt/airflow/dags/AMBER_Daily_Scraping.py took 0.221 seconds
[2025-11-13T06:47:10.149+0000] {processor.py:186} INFO - Started process (PID=113) to work on /opt/airflow/dags/AMBER_Daily_Scraping.py
[2025-11-13T06:47:10.150+0000] {processor.py:914} INFO - Processing file /opt/airflow/dags/AMBER_Daily_Scraping.py for tasks to queue
[2025-11-13T06:47:10.152+0000] {logging_mixin.py:190} INFO - [2025-11-13T06:47:10.152+0000] {dagbag.py:588} INFO - Filling up the DagBag from /opt/airflow/dags/AMBER_Daily_Scraping.py
[2025-11-13T06:47:10.179+0000] {processor.py:925} INFO - DAG(s) 'AMBER_Daily_Scraping' retrieved from /opt/airflow/dags/AMBER_Daily_Scraping.py
[2025-11-13T06:47:10.200+0000] {logging_mixin.py:190} INFO - [2025-11-13T06:47:10.200+0000] {dag.py:3239} INFO - Sync 1 DAGs
[2025-11-13T06:47:10.253+0000] {processor.py:208} INFO - Processing /opt/airflow/dags/AMBER_Daily_Scraping.py took 0.109 seconds
[2025-11-13T06:47:40.603+0000] {processor.py:186} INFO - Started process (PID=114) to work on /opt/airflow/dags/AMBER_Daily_Scraping.py
[2025-11-13T06:47:40.604+0000] {processor.py:914} INFO - Processing file /opt/airflow/dags/AMBER_Daily_Scraping.py for tasks to queue
[2025-11-13T06:47:40.606+0000] {logging_mixin.py:190} INFO - [2025-11-13T06:47:40.605+0000] {dagbag.py:588} INFO - Filling up the DagBag from /opt/airflow/dags/AMBER_Daily_Scraping.py
[2025-11-13T06:47:40.630+0000] {processor.py:925} INFO - DAG(s) 'AMBER_Daily_Scraping' retrieved from /opt/airflow/dags/AMBER_Daily_Scraping.py
[2025-11-13T06:47:40.651+0000] {logging_mixin.py:190} INFO - [2025-11-13T06:47:40.651+0000] {dag.py:3239} INFO - Sync 1 DAGs
[2025-11-13T06:47:40.700+0000] {processor.py:208} INFO - Processing /opt/airflow/dags/AMBER_Daily_Scraping.py took 0.103 seconds
[2025-11-13T06:48:11.218+0000] {processor.py:186} INFO - Started process (PID=115) to work on /opt/airflow/dags/AMBER_Daily_Scraping.py
[2025-11-13T06:48:11.219+0000] {processor.py:914} INFO - Processing file /opt/airflow/dags/AMBER_Daily_Scraping.py for tasks to queue
[2025-11-13T06:48:11.220+0000] {logging_mixin.py:190} INFO - [2025-11-13T06:48:11.220+0000] {dagbag.py:588} INFO - Filling up the DagBag from /opt/airflow/dags/AMBER_Daily_Scraping.py
[2025-11-13T06:48:11.246+0000] {processor.py:925} INFO - DAG(s) 'AMBER_Daily_Scraping' retrieved from /opt/airflow/dags/AMBER_Daily_Scraping.py
[2025-11-13T06:48:11.265+0000] {logging_mixin.py:190} INFO - [2025-11-13T06:48:11.265+0000] {dag.py:3239} INFO - Sync 1 DAGs
[2025-11-13T06:48:11.314+0000] {processor.py:208} INFO - Processing /opt/airflow/dags/AMBER_Daily_Scraping.py took 0.102 seconds
[2025-11-13T06:48:41.687+0000] {processor.py:186} INFO - Started process (PID=116) to work on /opt/airflow/dags/AMBER_Daily_Scraping.py
[2025-11-13T06:48:41.689+0000] {processor.py:914} INFO - Processing file /opt/airflow/dags/AMBER_Daily_Scraping.py for tasks to queue
[2025-11-13T06:48:41.690+0000] {logging_mixin.py:190} INFO - [2025-11-13T06:48:41.690+0000] {dagbag.py:588} INFO - Filling up the DagBag from /opt/airflow/dags/AMBER_Daily_Scraping.py
[2025-11-13T06:48:41.715+0000] {processor.py:925} INFO - DAG(s) 'AMBER_Daily_Scraping' retrieved from /opt/airflow/dags/AMBER_Daily_Scraping.py
[2025-11-13T06:48:41.739+0000] {logging_mixin.py:190} INFO - [2025-11-13T06:48:41.738+0000] {dag.py:3239} INFO - Sync 1 DAGs
[2025-11-13T06:48:41.790+0000] {processor.py:208} INFO - Processing /opt/airflow/dags/AMBER_Daily_Scraping.py took 0.108 seconds
[2025-11-13T06:49:12.086+0000] {processor.py:186} INFO - Started process (PID=117) to work on /opt/airflow/dags/AMBER_Daily_Scraping.py
[2025-11-13T06:49:12.088+0000] {processor.py:914} INFO - Processing file /opt/airflow/dags/AMBER_Daily_Scraping.py for tasks to queue
[2025-11-13T06:49:12.090+0000] {logging_mixin.py:190} INFO - [2025-11-13T06:49:12.089+0000] {dagbag.py:588} INFO - Filling up the DagBag from /opt/airflow/dags/AMBER_Daily_Scraping.py
[2025-11-13T06:49:12.121+0000] {processor.py:925} INFO - DAG(s) 'AMBER_Daily_Scraping' retrieved from /opt/airflow/dags/AMBER_Daily_Scraping.py
[2025-11-13T06:49:12.141+0000] {logging_mixin.py:190} INFO - [2025-11-13T06:49:12.140+0000] {dag.py:3239} INFO - Sync 1 DAGs
[2025-11-13T06:49:12.191+0000] {processor.py:208} INFO - Processing /opt/airflow/dags/AMBER_Daily_Scraping.py took 0.110 seconds
[2025-11-13T06:49:42.559+0000] {processor.py:186} INFO - Started process (PID=118) to work on /opt/airflow/dags/AMBER_Daily_Scraping.py
[2025-11-13T06:49:42.561+0000] {processor.py:914} INFO - Processing file /opt/airflow/dags/AMBER_Daily_Scraping.py for tasks to queue
[2025-11-13T06:49:42.563+0000] {logging_mixin.py:190} INFO - [2025-11-13T06:49:42.562+0000] {dagbag.py:588} INFO - Filling up the DagBag from /opt/airflow/dags/AMBER_Daily_Scraping.py
[2025-11-13T06:49:42.590+0000] {processor.py:925} INFO - DAG(s) 'AMBER_Daily_Scraping' retrieved from /opt/airflow/dags/AMBER_Daily_Scraping.py
[2025-11-13T06:49:42.612+0000] {logging_mixin.py:190} INFO - [2025-11-13T06:49:42.612+0000] {dag.py:3239} INFO - Sync 1 DAGs
[2025-11-13T06:49:42.662+0000] {processor.py:208} INFO - Processing /opt/airflow/dags/AMBER_Daily_Scraping.py took 0.108 seconds
[2025-11-13T06:50:13.041+0000] {processor.py:186} INFO - Started process (PID=119) to work on /opt/airflow/dags/AMBER_Daily_Scraping.py
[2025-11-13T06:50:13.043+0000] {processor.py:914} INFO - Processing file /opt/airflow/dags/AMBER_Daily_Scraping.py for tasks to queue
[2025-11-13T06:50:13.045+0000] {logging_mixin.py:190} INFO - [2025-11-13T06:50:13.044+0000] {dagbag.py:588} INFO - Filling up the DagBag from /opt/airflow/dags/AMBER_Daily_Scraping.py
[2025-11-13T06:50:13.079+0000] {processor.py:925} INFO - DAG(s) 'AMBER_Daily_Scraping' retrieved from /opt/airflow/dags/AMBER_Daily_Scraping.py
[2025-11-13T06:50:13.111+0000] {logging_mixin.py:190} INFO - [2025-11-13T06:50:13.110+0000] {dag.py:3239} INFO - Sync 1 DAGs
[2025-11-13T06:50:13.175+0000] {processor.py:208} INFO - Processing /opt/airflow/dags/AMBER_Daily_Scraping.py took 0.141 seconds
[2025-11-13T06:50:43.505+0000] {processor.py:186} INFO - Started process (PID=120) to work on /opt/airflow/dags/AMBER_Daily_Scraping.py
[2025-11-13T06:50:43.506+0000] {processor.py:914} INFO - Processing file /opt/airflow/dags/AMBER_Daily_Scraping.py for tasks to queue
[2025-11-13T06:50:43.507+0000] {logging_mixin.py:190} INFO - [2025-11-13T06:50:43.507+0000] {dagbag.py:588} INFO - Filling up the DagBag from /opt/airflow/dags/AMBER_Daily_Scraping.py
[2025-11-13T06:50:43.529+0000] {processor.py:925} INFO - DAG(s) 'AMBER_Daily_Scraping' retrieved from /opt/airflow/dags/AMBER_Daily_Scraping.py
[2025-11-13T06:50:43.550+0000] {logging_mixin.py:190} INFO - [2025-11-13T06:50:43.550+0000] {dag.py:3239} INFO - Sync 1 DAGs
[2025-11-13T06:50:43.600+0000] {processor.py:208} INFO - Processing /opt/airflow/dags/AMBER_Daily_Scraping.py took 0.100 seconds
[2025-11-13T06:51:13.904+0000] {processor.py:186} INFO - Started process (PID=121) to work on /opt/airflow/dags/AMBER_Daily_Scraping.py
[2025-11-13T06:51:13.905+0000] {processor.py:914} INFO - Processing file /opt/airflow/dags/AMBER_Daily_Scraping.py for tasks to queue
[2025-11-13T06:51:13.907+0000] {logging_mixin.py:190} INFO - [2025-11-13T06:51:13.906+0000] {dagbag.py:588} INFO - Filling up the DagBag from /opt/airflow/dags/AMBER_Daily_Scraping.py
[2025-11-13T06:51:13.931+0000] {processor.py:925} INFO - DAG(s) 'AMBER_Daily_Scraping' retrieved from /opt/airflow/dags/AMBER_Daily_Scraping.py
[2025-11-13T06:51:13.949+0000] {logging_mixin.py:190} INFO - [2025-11-13T06:51:13.949+0000] {dag.py:3239} INFO - Sync 1 DAGs
[2025-11-13T06:51:13.996+0000] {processor.py:208} INFO - Processing /opt/airflow/dags/AMBER_Daily_Scraping.py took 0.097 seconds
[2025-11-13T06:51:44.383+0000] {processor.py:186} INFO - Started process (PID=122) to work on /opt/airflow/dags/AMBER_Daily_Scraping.py
[2025-11-13T06:51:44.384+0000] {processor.py:914} INFO - Processing file /opt/airflow/dags/AMBER_Daily_Scraping.py for tasks to queue
[2025-11-13T06:51:44.386+0000] {logging_mixin.py:190} INFO - [2025-11-13T06:51:44.385+0000] {dagbag.py:588} INFO - Filling up the DagBag from /opt/airflow/dags/AMBER_Daily_Scraping.py
[2025-11-13T06:51:44.415+0000] {processor.py:925} INFO - DAG(s) 'AMBER_Daily_Scraping' retrieved from /opt/airflow/dags/AMBER_Daily_Scraping.py
[2025-11-13T06:51:44.434+0000] {logging_mixin.py:190} INFO - [2025-11-13T06:51:44.434+0000] {dag.py:3239} INFO - Sync 1 DAGs
[2025-11-13T06:51:44.483+0000] {processor.py:208} INFO - Processing /opt/airflow/dags/AMBER_Daily_Scraping.py took 0.107 seconds
[2025-11-13T06:52:14.855+0000] {processor.py:186} INFO - Started process (PID=123) to work on /opt/airflow/dags/AMBER_Daily_Scraping.py
[2025-11-13T06:52:14.856+0000] {processor.py:914} INFO - Processing file /opt/airflow/dags/AMBER_Daily_Scraping.py for tasks to queue
[2025-11-13T06:52:14.858+0000] {logging_mixin.py:190} INFO - [2025-11-13T06:52:14.857+0000] {dagbag.py:588} INFO - Filling up the DagBag from /opt/airflow/dags/AMBER_Daily_Scraping.py
[2025-11-13T06:52:14.882+0000] {processor.py:925} INFO - DAG(s) 'AMBER_Daily_Scraping' retrieved from /opt/airflow/dags/AMBER_Daily_Scraping.py
[2025-11-13T06:52:14.903+0000] {logging_mixin.py:190} INFO - [2025-11-13T06:52:14.903+0000] {dag.py:3239} INFO - Sync 1 DAGs
[2025-11-13T06:52:14.949+0000] {processor.py:208} INFO - Processing /opt/airflow/dags/AMBER_Daily_Scraping.py took 0.099 seconds
[2025-11-13T06:52:45.304+0000] {processor.py:186} INFO - Started process (PID=124) to work on /opt/airflow/dags/AMBER_Daily_Scraping.py
[2025-11-13T06:52:45.305+0000] {processor.py:914} INFO - Processing file /opt/airflow/dags/AMBER_Daily_Scraping.py for tasks to queue
[2025-11-13T06:52:45.307+0000] {logging_mixin.py:190} INFO - [2025-11-13T06:52:45.307+0000] {dagbag.py:588} INFO - Filling up the DagBag from /opt/airflow/dags/AMBER_Daily_Scraping.py
[2025-11-13T06:52:45.333+0000] {processor.py:925} INFO - DAG(s) 'AMBER_Daily_Scraping' retrieved from /opt/airflow/dags/AMBER_Daily_Scraping.py
[2025-11-13T06:52:45.353+0000] {logging_mixin.py:190} INFO - [2025-11-13T06:52:45.353+0000] {dag.py:3239} INFO - Sync 1 DAGs
[2025-11-13T06:52:45.407+0000] {processor.py:208} INFO - Processing /opt/airflow/dags/AMBER_Daily_Scraping.py took 0.109 seconds
[2025-11-13T06:53:15.767+0000] {processor.py:186} INFO - Started process (PID=125) to work on /opt/airflow/dags/AMBER_Daily_Scraping.py
[2025-11-13T06:53:15.769+0000] {processor.py:914} INFO - Processing file /opt/airflow/dags/AMBER_Daily_Scraping.py for tasks to queue
[2025-11-13T06:53:15.770+0000] {logging_mixin.py:190} INFO - [2025-11-13T06:53:15.770+0000] {dagbag.py:588} INFO - Filling up the DagBag from /opt/airflow/dags/AMBER_Daily_Scraping.py
[2025-11-13T06:53:15.791+0000] {processor.py:925} INFO - DAG(s) 'AMBER_Daily_Scraping' retrieved from /opt/airflow/dags/AMBER_Daily_Scraping.py
[2025-11-13T06:53:15.816+0000] {logging_mixin.py:190} INFO - [2025-11-13T06:53:15.815+0000] {dag.py:3239} INFO - Sync 1 DAGs
[2025-11-13T06:53:15.866+0000] {processor.py:208} INFO - Processing /opt/airflow/dags/AMBER_Daily_Scraping.py took 0.105 seconds
[2025-11-13T06:53:46.235+0000] {processor.py:186} INFO - Started process (PID=126) to work on /opt/airflow/dags/AMBER_Daily_Scraping.py
[2025-11-13T06:53:46.236+0000] {processor.py:914} INFO - Processing file /opt/airflow/dags/AMBER_Daily_Scraping.py for tasks to queue
[2025-11-13T06:53:46.238+0000] {logging_mixin.py:190} INFO - [2025-11-13T06:53:46.238+0000] {dagbag.py:588} INFO - Filling up the DagBag from /opt/airflow/dags/AMBER_Daily_Scraping.py
[2025-11-13T06:53:46.268+0000] {processor.py:925} INFO - DAG(s) 'AMBER_Daily_Scraping' retrieved from /opt/airflow/dags/AMBER_Daily_Scraping.py
[2025-11-13T06:53:46.288+0000] {logging_mixin.py:190} INFO - [2025-11-13T06:53:46.288+0000] {dag.py:3239} INFO - Sync 1 DAGs
[2025-11-13T06:53:46.339+0000] {processor.py:208} INFO - Processing /opt/airflow/dags/AMBER_Daily_Scraping.py took 0.110 seconds
[2025-11-13T06:54:16.672+0000] {processor.py:186} INFO - Started process (PID=127) to work on /opt/airflow/dags/AMBER_Daily_Scraping.py
[2025-11-13T06:54:16.673+0000] {processor.py:914} INFO - Processing file /opt/airflow/dags/AMBER_Daily_Scraping.py for tasks to queue
[2025-11-13T06:54:16.675+0000] {logging_mixin.py:190} INFO - [2025-11-13T06:54:16.674+0000] {dagbag.py:588} INFO - Filling up the DagBag from /opt/airflow/dags/AMBER_Daily_Scraping.py
[2025-11-13T06:54:16.695+0000] {processor.py:925} INFO - DAG(s) 'AMBER_Daily_Scraping' retrieved from /opt/airflow/dags/AMBER_Daily_Scraping.py
[2025-11-13T06:54:16.713+0000] {logging_mixin.py:190} INFO - [2025-11-13T06:54:16.712+0000] {dag.py:3239} INFO - Sync 1 DAGs
[2025-11-13T06:54:16.757+0000] {processor.py:208} INFO - Processing /opt/airflow/dags/AMBER_Daily_Scraping.py took 0.089 seconds
[2025-11-13T06:54:47.068+0000] {processor.py:186} INFO - Started process (PID=128) to work on /opt/airflow/dags/AMBER_Daily_Scraping.py
[2025-11-13T06:54:47.069+0000] {processor.py:914} INFO - Processing file /opt/airflow/dags/AMBER_Daily_Scraping.py for tasks to queue
[2025-11-13T06:54:47.071+0000] {logging_mixin.py:190} INFO - [2025-11-13T06:54:47.070+0000] {dagbag.py:588} INFO - Filling up the DagBag from /opt/airflow/dags/AMBER_Daily_Scraping.py
[2025-11-13T06:54:47.095+0000] {processor.py:925} INFO - DAG(s) 'AMBER_Daily_Scraping' retrieved from /opt/airflow/dags/AMBER_Daily_Scraping.py
[2025-11-13T06:54:47.112+0000] {logging_mixin.py:190} INFO - [2025-11-13T06:54:47.112+0000] {dag.py:3239} INFO - Sync 1 DAGs
[2025-11-13T06:54:47.156+0000] {processor.py:208} INFO - Processing /opt/airflow/dags/AMBER_Daily_Scraping.py took 0.093 seconds
[2025-11-13T06:55:17.497+0000] {processor.py:186} INFO - Started process (PID=129) to work on /opt/airflow/dags/AMBER_Daily_Scraping.py
[2025-11-13T06:55:17.498+0000] {processor.py:914} INFO - Processing file /opt/airflow/dags/AMBER_Daily_Scraping.py for tasks to queue
[2025-11-13T06:55:17.500+0000] {logging_mixin.py:190} INFO - [2025-11-13T06:55:17.500+0000] {dagbag.py:588} INFO - Filling up the DagBag from /opt/airflow/dags/AMBER_Daily_Scraping.py
[2025-11-13T06:55:17.522+0000] {processor.py:925} INFO - DAG(s) 'AMBER_Daily_Scraping' retrieved from /opt/airflow/dags/AMBER_Daily_Scraping.py
[2025-11-13T06:55:17.540+0000] {logging_mixin.py:190} INFO - [2025-11-13T06:55:17.540+0000] {dag.py:3239} INFO - Sync 1 DAGs
[2025-11-13T06:55:17.586+0000] {processor.py:208} INFO - Processing /opt/airflow/dags/AMBER_Daily_Scraping.py took 0.094 seconds
[2025-11-13T06:55:47.927+0000] {processor.py:186} INFO - Started process (PID=130) to work on /opt/airflow/dags/AMBER_Daily_Scraping.py
[2025-11-13T06:55:47.928+0000] {processor.py:914} INFO - Processing file /opt/airflow/dags/AMBER_Daily_Scraping.py for tasks to queue
[2025-11-13T06:55:47.929+0000] {logging_mixin.py:190} INFO - [2025-11-13T06:55:47.929+0000] {dagbag.py:588} INFO - Filling up the DagBag from /opt/airflow/dags/AMBER_Daily_Scraping.py
[2025-11-13T06:55:47.949+0000] {processor.py:925} INFO - DAG(s) 'AMBER_Daily_Scraping' retrieved from /opt/airflow/dags/AMBER_Daily_Scraping.py
[2025-11-13T06:55:47.970+0000] {logging_mixin.py:190} INFO - [2025-11-13T06:55:47.970+0000] {dag.py:3239} INFO - Sync 1 DAGs
[2025-11-13T06:55:48.014+0000] {processor.py:208} INFO - Processing /opt/airflow/dags/AMBER_Daily_Scraping.py took 0.092 seconds
[2025-11-13T06:56:18.302+0000] {processor.py:186} INFO - Started process (PID=131) to work on /opt/airflow/dags/AMBER_Daily_Scraping.py
[2025-11-13T06:56:18.304+0000] {processor.py:914} INFO - Processing file /opt/airflow/dags/AMBER_Daily_Scraping.py for tasks to queue
[2025-11-13T06:56:18.306+0000] {logging_mixin.py:190} INFO - [2025-11-13T06:56:18.305+0000] {dagbag.py:588} INFO - Filling up the DagBag from /opt/airflow/dags/AMBER_Daily_Scraping.py
[2025-11-13T06:56:18.326+0000] {processor.py:925} INFO - DAG(s) 'AMBER_Daily_Scraping' retrieved from /opt/airflow/dags/AMBER_Daily_Scraping.py
[2025-11-13T06:56:18.344+0000] {logging_mixin.py:190} INFO - [2025-11-13T06:56:18.344+0000] {dag.py:3239} INFO - Sync 1 DAGs
[2025-11-13T06:56:18.390+0000] {processor.py:208} INFO - Processing /opt/airflow/dags/AMBER_Daily_Scraping.py took 0.092 seconds
[2025-11-13T06:56:48.726+0000] {processor.py:186} INFO - Started process (PID=132) to work on /opt/airflow/dags/AMBER_Daily_Scraping.py
[2025-11-13T06:56:48.727+0000] {processor.py:914} INFO - Processing file /opt/airflow/dags/AMBER_Daily_Scraping.py for tasks to queue
[2025-11-13T06:56:48.728+0000] {logging_mixin.py:190} INFO - [2025-11-13T06:56:48.728+0000] {dagbag.py:588} INFO - Filling up the DagBag from /opt/airflow/dags/AMBER_Daily_Scraping.py
[2025-11-13T06:56:48.748+0000] {processor.py:925} INFO - DAG(s) 'AMBER_Daily_Scraping' retrieved from /opt/airflow/dags/AMBER_Daily_Scraping.py
[2025-11-13T06:56:48.764+0000] {logging_mixin.py:190} INFO - [2025-11-13T06:56:48.764+0000] {dag.py:3239} INFO - Sync 1 DAGs
[2025-11-13T06:56:48.808+0000] {processor.py:208} INFO - Processing /opt/airflow/dags/AMBER_Daily_Scraping.py took 0.087 seconds
[2025-11-13T06:57:19.170+0000] {processor.py:186} INFO - Started process (PID=133) to work on /opt/airflow/dags/AMBER_Daily_Scraping.py
[2025-11-13T06:57:19.171+0000] {processor.py:914} INFO - Processing file /opt/airflow/dags/AMBER_Daily_Scraping.py for tasks to queue
[2025-11-13T06:57:19.173+0000] {logging_mixin.py:190} INFO - [2025-11-13T06:57:19.172+0000] {dagbag.py:588} INFO - Filling up the DagBag from /opt/airflow/dags/AMBER_Daily_Scraping.py
[2025-11-13T06:57:19.192+0000] {processor.py:925} INFO - DAG(s) 'AMBER_Daily_Scraping' retrieved from /opt/airflow/dags/AMBER_Daily_Scraping.py
[2025-11-13T06:57:19.209+0000] {logging_mixin.py:190} INFO - [2025-11-13T06:57:19.209+0000] {dag.py:3239} INFO - Sync 1 DAGs
[2025-11-13T06:57:19.254+0000] {processor.py:208} INFO - Processing /opt/airflow/dags/AMBER_Daily_Scraping.py took 0.089 seconds
[2025-11-13T06:57:49.604+0000] {processor.py:186} INFO - Started process (PID=134) to work on /opt/airflow/dags/AMBER_Daily_Scraping.py
[2025-11-13T06:57:49.605+0000] {processor.py:914} INFO - Processing file /opt/airflow/dags/AMBER_Daily_Scraping.py for tasks to queue
[2025-11-13T06:57:49.606+0000] {logging_mixin.py:190} INFO - [2025-11-13T06:57:49.606+0000] {dagbag.py:588} INFO - Filling up the DagBag from /opt/airflow/dags/AMBER_Daily_Scraping.py
[2025-11-13T06:57:49.625+0000] {processor.py:925} INFO - DAG(s) 'AMBER_Daily_Scraping' retrieved from /opt/airflow/dags/AMBER_Daily_Scraping.py
[2025-11-13T06:57:49.642+0000] {logging_mixin.py:190} INFO - [2025-11-13T06:57:49.642+0000] {dag.py:3239} INFO - Sync 1 DAGs
[2025-11-13T06:57:49.688+0000] {processor.py:208} INFO - Processing /opt/airflow/dags/AMBER_Daily_Scraping.py took 0.089 seconds
[2025-11-13T06:58:20.279+0000] {processor.py:186} INFO - Started process (PID=135) to work on /opt/airflow/dags/AMBER_Daily_Scraping.py
[2025-11-13T06:58:20.280+0000] {processor.py:914} INFO - Processing file /opt/airflow/dags/AMBER_Daily_Scraping.py for tasks to queue
[2025-11-13T06:58:20.282+0000] {logging_mixin.py:190} INFO - [2025-11-13T06:58:20.281+0000] {dagbag.py:588} INFO - Filling up the DagBag from /opt/airflow/dags/AMBER_Daily_Scraping.py
[2025-11-13T06:58:20.305+0000] {processor.py:925} INFO - DAG(s) 'AMBER_Daily_Scraping' retrieved from /opt/airflow/dags/AMBER_Daily_Scraping.py
[2025-11-13T06:58:20.325+0000] {logging_mixin.py:190} INFO - [2025-11-13T06:58:20.324+0000] {dag.py:3239} INFO - Sync 1 DAGs
[2025-11-13T06:58:20.374+0000] {processor.py:208} INFO - Processing /opt/airflow/dags/AMBER_Daily_Scraping.py took 0.100 seconds
[2025-11-13T06:58:50.713+0000] {processor.py:186} INFO - Started process (PID=136) to work on /opt/airflow/dags/AMBER_Daily_Scraping.py
[2025-11-13T06:58:50.714+0000] {processor.py:914} INFO - Processing file /opt/airflow/dags/AMBER_Daily_Scraping.py for tasks to queue
[2025-11-13T06:58:50.715+0000] {logging_mixin.py:190} INFO - [2025-11-13T06:58:50.715+0000] {dagbag.py:588} INFO - Filling up the DagBag from /opt/airflow/dags/AMBER_Daily_Scraping.py
[2025-11-13T06:58:50.737+0000] {processor.py:925} INFO - DAG(s) 'AMBER_Daily_Scraping' retrieved from /opt/airflow/dags/AMBER_Daily_Scraping.py
[2025-11-13T06:58:50.753+0000] {logging_mixin.py:190} INFO - [2025-11-13T06:58:50.753+0000] {dag.py:3239} INFO - Sync 1 DAGs
[2025-11-13T06:58:50.797+0000] {processor.py:208} INFO - Processing /opt/airflow/dags/AMBER_Daily_Scraping.py took 0.090 seconds
[2025-11-13T06:59:09.924+0000] {processor.py:186} INFO - Started process (PID=137) to work on /opt/airflow/dags/AMBER_Daily_Scraping.py
[2025-11-13T06:59:09.925+0000] {processor.py:914} INFO - Processing file /opt/airflow/dags/AMBER_Daily_Scraping.py for tasks to queue
[2025-11-13T06:59:09.927+0000] {logging_mixin.py:190} INFO - [2025-11-13T06:59:09.927+0000] {dagbag.py:588} INFO - Filling up the DagBag from /opt/airflow/dags/AMBER_Daily_Scraping.py
[2025-11-13T06:59:09.959+0000] {processor.py:925} INFO - DAG(s) 'AMBER_Daily_Scraping' retrieved from /opt/airflow/dags/AMBER_Daily_Scraping.py
[2025-11-13T06:59:09.977+0000] {logging_mixin.py:190} INFO - [2025-11-13T06:59:09.976+0000] {dag.py:3239} INFO - Sync 1 DAGs
[2025-11-13T06:59:10.026+0000] {processor.py:208} INFO - Processing /opt/airflow/dags/AMBER_Daily_Scraping.py took 0.107 seconds
[2025-11-13T06:59:40.276+0000] {processor.py:186} INFO - Started process (PID=138) to work on /opt/airflow/dags/AMBER_Daily_Scraping.py
[2025-11-13T06:59:40.278+0000] {processor.py:914} INFO - Processing file /opt/airflow/dags/AMBER_Daily_Scraping.py for tasks to queue
[2025-11-13T06:59:40.280+0000] {logging_mixin.py:190} INFO - [2025-11-13T06:59:40.279+0000] {dagbag.py:588} INFO - Filling up the DagBag from /opt/airflow/dags/AMBER_Daily_Scraping.py
[2025-11-13T06:59:40.306+0000] {processor.py:925} INFO - DAG(s) 'AMBER_Daily_Scraping' retrieved from /opt/airflow/dags/AMBER_Daily_Scraping.py
[2025-11-13T06:59:40.325+0000] {logging_mixin.py:190} INFO - [2025-11-13T06:59:40.325+0000] {dag.py:3239} INFO - Sync 1 DAGs
[2025-11-13T06:59:40.372+0000] {processor.py:208} INFO - Processing /opt/airflow/dags/AMBER_Daily_Scraping.py took 0.101 seconds
[2025-11-13T07:00:10.858+0000] {processor.py:186} INFO - Started process (PID=139) to work on /opt/airflow/dags/AMBER_Daily_Scraping.py
[2025-11-13T07:00:10.859+0000] {processor.py:914} INFO - Processing file /opt/airflow/dags/AMBER_Daily_Scraping.py for tasks to queue
[2025-11-13T07:00:10.861+0000] {logging_mixin.py:190} INFO - [2025-11-13T07:00:10.861+0000] {dagbag.py:588} INFO - Filling up the DagBag from /opt/airflow/dags/AMBER_Daily_Scraping.py
[2025-11-13T07:00:10.883+0000] {processor.py:925} INFO - DAG(s) 'AMBER_Daily_Scraping' retrieved from /opt/airflow/dags/AMBER_Daily_Scraping.py
[2025-11-13T07:00:10.900+0000] {logging_mixin.py:190} INFO - [2025-11-13T07:00:10.900+0000] {dag.py:3239} INFO - Sync 1 DAGs
[2025-11-13T07:00:10.949+0000] {processor.py:208} INFO - Processing /opt/airflow/dags/AMBER_Daily_Scraping.py took 0.095 seconds
[2025-11-13T07:00:41.196+0000] {processor.py:186} INFO - Started process (PID=140) to work on /opt/airflow/dags/AMBER_Daily_Scraping.py
[2025-11-13T07:00:41.197+0000] {processor.py:914} INFO - Processing file /opt/airflow/dags/AMBER_Daily_Scraping.py for tasks to queue
[2025-11-13T07:00:41.198+0000] {logging_mixin.py:190} INFO - [2025-11-13T07:00:41.198+0000] {dagbag.py:588} INFO - Filling up the DagBag from /opt/airflow/dags/AMBER_Daily_Scraping.py
[2025-11-13T07:00:41.219+0000] {processor.py:925} INFO - DAG(s) 'AMBER_Daily_Scraping' retrieved from /opt/airflow/dags/AMBER_Daily_Scraping.py
[2025-11-13T07:00:41.238+0000] {logging_mixin.py:190} INFO - [2025-11-13T07:00:41.237+0000] {dag.py:3239} INFO - Sync 1 DAGs
[2025-11-13T07:00:41.287+0000] {processor.py:208} INFO - Processing /opt/airflow/dags/AMBER_Daily_Scraping.py took 0.097 seconds
[2025-11-13T07:01:11.522+0000] {processor.py:186} INFO - Started process (PID=164) to work on /opt/airflow/dags/AMBER_Daily_Scraping.py
[2025-11-13T07:01:11.523+0000] {processor.py:914} INFO - Processing file /opt/airflow/dags/AMBER_Daily_Scraping.py for tasks to queue
[2025-11-13T07:01:11.525+0000] {logging_mixin.py:190} INFO - [2025-11-13T07:01:11.524+0000] {dagbag.py:588} INFO - Filling up the DagBag from /opt/airflow/dags/AMBER_Daily_Scraping.py
[2025-11-13T07:01:11.549+0000] {processor.py:925} INFO - DAG(s) 'AMBER_Daily_Scraping' retrieved from /opt/airflow/dags/AMBER_Daily_Scraping.py
[2025-11-13T07:01:11.573+0000] {logging_mixin.py:190} INFO - [2025-11-13T07:01:11.572+0000] {dag.py:3239} INFO - Sync 1 DAGs
[2025-11-13T07:01:11.626+0000] {processor.py:208} INFO - Processing /opt/airflow/dags/AMBER_Daily_Scraping.py took 0.110 seconds
[2025-11-13T07:01:41.772+0000] {processor.py:186} INFO - Started process (PID=165) to work on /opt/airflow/dags/AMBER_Daily_Scraping.py
[2025-11-13T07:01:41.773+0000] {processor.py:914} INFO - Processing file /opt/airflow/dags/AMBER_Daily_Scraping.py for tasks to queue
[2025-11-13T07:01:41.775+0000] {logging_mixin.py:190} INFO - [2025-11-13T07:01:41.774+0000] {dagbag.py:588} INFO - Filling up the DagBag from /opt/airflow/dags/AMBER_Daily_Scraping.py
[2025-11-13T07:01:41.793+0000] {processor.py:925} INFO - DAG(s) 'AMBER_Daily_Scraping' retrieved from /opt/airflow/dags/AMBER_Daily_Scraping.py
[2025-11-13T07:01:41.810+0000] {logging_mixin.py:190} INFO - [2025-11-13T07:01:41.810+0000] {dag.py:3239} INFO - Sync 1 DAGs
[2025-11-13T07:01:41.855+0000] {processor.py:208} INFO - Processing /opt/airflow/dags/AMBER_Daily_Scraping.py took 0.088 seconds
[2025-11-13T07:02:12.094+0000] {processor.py:186} INFO - Started process (PID=166) to work on /opt/airflow/dags/AMBER_Daily_Scraping.py
[2025-11-13T07:02:12.096+0000] {processor.py:914} INFO - Processing file /opt/airflow/dags/AMBER_Daily_Scraping.py for tasks to queue
[2025-11-13T07:02:12.097+0000] {logging_mixin.py:190} INFO - [2025-11-13T07:02:12.097+0000] {dagbag.py:588} INFO - Filling up the DagBag from /opt/airflow/dags/AMBER_Daily_Scraping.py
[2025-11-13T07:02:12.121+0000] {processor.py:925} INFO - DAG(s) 'AMBER_Daily_Scraping' retrieved from /opt/airflow/dags/AMBER_Daily_Scraping.py
[2025-11-13T07:02:12.141+0000] {logging_mixin.py:190} INFO - [2025-11-13T07:02:12.140+0000] {dag.py:3239} INFO - Sync 1 DAGs
[2025-11-13T07:02:12.188+0000] {processor.py:208} INFO - Processing /opt/airflow/dags/AMBER_Daily_Scraping.py took 0.099 seconds
[2025-11-13T07:02:42.427+0000] {processor.py:186} INFO - Started process (PID=167) to work on /opt/airflow/dags/AMBER_Daily_Scraping.py
[2025-11-13T07:02:42.428+0000] {processor.py:914} INFO - Processing file /opt/airflow/dags/AMBER_Daily_Scraping.py for tasks to queue
[2025-11-13T07:02:42.431+0000] {logging_mixin.py:190} INFO - [2025-11-13T07:02:42.431+0000] {dagbag.py:588} INFO - Filling up the DagBag from /opt/airflow/dags/AMBER_Daily_Scraping.py
[2025-11-13T07:02:42.453+0000] {processor.py:925} INFO - DAG(s) 'AMBER_Daily_Scraping' retrieved from /opt/airflow/dags/AMBER_Daily_Scraping.py
[2025-11-13T07:02:42.477+0000] {logging_mixin.py:190} INFO - [2025-11-13T07:02:42.477+0000] {dag.py:3239} INFO - Sync 1 DAGs
[2025-11-13T07:02:42.529+0000] {processor.py:208} INFO - Processing /opt/airflow/dags/AMBER_Daily_Scraping.py took 0.108 seconds
[2025-11-13T07:03:12.746+0000] {processor.py:186} INFO - Started process (PID=168) to work on /opt/airflow/dags/AMBER_Daily_Scraping.py
[2025-11-13T07:03:12.747+0000] {processor.py:914} INFO - Processing file /opt/airflow/dags/AMBER_Daily_Scraping.py for tasks to queue
[2025-11-13T07:03:12.748+0000] {logging_mixin.py:190} INFO - [2025-11-13T07:03:12.748+0000] {dagbag.py:588} INFO - Filling up the DagBag from /opt/airflow/dags/AMBER_Daily_Scraping.py
[2025-11-13T07:03:12.768+0000] {processor.py:925} INFO - DAG(s) 'AMBER_Daily_Scraping' retrieved from /opt/airflow/dags/AMBER_Daily_Scraping.py
[2025-11-13T07:03:12.786+0000] {logging_mixin.py:190} INFO - [2025-11-13T07:03:12.786+0000] {dag.py:3239} INFO - Sync 1 DAGs
[2025-11-13T07:03:12.833+0000] {processor.py:208} INFO - Processing /opt/airflow/dags/AMBER_Daily_Scraping.py took 0.091 seconds
[2025-11-13T07:03:43.068+0000] {processor.py:186} INFO - Started process (PID=169) to work on /opt/airflow/dags/AMBER_Daily_Scraping.py
[2025-11-13T07:03:43.069+0000] {processor.py:914} INFO - Processing file /opt/airflow/dags/AMBER_Daily_Scraping.py for tasks to queue
[2025-11-13T07:03:43.070+0000] {logging_mixin.py:190} INFO - [2025-11-13T07:03:43.070+0000] {dagbag.py:588} INFO - Filling up the DagBag from /opt/airflow/dags/AMBER_Daily_Scraping.py
[2025-11-13T07:03:43.090+0000] {processor.py:925} INFO - DAG(s) 'AMBER_Daily_Scraping' retrieved from /opt/airflow/dags/AMBER_Daily_Scraping.py
[2025-11-13T07:03:43.107+0000] {logging_mixin.py:190} INFO - [2025-11-13T07:03:43.107+0000] {dag.py:3239} INFO - Sync 1 DAGs
[2025-11-13T07:03:43.151+0000] {processor.py:208} INFO - Processing /opt/airflow/dags/AMBER_Daily_Scraping.py took 0.088 seconds
[2025-11-13T07:04:13.386+0000] {processor.py:186} INFO - Started process (PID=170) to work on /opt/airflow/dags/AMBER_Daily_Scraping.py
[2025-11-13T07:04:13.387+0000] {processor.py:914} INFO - Processing file /opt/airflow/dags/AMBER_Daily_Scraping.py for tasks to queue
[2025-11-13T07:04:13.389+0000] {logging_mixin.py:190} INFO - [2025-11-13T07:04:13.388+0000] {dagbag.py:588} INFO - Filling up the DagBag from /opt/airflow/dags/AMBER_Daily_Scraping.py
[2025-11-13T07:04:13.407+0000] {processor.py:925} INFO - DAG(s) 'AMBER_Daily_Scraping' retrieved from /opt/airflow/dags/AMBER_Daily_Scraping.py
[2025-11-13T07:04:13.426+0000] {logging_mixin.py:190} INFO - [2025-11-13T07:04:13.426+0000] {dag.py:3239} INFO - Sync 1 DAGs
[2025-11-13T07:04:13.471+0000] {processor.py:208} INFO - Processing /opt/airflow/dags/AMBER_Daily_Scraping.py took 0.090 seconds
[2025-11-13T07:04:43.722+0000] {processor.py:186} INFO - Started process (PID=171) to work on /opt/airflow/dags/AMBER_Daily_Scraping.py
[2025-11-13T07:04:43.723+0000] {processor.py:914} INFO - Processing file /opt/airflow/dags/AMBER_Daily_Scraping.py for tasks to queue
[2025-11-13T07:04:43.724+0000] {logging_mixin.py:190} INFO - [2025-11-13T07:04:43.724+0000] {dagbag.py:588} INFO - Filling up the DagBag from /opt/airflow/dags/AMBER_Daily_Scraping.py
[2025-11-13T07:04:43.743+0000] {processor.py:925} INFO - DAG(s) 'AMBER_Daily_Scraping' retrieved from /opt/airflow/dags/AMBER_Daily_Scraping.py
[2025-11-13T07:04:43.763+0000] {logging_mixin.py:190} INFO - [2025-11-13T07:04:43.763+0000] {dag.py:3239} INFO - Sync 1 DAGs
[2025-11-13T07:04:43.819+0000] {processor.py:208} INFO - Processing /opt/airflow/dags/AMBER_Daily_Scraping.py took 0.103 seconds
[2025-11-13T07:05:14.087+0000] {processor.py:186} INFO - Started process (PID=172) to work on /opt/airflow/dags/AMBER_Daily_Scraping.py
[2025-11-13T07:05:14.088+0000] {processor.py:914} INFO - Processing file /opt/airflow/dags/AMBER_Daily_Scraping.py for tasks to queue
[2025-11-13T07:05:14.090+0000] {logging_mixin.py:190} INFO - [2025-11-13T07:05:14.090+0000] {dagbag.py:588} INFO - Filling up the DagBag from /opt/airflow/dags/AMBER_Daily_Scraping.py
[2025-11-13T07:05:14.114+0000] {processor.py:925} INFO - DAG(s) 'AMBER_Daily_Scraping' retrieved from /opt/airflow/dags/AMBER_Daily_Scraping.py
[2025-11-13T07:05:14.135+0000] {logging_mixin.py:190} INFO - [2025-11-13T07:05:14.135+0000] {dag.py:3239} INFO - Sync 1 DAGs
[2025-11-13T07:05:14.193+0000] {processor.py:208} INFO - Processing /opt/airflow/dags/AMBER_Daily_Scraping.py took 0.111 seconds
[2025-11-13T07:05:44.356+0000] {processor.py:186} INFO - Started process (PID=173) to work on /opt/airflow/dags/AMBER_Daily_Scraping.py
[2025-11-13T07:05:44.357+0000] {processor.py:914} INFO - Processing file /opt/airflow/dags/AMBER_Daily_Scraping.py for tasks to queue
[2025-11-13T07:05:44.358+0000] {logging_mixin.py:190} INFO - [2025-11-13T07:05:44.358+0000] {dagbag.py:588} INFO - Filling up the DagBag from /opt/airflow/dags/AMBER_Daily_Scraping.py
[2025-11-13T07:05:44.376+0000] {processor.py:925} INFO - DAG(s) 'AMBER_Daily_Scraping' retrieved from /opt/airflow/dags/AMBER_Daily_Scraping.py
[2025-11-13T07:05:44.395+0000] {logging_mixin.py:190} INFO - [2025-11-13T07:05:44.395+0000] {dag.py:3239} INFO - Sync 1 DAGs
[2025-11-13T07:05:44.456+0000] {processor.py:208} INFO - Processing /opt/airflow/dags/AMBER_Daily_Scraping.py took 0.105 seconds
[2025-11-13T07:06:14.673+0000] {processor.py:186} INFO - Started process (PID=174) to work on /opt/airflow/dags/AMBER_Daily_Scraping.py
[2025-11-13T07:06:14.675+0000] {processor.py:914} INFO - Processing file /opt/airflow/dags/AMBER_Daily_Scraping.py for tasks to queue
[2025-11-13T07:06:14.678+0000] {logging_mixin.py:190} INFO - [2025-11-13T07:06:14.677+0000] {dagbag.py:588} INFO - Filling up the DagBag from /opt/airflow/dags/AMBER_Daily_Scraping.py
[2025-11-13T07:06:14.718+0000] {processor.py:925} INFO - DAG(s) 'AMBER_Daily_Scraping' retrieved from /opt/airflow/dags/AMBER_Daily_Scraping.py
[2025-11-13T07:06:14.739+0000] {logging_mixin.py:190} INFO - [2025-11-13T07:06:14.739+0000] {dag.py:3239} INFO - Sync 1 DAGs
[2025-11-13T07:06:14.791+0000] {processor.py:208} INFO - Processing /opt/airflow/dags/AMBER_Daily_Scraping.py took 0.124 seconds
[2025-11-13T07:06:45.012+0000] {processor.py:186} INFO - Started process (PID=175) to work on /opt/airflow/dags/AMBER_Daily_Scraping.py
[2025-11-13T07:06:45.014+0000] {processor.py:914} INFO - Processing file /opt/airflow/dags/AMBER_Daily_Scraping.py for tasks to queue
[2025-11-13T07:06:45.017+0000] {logging_mixin.py:190} INFO - [2025-11-13T07:06:45.016+0000] {dagbag.py:588} INFO - Filling up the DagBag from /opt/airflow/dags/AMBER_Daily_Scraping.py
[2025-11-13T07:06:45.046+0000] {processor.py:925} INFO - DAG(s) 'AMBER_Daily_Scraping' retrieved from /opt/airflow/dags/AMBER_Daily_Scraping.py
[2025-11-13T07:06:45.068+0000] {logging_mixin.py:190} INFO - [2025-11-13T07:06:45.068+0000] {dag.py:3239} INFO - Sync 1 DAGs
[2025-11-13T07:06:45.117+0000] {processor.py:208} INFO - Processing /opt/airflow/dags/AMBER_Daily_Scraping.py took 0.112 seconds
[2025-11-13T07:07:15.364+0000] {processor.py:186} INFO - Started process (PID=176) to work on /opt/airflow/dags/AMBER_Daily_Scraping.py
[2025-11-13T07:07:15.366+0000] {processor.py:914} INFO - Processing file /opt/airflow/dags/AMBER_Daily_Scraping.py for tasks to queue
[2025-11-13T07:07:15.369+0000] {logging_mixin.py:190} INFO - [2025-11-13T07:07:15.368+0000] {dagbag.py:588} INFO - Filling up the DagBag from /opt/airflow/dags/AMBER_Daily_Scraping.py
[2025-11-13T07:07:15.408+0000] {processor.py:925} INFO - DAG(s) 'AMBER_Daily_Scraping' retrieved from /opt/airflow/dags/AMBER_Daily_Scraping.py
[2025-11-13T07:07:15.436+0000] {logging_mixin.py:190} INFO - [2025-11-13T07:07:15.435+0000] {dag.py:3239} INFO - Sync 1 DAGs
[2025-11-13T07:07:15.496+0000] {processor.py:208} INFO - Processing /opt/airflow/dags/AMBER_Daily_Scraping.py took 0.142 seconds
[2025-11-13T07:07:45.699+0000] {processor.py:186} INFO - Started process (PID=177) to work on /opt/airflow/dags/AMBER_Daily_Scraping.py
[2025-11-13T07:07:45.701+0000] {processor.py:914} INFO - Processing file /opt/airflow/dags/AMBER_Daily_Scraping.py for tasks to queue
[2025-11-13T07:07:45.704+0000] {logging_mixin.py:190} INFO - [2025-11-13T07:07:45.703+0000] {dagbag.py:588} INFO - Filling up the DagBag from /opt/airflow/dags/AMBER_Daily_Scraping.py
[2025-11-13T07:07:45.742+0000] {processor.py:925} INFO - DAG(s) 'AMBER_Daily_Scraping' retrieved from /opt/airflow/dags/AMBER_Daily_Scraping.py
[2025-11-13T07:07:45.762+0000] {logging_mixin.py:190} INFO - [2025-11-13T07:07:45.762+0000] {dag.py:3239} INFO - Sync 1 DAGs
[2025-11-13T07:07:45.809+0000] {processor.py:208} INFO - Processing /opt/airflow/dags/AMBER_Daily_Scraping.py took 0.117 seconds
[2025-11-13T07:08:16.042+0000] {processor.py:186} INFO - Started process (PID=178) to work on /opt/airflow/dags/AMBER_Daily_Scraping.py
[2025-11-13T07:08:16.044+0000] {processor.py:914} INFO - Processing file /opt/airflow/dags/AMBER_Daily_Scraping.py for tasks to queue
[2025-11-13T07:08:16.047+0000] {logging_mixin.py:190} INFO - [2025-11-13T07:08:16.046+0000] {dagbag.py:588} INFO - Filling up the DagBag from /opt/airflow/dags/AMBER_Daily_Scraping.py
[2025-11-13T07:08:16.088+0000] {processor.py:925} INFO - DAG(s) 'AMBER_Daily_Scraping' retrieved from /opt/airflow/dags/AMBER_Daily_Scraping.py
[2025-11-13T07:08:16.119+0000] {logging_mixin.py:190} INFO - [2025-11-13T07:08:16.119+0000] {dag.py:3239} INFO - Sync 1 DAGs
[2025-11-13T07:08:16.179+0000] {processor.py:208} INFO - Processing /opt/airflow/dags/AMBER_Daily_Scraping.py took 0.145 seconds
[2025-11-13T07:08:46.423+0000] {processor.py:186} INFO - Started process (PID=179) to work on /opt/airflow/dags/AMBER_Daily_Scraping.py
[2025-11-13T07:08:46.425+0000] {processor.py:914} INFO - Processing file /opt/airflow/dags/AMBER_Daily_Scraping.py for tasks to queue
[2025-11-13T07:08:46.426+0000] {logging_mixin.py:190} INFO - [2025-11-13T07:08:46.426+0000] {dagbag.py:588} INFO - Filling up the DagBag from /opt/airflow/dags/AMBER_Daily_Scraping.py
[2025-11-13T07:08:46.461+0000] {processor.py:925} INFO - DAG(s) 'AMBER_Daily_Scraping' retrieved from /opt/airflow/dags/AMBER_Daily_Scraping.py
[2025-11-13T07:08:46.481+0000] {logging_mixin.py:190} INFO - [2025-11-13T07:08:46.481+0000] {dag.py:3239} INFO - Sync 1 DAGs
[2025-11-13T07:08:46.528+0000] {processor.py:208} INFO - Processing /opt/airflow/dags/AMBER_Daily_Scraping.py took 0.112 seconds
[2025-11-13T07:09:16.751+0000] {processor.py:186} INFO - Started process (PID=180) to work on /opt/airflow/dags/AMBER_Daily_Scraping.py
[2025-11-13T07:09:16.753+0000] {processor.py:914} INFO - Processing file /opt/airflow/dags/AMBER_Daily_Scraping.py for tasks to queue
[2025-11-13T07:09:16.754+0000] {logging_mixin.py:190} INFO - [2025-11-13T07:09:16.754+0000] {dagbag.py:588} INFO - Filling up the DagBag from /opt/airflow/dags/AMBER_Daily_Scraping.py
[2025-11-13T07:09:16.787+0000] {processor.py:925} INFO - DAG(s) 'AMBER_Daily_Scraping' retrieved from /opt/airflow/dags/AMBER_Daily_Scraping.py
[2025-11-13T07:09:16.806+0000] {logging_mixin.py:190} INFO - [2025-11-13T07:09:16.806+0000] {dag.py:3239} INFO - Sync 1 DAGs
[2025-11-13T07:09:16.856+0000] {processor.py:208} INFO - Processing /opt/airflow/dags/AMBER_Daily_Scraping.py took 0.110 seconds
[2025-11-13T07:09:47.034+0000] {processor.py:186} INFO - Started process (PID=181) to work on /opt/airflow/dags/AMBER_Daily_Scraping.py
[2025-11-13T07:09:47.036+0000] {processor.py:914} INFO - Processing file /opt/airflow/dags/AMBER_Daily_Scraping.py for tasks to queue
[2025-11-13T07:09:47.039+0000] {logging_mixin.py:190} INFO - [2025-11-13T07:09:47.038+0000] {dagbag.py:588} INFO - Filling up the DagBag from /opt/airflow/dags/AMBER_Daily_Scraping.py
[2025-11-13T07:09:47.086+0000] {processor.py:925} INFO - DAG(s) 'AMBER_Daily_Scraping' retrieved from /opt/airflow/dags/AMBER_Daily_Scraping.py
[2025-11-13T07:09:47.108+0000] {logging_mixin.py:190} INFO - [2025-11-13T07:09:47.108+0000] {dag.py:3239} INFO - Sync 1 DAGs
[2025-11-13T07:09:47.161+0000] {processor.py:208} INFO - Processing /opt/airflow/dags/AMBER_Daily_Scraping.py took 0.134 seconds
[2025-11-13T07:10:17.387+0000] {processor.py:186} INFO - Started process (PID=182) to work on /opt/airflow/dags/AMBER_Daily_Scraping.py
[2025-11-13T07:10:17.388+0000] {processor.py:914} INFO - Processing file /opt/airflow/dags/AMBER_Daily_Scraping.py for tasks to queue
[2025-11-13T07:10:17.391+0000] {logging_mixin.py:190} INFO - [2025-11-13T07:10:17.390+0000] {dagbag.py:588} INFO - Filling up the DagBag from /opt/airflow/dags/AMBER_Daily_Scraping.py
[2025-11-13T07:10:17.451+0000] {processor.py:925} INFO - DAG(s) 'AMBER_Daily_Scraping' retrieved from /opt/airflow/dags/AMBER_Daily_Scraping.py
[2025-11-13T07:10:17.471+0000] {logging_mixin.py:190} INFO - [2025-11-13T07:10:17.470+0000] {dag.py:3239} INFO - Sync 1 DAGs
[2025-11-13T07:10:17.522+0000] {processor.py:208} INFO - Processing /opt/airflow/dags/AMBER_Daily_Scraping.py took 0.141 seconds
[2025-11-13T07:10:47.759+0000] {processor.py:186} INFO - Started process (PID=183) to work on /opt/airflow/dags/AMBER_Daily_Scraping.py
[2025-11-13T07:10:47.760+0000] {processor.py:914} INFO - Processing file /opt/airflow/dags/AMBER_Daily_Scraping.py for tasks to queue
[2025-11-13T07:10:47.762+0000] {logging_mixin.py:190} INFO - [2025-11-13T07:10:47.762+0000] {dagbag.py:588} INFO - Filling up the DagBag from /opt/airflow/dags/AMBER_Daily_Scraping.py
[2025-11-13T07:10:47.805+0000] {processor.py:925} INFO - DAG(s) 'AMBER_Daily_Scraping' retrieved from /opt/airflow/dags/AMBER_Daily_Scraping.py
[2025-11-13T07:10:47.824+0000] {logging_mixin.py:190} INFO - [2025-11-13T07:10:47.824+0000] {dag.py:3239} INFO - Sync 1 DAGs
[2025-11-13T07:10:47.872+0000] {processor.py:208} INFO - Processing /opt/airflow/dags/AMBER_Daily_Scraping.py took 0.120 seconds
[2025-11-13T07:11:18.157+0000] {processor.py:186} INFO - Started process (PID=184) to work on /opt/airflow/dags/AMBER_Daily_Scraping.py
[2025-11-13T07:11:18.159+0000] {processor.py:914} INFO - Processing file /opt/airflow/dags/AMBER_Daily_Scraping.py for tasks to queue
[2025-11-13T07:11:18.162+0000] {logging_mixin.py:190} INFO - [2025-11-13T07:11:18.161+0000] {dagbag.py:588} INFO - Filling up the DagBag from /opt/airflow/dags/AMBER_Daily_Scraping.py
[2025-11-13T07:11:18.211+0000] {processor.py:925} INFO - DAG(s) 'AMBER_Daily_Scraping' retrieved from /opt/airflow/dags/AMBER_Daily_Scraping.py
[2025-11-13T07:11:18.247+0000] {logging_mixin.py:190} INFO - [2025-11-13T07:11:18.247+0000] {dag.py:3239} INFO - Sync 1 DAGs
[2025-11-13T07:11:18.304+0000] {processor.py:208} INFO - Processing /opt/airflow/dags/AMBER_Daily_Scraping.py took 0.157 seconds
[2025-11-13T07:11:48.515+0000] {processor.py:186} INFO - Started process (PID=185) to work on /opt/airflow/dags/AMBER_Daily_Scraping.py
[2025-11-13T07:11:48.517+0000] {processor.py:914} INFO - Processing file /opt/airflow/dags/AMBER_Daily_Scraping.py for tasks to queue
[2025-11-13T07:11:48.518+0000] {logging_mixin.py:190} INFO - [2025-11-13T07:11:48.518+0000] {dagbag.py:588} INFO - Filling up the DagBag from /opt/airflow/dags/AMBER_Daily_Scraping.py
[2025-11-13T07:11:48.557+0000] {processor.py:925} INFO - DAG(s) 'AMBER_Daily_Scraping' retrieved from /opt/airflow/dags/AMBER_Daily_Scraping.py
[2025-11-13T07:11:48.575+0000] {logging_mixin.py:190} INFO - [2025-11-13T07:11:48.575+0000] {dag.py:3239} INFO - Sync 1 DAGs
[2025-11-13T07:11:48.631+0000] {processor.py:208} INFO - Processing /opt/airflow/dags/AMBER_Daily_Scraping.py took 0.121 seconds
[2025-11-13T07:12:18.781+0000] {processor.py:186} INFO - Started process (PID=186) to work on /opt/airflow/dags/AMBER_Daily_Scraping.py
[2025-11-13T07:12:18.783+0000] {processor.py:914} INFO - Processing file /opt/airflow/dags/AMBER_Daily_Scraping.py for tasks to queue
[2025-11-13T07:12:18.786+0000] {logging_mixin.py:190} INFO - [2025-11-13T07:12:18.785+0000] {dagbag.py:588} INFO - Filling up the DagBag from /opt/airflow/dags/AMBER_Daily_Scraping.py
[2025-11-13T07:12:18.859+0000] {processor.py:925} INFO - DAG(s) 'AMBER_Daily_Scraping' retrieved from /opt/airflow/dags/AMBER_Daily_Scraping.py
[2025-11-13T07:12:18.878+0000] {logging_mixin.py:190} INFO - [2025-11-13T07:12:18.877+0000] {dag.py:3239} INFO - Sync 1 DAGs
[2025-11-13T07:12:18.924+0000] {processor.py:208} INFO - Processing /opt/airflow/dags/AMBER_Daily_Scraping.py took 0.148 seconds
[2025-11-13T07:12:49.108+0000] {processor.py:186} INFO - Started process (PID=187) to work on /opt/airflow/dags/AMBER_Daily_Scraping.py
[2025-11-13T07:12:49.110+0000] {processor.py:914} INFO - Processing file /opt/airflow/dags/AMBER_Daily_Scraping.py for tasks to queue
[2025-11-13T07:12:49.112+0000] {logging_mixin.py:190} INFO - [2025-11-13T07:12:49.112+0000] {dagbag.py:588} INFO - Filling up the DagBag from /opt/airflow/dags/AMBER_Daily_Scraping.py
[2025-11-13T07:12:49.155+0000] {processor.py:925} INFO - DAG(s) 'AMBER_Daily_Scraping' retrieved from /opt/airflow/dags/AMBER_Daily_Scraping.py
[2025-11-13T07:12:49.180+0000] {logging_mixin.py:190} INFO - [2025-11-13T07:12:49.180+0000] {dag.py:3239} INFO - Sync 1 DAGs
[2025-11-13T07:12:49.241+0000] {processor.py:208} INFO - Processing /opt/airflow/dags/AMBER_Daily_Scraping.py took 0.139 seconds
[2025-11-13T07:13:19.499+0000] {processor.py:186} INFO - Started process (PID=188) to work on /opt/airflow/dags/AMBER_Daily_Scraping.py
[2025-11-13T07:13:19.502+0000] {processor.py:914} INFO - Processing file /opt/airflow/dags/AMBER_Daily_Scraping.py for tasks to queue
[2025-11-13T07:13:19.504+0000] {logging_mixin.py:190} INFO - [2025-11-13T07:13:19.503+0000] {dagbag.py:588} INFO - Filling up the DagBag from /opt/airflow/dags/AMBER_Daily_Scraping.py
[2025-11-13T07:13:19.546+0000] {processor.py:925} INFO - DAG(s) 'AMBER_Daily_Scraping' retrieved from /opt/airflow/dags/AMBER_Daily_Scraping.py
[2025-11-13T07:13:19.576+0000] {logging_mixin.py:190} INFO - [2025-11-13T07:13:19.575+0000] {dag.py:3239} INFO - Sync 1 DAGs
[2025-11-13T07:13:19.640+0000] {processor.py:208} INFO - Processing /opt/airflow/dags/AMBER_Daily_Scraping.py took 0.150 seconds
[2025-11-13T07:13:49.775+0000] {processor.py:186} INFO - Started process (PID=189) to work on /opt/airflow/dags/AMBER_Daily_Scraping.py
[2025-11-13T07:13:49.777+0000] {processor.py:914} INFO - Processing file /opt/airflow/dags/AMBER_Daily_Scraping.py for tasks to queue
[2025-11-13T07:13:49.779+0000] {logging_mixin.py:190} INFO - [2025-11-13T07:13:49.778+0000] {dagbag.py:588} INFO - Filling up the DagBag from /opt/airflow/dags/AMBER_Daily_Scraping.py
[2025-11-13T07:13:49.844+0000] {processor.py:925} INFO - DAG(s) 'AMBER_Daily_Scraping' retrieved from /opt/airflow/dags/AMBER_Daily_Scraping.py
[2025-11-13T07:13:49.985+0000] {logging_mixin.py:190} INFO - [2025-11-13T07:13:49.985+0000] {dag.py:3239} INFO - Sync 1 DAGs
[2025-11-13T07:13:50.047+0000] {processor.py:208} INFO - Processing /opt/airflow/dags/AMBER_Daily_Scraping.py took 0.279 seconds
[2025-11-13T07:14:20.265+0000] {processor.py:186} INFO - Started process (PID=190) to work on /opt/airflow/dags/AMBER_Daily_Scraping.py
[2025-11-13T07:14:20.266+0000] {processor.py:914} INFO - Processing file /opt/airflow/dags/AMBER_Daily_Scraping.py for tasks to queue
[2025-11-13T07:14:20.268+0000] {logging_mixin.py:190} INFO - [2025-11-13T07:14:20.268+0000] {dagbag.py:588} INFO - Filling up the DagBag from /opt/airflow/dags/AMBER_Daily_Scraping.py
[2025-11-13T07:14:20.328+0000] {processor.py:925} INFO - DAG(s) 'AMBER_Daily_Scraping' retrieved from /opt/airflow/dags/AMBER_Daily_Scraping.py
[2025-11-13T07:14:20.356+0000] {logging_mixin.py:190} INFO - [2025-11-13T07:14:20.355+0000] {dag.py:3239} INFO - Sync 1 DAGs
[2025-11-13T07:14:20.415+0000] {processor.py:208} INFO - Processing /opt/airflow/dags/AMBER_Daily_Scraping.py took 0.156 seconds
[2025-11-13T07:14:50.592+0000] {processor.py:186} INFO - Started process (PID=191) to work on /opt/airflow/dags/AMBER_Daily_Scraping.py
[2025-11-13T07:14:50.594+0000] {processor.py:914} INFO - Processing file /opt/airflow/dags/AMBER_Daily_Scraping.py for tasks to queue
[2025-11-13T07:14:50.596+0000] {logging_mixin.py:190} INFO - [2025-11-13T07:14:50.596+0000] {dagbag.py:588} INFO - Filling up the DagBag from /opt/airflow/dags/AMBER_Daily_Scraping.py
[2025-11-13T07:14:50.633+0000] {processor.py:925} INFO - DAG(s) 'AMBER_Daily_Scraping' retrieved from /opt/airflow/dags/AMBER_Daily_Scraping.py
[2025-11-13T07:14:50.653+0000] {logging_mixin.py:190} INFO - [2025-11-13T07:14:50.653+0000] {dag.py:3239} INFO - Sync 1 DAGs
[2025-11-13T07:14:50.705+0000] {processor.py:208} INFO - Processing /opt/airflow/dags/AMBER_Daily_Scraping.py took 0.117 seconds
[2025-11-13T07:15:20.873+0000] {processor.py:186} INFO - Started process (PID=192) to work on /opt/airflow/dags/AMBER_Daily_Scraping.py
[2025-11-13T07:15:20.875+0000] {processor.py:914} INFO - Processing file /opt/airflow/dags/AMBER_Daily_Scraping.py for tasks to queue
[2025-11-13T07:15:20.877+0000] {logging_mixin.py:190} INFO - [2025-11-13T07:15:20.877+0000] {dagbag.py:588} INFO - Filling up the DagBag from /opt/airflow/dags/AMBER_Daily_Scraping.py
[2025-11-13T07:15:20.929+0000] {processor.py:925} INFO - DAG(s) 'AMBER_Daily_Scraping' retrieved from /opt/airflow/dags/AMBER_Daily_Scraping.py
[2025-11-13T07:15:20.952+0000] {logging_mixin.py:190} INFO - [2025-11-13T07:15:20.952+0000] {dag.py:3239} INFO - Sync 1 DAGs
[2025-11-13T07:15:21.005+0000] {processor.py:208} INFO - Processing /opt/airflow/dags/AMBER_Daily_Scraping.py took 0.138 seconds
[2025-11-13T07:15:51.142+0000] {processor.py:186} INFO - Started process (PID=193) to work on /opt/airflow/dags/AMBER_Daily_Scraping.py
[2025-11-13T07:15:51.143+0000] {processor.py:914} INFO - Processing file /opt/airflow/dags/AMBER_Daily_Scraping.py for tasks to queue
[2025-11-13T07:15:51.145+0000] {logging_mixin.py:190} INFO - [2025-11-13T07:15:51.145+0000] {dagbag.py:588} INFO - Filling up the DagBag from /opt/airflow/dags/AMBER_Daily_Scraping.py
[2025-11-13T07:15:51.207+0000] {processor.py:925} INFO - DAG(s) 'AMBER_Daily_Scraping' retrieved from /opt/airflow/dags/AMBER_Daily_Scraping.py
[2025-11-13T07:15:51.228+0000] {logging_mixin.py:190} INFO - [2025-11-13T07:15:51.228+0000] {dag.py:3239} INFO - Sync 1 DAGs
[2025-11-13T07:15:51.279+0000] {processor.py:208} INFO - Processing /opt/airflow/dags/AMBER_Daily_Scraping.py took 0.143 seconds
[2025-11-13T07:16:21.435+0000] {processor.py:186} INFO - Started process (PID=194) to work on /opt/airflow/dags/AMBER_Daily_Scraping.py
[2025-11-13T07:16:21.437+0000] {processor.py:914} INFO - Processing file /opt/airflow/dags/AMBER_Daily_Scraping.py for tasks to queue
[2025-11-13T07:16:21.439+0000] {logging_mixin.py:190} INFO - [2025-11-13T07:16:21.438+0000] {dagbag.py:588} INFO - Filling up the DagBag from /opt/airflow/dags/AMBER_Daily_Scraping.py
[2025-11-13T07:16:21.470+0000] {processor.py:925} INFO - DAG(s) 'AMBER_Daily_Scraping' retrieved from /opt/airflow/dags/AMBER_Daily_Scraping.py
[2025-11-13T07:16:21.493+0000] {logging_mixin.py:190} INFO - [2025-11-13T07:16:21.493+0000] {dag.py:3239} INFO - Sync 1 DAGs
[2025-11-13T07:16:21.545+0000] {processor.py:208} INFO - Processing /opt/airflow/dags/AMBER_Daily_Scraping.py took 0.117 seconds
[2025-11-13T07:16:51.713+0000] {processor.py:186} INFO - Started process (PID=195) to work on /opt/airflow/dags/AMBER_Daily_Scraping.py
[2025-11-13T07:16:51.715+0000] {processor.py:914} INFO - Processing file /opt/airflow/dags/AMBER_Daily_Scraping.py for tasks to queue
[2025-11-13T07:16:51.717+0000] {logging_mixin.py:190} INFO - [2025-11-13T07:16:51.716+0000] {dagbag.py:588} INFO - Filling up the DagBag from /opt/airflow/dags/AMBER_Daily_Scraping.py
[2025-11-13T07:16:51.761+0000] {processor.py:925} INFO - DAG(s) 'AMBER_Daily_Scraping' retrieved from /opt/airflow/dags/AMBER_Daily_Scraping.py
[2025-11-13T07:16:51.782+0000] {logging_mixin.py:190} INFO - [2025-11-13T07:16:51.782+0000] {dag.py:3239} INFO - Sync 1 DAGs
[2025-11-13T07:16:51.831+0000] {processor.py:208} INFO - Processing /opt/airflow/dags/AMBER_Daily_Scraping.py took 0.123 seconds
[2025-11-13T07:16:58.245+0000] {processor.py:186} INFO - Started process (PID=196) to work on /opt/airflow/dags/AMBER_Daily_Scraping.py
[2025-11-13T07:16:58.246+0000] {processor.py:914} INFO - Processing file /opt/airflow/dags/AMBER_Daily_Scraping.py for tasks to queue
[2025-11-13T07:16:58.248+0000] {logging_mixin.py:190} INFO - [2025-11-13T07:16:58.248+0000] {dagbag.py:588} INFO - Filling up the DagBag from /opt/airflow/dags/AMBER_Daily_Scraping.py
[2025-11-13T07:16:58.305+0000] {logging_mixin.py:190} INFO - [2025-11-13T07:16:58.303+0000] {dagbag.py:387} ERROR - Failed to import: /opt/airflow/dags/AMBER_Daily_Scraping.py
Traceback (most recent call last):
  File "/home/airflow/.local/lib/python3.12/site-packages/airflow/models/dagbag.py", line 383, in parse
    loader.exec_module(new_module)
  File "<frozen importlib._bootstrap_external>", line 991, in exec_module
  File "<frozen importlib._bootstrap_external>", line 1129, in get_code
  File "<frozen importlib._bootstrap_external>", line 1059, in source_to_code
  File "<frozen importlib._bootstrap>", line 488, in _call_with_frames_removed
  File "/opt/airflow/dags/AMBER_Daily_Scraping.py", line 55
    env={"DATA_DIR": DATA_DIR},
    ^^^^^^^^^^^^^^^^^^^^^^^^^^
SyntaxError: keyword argument repeated: env
[2025-11-13T07:16:58.306+0000] {processor.py:927} WARNING - No viable dags retrieved from /opt/airflow/dags/AMBER_Daily_Scraping.py
[2025-11-13T07:16:58.349+0000] {processor.py:208} INFO - Processing /opt/airflow/dags/AMBER_Daily_Scraping.py took 0.110 seconds
[2025-11-13T07:17:28.842+0000] {processor.py:186} INFO - Started process (PID=197) to work on /opt/airflow/dags/AMBER_Daily_Scraping.py
[2025-11-13T07:17:28.843+0000] {processor.py:914} INFO - Processing file /opt/airflow/dags/AMBER_Daily_Scraping.py for tasks to queue
[2025-11-13T07:17:28.846+0000] {logging_mixin.py:190} INFO - [2025-11-13T07:17:28.846+0000] {dagbag.py:588} INFO - Filling up the DagBag from /opt/airflow/dags/AMBER_Daily_Scraping.py
[2025-11-13T07:17:28.889+0000] {logging_mixin.py:190} INFO - [2025-11-13T07:17:28.888+0000] {dagbag.py:387} ERROR - Failed to import: /opt/airflow/dags/AMBER_Daily_Scraping.py
Traceback (most recent call last):
  File "/home/airflow/.local/lib/python3.12/site-packages/airflow/models/dagbag.py", line 383, in parse
    loader.exec_module(new_module)
  File "<frozen importlib._bootstrap_external>", line 991, in exec_module
  File "<frozen importlib._bootstrap_external>", line 1129, in get_code
  File "<frozen importlib._bootstrap_external>", line 1059, in source_to_code
  File "<frozen importlib._bootstrap>", line 488, in _call_with_frames_removed
  File "/opt/airflow/dags/AMBER_Daily_Scraping.py", line 55
    env={"DATA_DIR": DATA_DIR},
    ^^^^^^^^^^^^^^^^^^^^^^^^^^
SyntaxError: keyword argument repeated: env
[2025-11-13T07:17:28.890+0000] {processor.py:927} WARNING - No viable dags retrieved from /opt/airflow/dags/AMBER_Daily_Scraping.py
[2025-11-13T07:17:28.930+0000] {processor.py:208} INFO - Processing /opt/airflow/dags/AMBER_Daily_Scraping.py took 0.092 seconds
[2025-11-13T07:17:59.302+0000] {processor.py:186} INFO - Started process (PID=198) to work on /opt/airflow/dags/AMBER_Daily_Scraping.py
[2025-11-13T07:17:59.303+0000] {processor.py:914} INFO - Processing file /opt/airflow/dags/AMBER_Daily_Scraping.py for tasks to queue
[2025-11-13T07:17:59.305+0000] {logging_mixin.py:190} INFO - [2025-11-13T07:17:59.305+0000] {dagbag.py:588} INFO - Filling up the DagBag from /opt/airflow/dags/AMBER_Daily_Scraping.py
[2025-11-13T07:17:59.362+0000] {logging_mixin.py:190} INFO - [2025-11-13T07:17:59.361+0000] {dagbag.py:387} ERROR - Failed to import: /opt/airflow/dags/AMBER_Daily_Scraping.py
Traceback (most recent call last):
  File "/home/airflow/.local/lib/python3.12/site-packages/airflow/models/dagbag.py", line 383, in parse
    loader.exec_module(new_module)
  File "<frozen importlib._bootstrap_external>", line 991, in exec_module
  File "<frozen importlib._bootstrap_external>", line 1129, in get_code
  File "<frozen importlib._bootstrap_external>", line 1059, in source_to_code
  File "<frozen importlib._bootstrap>", line 488, in _call_with_frames_removed
  File "/opt/airflow/dags/AMBER_Daily_Scraping.py", line 55
    env={"DATA_DIR": DATA_DIR},
    ^^^^^^^^^^^^^^^^^^^^^^^^^^
SyntaxError: keyword argument repeated: env
[2025-11-13T07:17:59.364+0000] {processor.py:927} WARNING - No viable dags retrieved from /opt/airflow/dags/AMBER_Daily_Scraping.py
[2025-11-13T07:17:59.407+0000] {processor.py:208} INFO - Processing /opt/airflow/dags/AMBER_Daily_Scraping.py took 0.111 seconds
[2025-11-13T07:18:29.918+0000] {processor.py:186} INFO - Started process (PID=199) to work on /opt/airflow/dags/AMBER_Daily_Scraping.py
[2025-11-13T07:18:29.920+0000] {processor.py:914} INFO - Processing file /opt/airflow/dags/AMBER_Daily_Scraping.py for tasks to queue
[2025-11-13T07:18:29.921+0000] {logging_mixin.py:190} INFO - [2025-11-13T07:18:29.921+0000] {dagbag.py:588} INFO - Filling up the DagBag from /opt/airflow/dags/AMBER_Daily_Scraping.py
[2025-11-13T07:18:29.944+0000] {logging_mixin.py:190} INFO - [2025-11-13T07:18:29.943+0000] {dagbag.py:387} ERROR - Failed to import: /opt/airflow/dags/AMBER_Daily_Scraping.py
Traceback (most recent call last):
  File "/home/airflow/.local/lib/python3.12/site-packages/airflow/models/dagbag.py", line 383, in parse
    loader.exec_module(new_module)
  File "<frozen importlib._bootstrap_external>", line 991, in exec_module
  File "<frozen importlib._bootstrap_external>", line 1129, in get_code
  File "<frozen importlib._bootstrap_external>", line 1059, in source_to_code
  File "<frozen importlib._bootstrap>", line 488, in _call_with_frames_removed
  File "/opt/airflow/dags/AMBER_Daily_Scraping.py", line 55
    env={"DATA_DIR": DATA_DIR},
    ^^^^^^^^^^^^^^^^^^^^^^^^^^
SyntaxError: keyword argument repeated: env
[2025-11-13T07:18:29.945+0000] {processor.py:927} WARNING - No viable dags retrieved from /opt/airflow/dags/AMBER_Daily_Scraping.py
[2025-11-13T07:18:29.984+0000] {processor.py:208} INFO - Processing /opt/airflow/dags/AMBER_Daily_Scraping.py took 0.071 seconds
[2025-11-13T07:19:00.531+0000] {processor.py:186} INFO - Started process (PID=200) to work on /opt/airflow/dags/AMBER_Daily_Scraping.py
[2025-11-13T07:19:00.533+0000] {processor.py:914} INFO - Processing file /opt/airflow/dags/AMBER_Daily_Scraping.py for tasks to queue
[2025-11-13T07:19:00.536+0000] {logging_mixin.py:190} INFO - [2025-11-13T07:19:00.535+0000] {dagbag.py:588} INFO - Filling up the DagBag from /opt/airflow/dags/AMBER_Daily_Scraping.py
[2025-11-13T07:19:00.582+0000] {logging_mixin.py:190} INFO - [2025-11-13T07:19:00.580+0000] {dagbag.py:387} ERROR - Failed to import: /opt/airflow/dags/AMBER_Daily_Scraping.py
Traceback (most recent call last):
  File "/home/airflow/.local/lib/python3.12/site-packages/airflow/models/dagbag.py", line 383, in parse
    loader.exec_module(new_module)
  File "<frozen importlib._bootstrap_external>", line 991, in exec_module
  File "<frozen importlib._bootstrap_external>", line 1129, in get_code
  File "<frozen importlib._bootstrap_external>", line 1059, in source_to_code
  File "<frozen importlib._bootstrap>", line 488, in _call_with_frames_removed
  File "/opt/airflow/dags/AMBER_Daily_Scraping.py", line 55
    env={"DATA_DIR": DATA_DIR},
    ^^^^^^^^^^^^^^^^^^^^^^^^^^
SyntaxError: keyword argument repeated: env
[2025-11-13T07:19:00.583+0000] {processor.py:927} WARNING - No viable dags retrieved from /opt/airflow/dags/AMBER_Daily_Scraping.py
[2025-11-13T07:19:00.618+0000] {processor.py:208} INFO - Processing /opt/airflow/dags/AMBER_Daily_Scraping.py took 0.093 seconds
[2025-11-13T07:19:31.158+0000] {processor.py:186} INFO - Started process (PID=201) to work on /opt/airflow/dags/AMBER_Daily_Scraping.py
[2025-11-13T07:19:31.160+0000] {processor.py:914} INFO - Processing file /opt/airflow/dags/AMBER_Daily_Scraping.py for tasks to queue
[2025-11-13T07:19:31.162+0000] {logging_mixin.py:190} INFO - [2025-11-13T07:19:31.162+0000] {dagbag.py:588} INFO - Filling up the DagBag from /opt/airflow/dags/AMBER_Daily_Scraping.py
[2025-11-13T07:19:31.214+0000] {logging_mixin.py:190} INFO - [2025-11-13T07:19:31.212+0000] {dagbag.py:387} ERROR - Failed to import: /opt/airflow/dags/AMBER_Daily_Scraping.py
Traceback (most recent call last):
  File "/home/airflow/.local/lib/python3.12/site-packages/airflow/models/dagbag.py", line 383, in parse
    loader.exec_module(new_module)
  File "<frozen importlib._bootstrap_external>", line 991, in exec_module
  File "<frozen importlib._bootstrap_external>", line 1129, in get_code
  File "<frozen importlib._bootstrap_external>", line 1059, in source_to_code
  File "<frozen importlib._bootstrap>", line 488, in _call_with_frames_removed
  File "/opt/airflow/dags/AMBER_Daily_Scraping.py", line 55
    env={"DATA_DIR": DATA_DIR},
    ^^^^^^^^^^^^^^^^^^^^^^^^^^
SyntaxError: keyword argument repeated: env
[2025-11-13T07:19:31.215+0000] {processor.py:927} WARNING - No viable dags retrieved from /opt/airflow/dags/AMBER_Daily_Scraping.py
[2025-11-13T07:19:31.247+0000] {processor.py:208} INFO - Processing /opt/airflow/dags/AMBER_Daily_Scraping.py took 0.098 seconds
[2025-11-13T07:20:01.754+0000] {processor.py:186} INFO - Started process (PID=202) to work on /opt/airflow/dags/AMBER_Daily_Scraping.py
[2025-11-13T07:20:01.756+0000] {processor.py:914} INFO - Processing file /opt/airflow/dags/AMBER_Daily_Scraping.py for tasks to queue
[2025-11-13T07:20:01.759+0000] {logging_mixin.py:190} INFO - [2025-11-13T07:20:01.758+0000] {dagbag.py:588} INFO - Filling up the DagBag from /opt/airflow/dags/AMBER_Daily_Scraping.py
[2025-11-13T07:20:01.817+0000] {logging_mixin.py:190} INFO - [2025-11-13T07:20:01.815+0000] {dagbag.py:387} ERROR - Failed to import: /opt/airflow/dags/AMBER_Daily_Scraping.py
Traceback (most recent call last):
  File "/home/airflow/.local/lib/python3.12/site-packages/airflow/models/dagbag.py", line 383, in parse
    loader.exec_module(new_module)
  File "<frozen importlib._bootstrap_external>", line 991, in exec_module
  File "<frozen importlib._bootstrap_external>", line 1129, in get_code
  File "<frozen importlib._bootstrap_external>", line 1059, in source_to_code
  File "<frozen importlib._bootstrap>", line 488, in _call_with_frames_removed
  File "/opt/airflow/dags/AMBER_Daily_Scraping.py", line 55
    env={"DATA_DIR": DATA_DIR},
    ^^^^^^^^^^^^^^^^^^^^^^^^^^
SyntaxError: keyword argument repeated: env
[2025-11-13T07:20:01.819+0000] {processor.py:927} WARNING - No viable dags retrieved from /opt/airflow/dags/AMBER_Daily_Scraping.py
[2025-11-13T07:20:01.872+0000] {processor.py:208} INFO - Processing /opt/airflow/dags/AMBER_Daily_Scraping.py took 0.128 seconds
[2025-11-13T07:20:32.374+0000] {processor.py:186} INFO - Started process (PID=203) to work on /opt/airflow/dags/AMBER_Daily_Scraping.py
[2025-11-13T07:20:32.376+0000] {processor.py:914} INFO - Processing file /opt/airflow/dags/AMBER_Daily_Scraping.py for tasks to queue
[2025-11-13T07:20:32.379+0000] {logging_mixin.py:190} INFO - [2025-11-13T07:20:32.378+0000] {dagbag.py:588} INFO - Filling up the DagBag from /opt/airflow/dags/AMBER_Daily_Scraping.py
[2025-11-13T07:20:32.437+0000] {logging_mixin.py:190} INFO - [2025-11-13T07:20:32.435+0000] {dagbag.py:387} ERROR - Failed to import: /opt/airflow/dags/AMBER_Daily_Scraping.py
Traceback (most recent call last):
  File "/home/airflow/.local/lib/python3.12/site-packages/airflow/models/dagbag.py", line 383, in parse
    loader.exec_module(new_module)
  File "<frozen importlib._bootstrap_external>", line 991, in exec_module
  File "<frozen importlib._bootstrap_external>", line 1129, in get_code
  File "<frozen importlib._bootstrap_external>", line 1059, in source_to_code
  File "<frozen importlib._bootstrap>", line 488, in _call_with_frames_removed
  File "/opt/airflow/dags/AMBER_Daily_Scraping.py", line 55
    env={"DATA_DIR": DATA_DIR},
    ^^^^^^^^^^^^^^^^^^^^^^^^^^
SyntaxError: keyword argument repeated: env
[2025-11-13T07:20:32.438+0000] {processor.py:927} WARNING - No viable dags retrieved from /opt/airflow/dags/AMBER_Daily_Scraping.py
[2025-11-13T07:20:32.479+0000] {processor.py:208} INFO - Processing /opt/airflow/dags/AMBER_Daily_Scraping.py took 0.110 seconds
[2025-11-13T07:21:02.916+0000] {processor.py:186} INFO - Started process (PID=204) to work on /opt/airflow/dags/AMBER_Daily_Scraping.py
[2025-11-13T07:21:02.918+0000] {processor.py:914} INFO - Processing file /opt/airflow/dags/AMBER_Daily_Scraping.py for tasks to queue
[2025-11-13T07:21:02.921+0000] {logging_mixin.py:190} INFO - [2025-11-13T07:21:02.921+0000] {dagbag.py:588} INFO - Filling up the DagBag from /opt/airflow/dags/AMBER_Daily_Scraping.py
[2025-11-13T07:21:02.962+0000] {logging_mixin.py:190} INFO - [2025-11-13T07:21:02.961+0000] {dagbag.py:387} ERROR - Failed to import: /opt/airflow/dags/AMBER_Daily_Scraping.py
Traceback (most recent call last):
  File "/home/airflow/.local/lib/python3.12/site-packages/airflow/models/dagbag.py", line 383, in parse
    loader.exec_module(new_module)
  File "<frozen importlib._bootstrap_external>", line 991, in exec_module
  File "<frozen importlib._bootstrap_external>", line 1129, in get_code
  File "<frozen importlib._bootstrap_external>", line 1059, in source_to_code
  File "<frozen importlib._bootstrap>", line 488, in _call_with_frames_removed
  File "/opt/airflow/dags/AMBER_Daily_Scraping.py", line 55
    env={"DATA_DIR": DATA_DIR},
    ^^^^^^^^^^^^^^^^^^^^^^^^^^
SyntaxError: keyword argument repeated: env
[2025-11-13T07:21:02.963+0000] {processor.py:927} WARNING - No viable dags retrieved from /opt/airflow/dags/AMBER_Daily_Scraping.py
[2025-11-13T07:21:03.008+0000] {processor.py:208} INFO - Processing /opt/airflow/dags/AMBER_Daily_Scraping.py took 0.098 seconds
[2025-11-13T07:21:33.307+0000] {processor.py:186} INFO - Started process (PID=205) to work on /opt/airflow/dags/AMBER_Daily_Scraping.py
[2025-11-13T07:21:33.310+0000] {processor.py:914} INFO - Processing file /opt/airflow/dags/AMBER_Daily_Scraping.py for tasks to queue
[2025-11-13T07:21:33.312+0000] {logging_mixin.py:190} INFO - [2025-11-13T07:21:33.311+0000] {dagbag.py:588} INFO - Filling up the DagBag from /opt/airflow/dags/AMBER_Daily_Scraping.py
[2025-11-13T07:21:33.351+0000] {logging_mixin.py:190} INFO - [2025-11-13T07:21:33.349+0000] {dagbag.py:387} ERROR - Failed to import: /opt/airflow/dags/AMBER_Daily_Scraping.py
Traceback (most recent call last):
  File "/home/airflow/.local/lib/python3.12/site-packages/airflow/models/dagbag.py", line 383, in parse
    loader.exec_module(new_module)
  File "<frozen importlib._bootstrap_external>", line 991, in exec_module
  File "<frozen importlib._bootstrap_external>", line 1129, in get_code
  File "<frozen importlib._bootstrap_external>", line 1059, in source_to_code
  File "<frozen importlib._bootstrap>", line 488, in _call_with_frames_removed
  File "/opt/airflow/dags/AMBER_Daily_Scraping.py", line 55
    env={"DATA_DIR": DATA_DIR},
    ^^^^^^^^^^^^^^^^^^^^^^^^^^
SyntaxError: keyword argument repeated: env
[2025-11-13T07:21:33.352+0000] {processor.py:927} WARNING - No viable dags retrieved from /opt/airflow/dags/AMBER_Daily_Scraping.py
[2025-11-13T07:21:33.396+0000] {processor.py:208} INFO - Processing /opt/airflow/dags/AMBER_Daily_Scraping.py took 0.099 seconds
[2025-11-13T07:22:03.755+0000] {processor.py:186} INFO - Started process (PID=206) to work on /opt/airflow/dags/AMBER_Daily_Scraping.py
[2025-11-13T07:22:03.756+0000] {processor.py:914} INFO - Processing file /opt/airflow/dags/AMBER_Daily_Scraping.py for tasks to queue
[2025-11-13T07:22:03.758+0000] {logging_mixin.py:190} INFO - [2025-11-13T07:22:03.757+0000] {dagbag.py:588} INFO - Filling up the DagBag from /opt/airflow/dags/AMBER_Daily_Scraping.py
[2025-11-13T07:22:03.791+0000] {logging_mixin.py:190} INFO - [2025-11-13T07:22:03.790+0000] {dagbag.py:387} ERROR - Failed to import: /opt/airflow/dags/AMBER_Daily_Scraping.py
Traceback (most recent call last):
  File "/home/airflow/.local/lib/python3.12/site-packages/airflow/models/dagbag.py", line 383, in parse
    loader.exec_module(new_module)
  File "<frozen importlib._bootstrap_external>", line 991, in exec_module
  File "<frozen importlib._bootstrap_external>", line 1129, in get_code
  File "<frozen importlib._bootstrap_external>", line 1059, in source_to_code
  File "<frozen importlib._bootstrap>", line 488, in _call_with_frames_removed
  File "/opt/airflow/dags/AMBER_Daily_Scraping.py", line 55
    env={"DATA_DIR": DATA_DIR},
    ^^^^^^^^^^^^^^^^^^^^^^^^^^
SyntaxError: keyword argument repeated: env
[2025-11-13T07:22:03.792+0000] {processor.py:927} WARNING - No viable dags retrieved from /opt/airflow/dags/AMBER_Daily_Scraping.py
[2025-11-13T07:22:03.840+0000] {processor.py:208} INFO - Processing /opt/airflow/dags/AMBER_Daily_Scraping.py took 0.090 seconds
[2025-11-13T07:22:34.121+0000] {processor.py:186} INFO - Started process (PID=207) to work on /opt/airflow/dags/AMBER_Daily_Scraping.py
[2025-11-13T07:22:34.122+0000] {processor.py:914} INFO - Processing file /opt/airflow/dags/AMBER_Daily_Scraping.py for tasks to queue
[2025-11-13T07:22:34.124+0000] {logging_mixin.py:190} INFO - [2025-11-13T07:22:34.124+0000] {dagbag.py:588} INFO - Filling up the DagBag from /opt/airflow/dags/AMBER_Daily_Scraping.py
[2025-11-13T07:22:34.184+0000] {logging_mixin.py:190} INFO - [2025-11-13T07:22:34.182+0000] {dagbag.py:387} ERROR - Failed to import: /opt/airflow/dags/AMBER_Daily_Scraping.py
Traceback (most recent call last):
  File "/home/airflow/.local/lib/python3.12/site-packages/airflow/models/dagbag.py", line 383, in parse
    loader.exec_module(new_module)
  File "<frozen importlib._bootstrap_external>", line 991, in exec_module
  File "<frozen importlib._bootstrap_external>", line 1129, in get_code
  File "<frozen importlib._bootstrap_external>", line 1059, in source_to_code
  File "<frozen importlib._bootstrap>", line 488, in _call_with_frames_removed
  File "/opt/airflow/dags/AMBER_Daily_Scraping.py", line 55
    env={"DATA_DIR": DATA_DIR},
    ^^^^^^^^^^^^^^^^^^^^^^^^^^
SyntaxError: keyword argument repeated: env
[2025-11-13T07:22:34.186+0000] {processor.py:927} WARNING - No viable dags retrieved from /opt/airflow/dags/AMBER_Daily_Scraping.py
[2025-11-13T07:22:34.226+0000] {processor.py:208} INFO - Processing /opt/airflow/dags/AMBER_Daily_Scraping.py took 0.111 seconds
[2025-11-13T07:23:04.491+0000] {processor.py:186} INFO - Started process (PID=208) to work on /opt/airflow/dags/AMBER_Daily_Scraping.py
[2025-11-13T07:23:04.493+0000] {processor.py:914} INFO - Processing file /opt/airflow/dags/AMBER_Daily_Scraping.py for tasks to queue
[2025-11-13T07:23:04.497+0000] {logging_mixin.py:190} INFO - [2025-11-13T07:23:04.496+0000] {dagbag.py:588} INFO - Filling up the DagBag from /opt/airflow/dags/AMBER_Daily_Scraping.py
[2025-11-13T07:23:04.550+0000] {logging_mixin.py:190} INFO - [2025-11-13T07:23:04.548+0000] {dagbag.py:387} ERROR - Failed to import: /opt/airflow/dags/AMBER_Daily_Scraping.py
Traceback (most recent call last):
  File "/home/airflow/.local/lib/python3.12/site-packages/airflow/models/dagbag.py", line 383, in parse
    loader.exec_module(new_module)
  File "<frozen importlib._bootstrap_external>", line 991, in exec_module
  File "<frozen importlib._bootstrap_external>", line 1129, in get_code
  File "<frozen importlib._bootstrap_external>", line 1059, in source_to_code
  File "<frozen importlib._bootstrap>", line 488, in _call_with_frames_removed
  File "/opt/airflow/dags/AMBER_Daily_Scraping.py", line 55
    env={"DATA_DIR": DATA_DIR},
    ^^^^^^^^^^^^^^^^^^^^^^^^^^
SyntaxError: keyword argument repeated: env
[2025-11-13T07:23:04.552+0000] {processor.py:927} WARNING - No viable dags retrieved from /opt/airflow/dags/AMBER_Daily_Scraping.py
[2025-11-13T07:23:04.591+0000] {processor.py:208} INFO - Processing /opt/airflow/dags/AMBER_Daily_Scraping.py took 0.107 seconds
[2025-11-13T07:23:34.848+0000] {processor.py:186} INFO - Started process (PID=209) to work on /opt/airflow/dags/AMBER_Daily_Scraping.py
[2025-11-13T07:23:34.850+0000] {processor.py:914} INFO - Processing file /opt/airflow/dags/AMBER_Daily_Scraping.py for tasks to queue
[2025-11-13T07:23:34.853+0000] {logging_mixin.py:190} INFO - [2025-11-13T07:23:34.852+0000] {dagbag.py:588} INFO - Filling up the DagBag from /opt/airflow/dags/AMBER_Daily_Scraping.py
[2025-11-13T07:23:34.952+0000] {logging_mixin.py:190} INFO - [2025-11-13T07:23:34.949+0000] {dagbag.py:387} ERROR - Failed to import: /opt/airflow/dags/AMBER_Daily_Scraping.py
Traceback (most recent call last):
  File "/home/airflow/.local/lib/python3.12/site-packages/airflow/models/dagbag.py", line 383, in parse
    loader.exec_module(new_module)
  File "<frozen importlib._bootstrap_external>", line 991, in exec_module
  File "<frozen importlib._bootstrap_external>", line 1129, in get_code
  File "<frozen importlib._bootstrap_external>", line 1059, in source_to_code
  File "<frozen importlib._bootstrap>", line 488, in _call_with_frames_removed
  File "/opt/airflow/dags/AMBER_Daily_Scraping.py", line 55
    env={"DATA_DIR": DATA_DIR},
    ^^^^^^^^^^^^^^^^^^^^^^^^^^
SyntaxError: keyword argument repeated: env
[2025-11-13T07:23:34.954+0000] {processor.py:927} WARNING - No viable dags retrieved from /opt/airflow/dags/AMBER_Daily_Scraping.py
[2025-11-13T07:23:35.017+0000] {processor.py:208} INFO - Processing /opt/airflow/dags/AMBER_Daily_Scraping.py took 0.174 seconds
[2025-11-13T07:24:05.355+0000] {processor.py:186} INFO - Started process (PID=210) to work on /opt/airflow/dags/AMBER_Daily_Scraping.py
[2025-11-13T07:24:05.357+0000] {processor.py:914} INFO - Processing file /opt/airflow/dags/AMBER_Daily_Scraping.py for tasks to queue
[2025-11-13T07:24:05.359+0000] {logging_mixin.py:190} INFO - [2025-11-13T07:24:05.358+0000] {dagbag.py:588} INFO - Filling up the DagBag from /opt/airflow/dags/AMBER_Daily_Scraping.py
[2025-11-13T07:24:05.438+0000] {logging_mixin.py:190} INFO - [2025-11-13T07:24:05.437+0000] {dagbag.py:387} ERROR - Failed to import: /opt/airflow/dags/AMBER_Daily_Scraping.py
Traceback (most recent call last):
  File "/home/airflow/.local/lib/python3.12/site-packages/airflow/models/dagbag.py", line 383, in parse
    loader.exec_module(new_module)
  File "<frozen importlib._bootstrap_external>", line 991, in exec_module
  File "<frozen importlib._bootstrap_external>", line 1129, in get_code
  File "<frozen importlib._bootstrap_external>", line 1059, in source_to_code
  File "<frozen importlib._bootstrap>", line 488, in _call_with_frames_removed
  File "/opt/airflow/dags/AMBER_Daily_Scraping.py", line 55
    env={"DATA_DIR": DATA_DIR},
    ^^^^^^^^^^^^^^^^^^^^^^^^^^
SyntaxError: keyword argument repeated: env
[2025-11-13T07:24:05.439+0000] {processor.py:927} WARNING - No viable dags retrieved from /opt/airflow/dags/AMBER_Daily_Scraping.py
[2025-11-13T07:24:05.483+0000] {processor.py:208} INFO - Processing /opt/airflow/dags/AMBER_Daily_Scraping.py took 0.132 seconds
[2025-11-13T07:24:35.710+0000] {processor.py:186} INFO - Started process (PID=211) to work on /opt/airflow/dags/AMBER_Daily_Scraping.py
[2025-11-13T07:24:35.712+0000] {processor.py:914} INFO - Processing file /opt/airflow/dags/AMBER_Daily_Scraping.py for tasks to queue
[2025-11-13T07:24:35.714+0000] {logging_mixin.py:190} INFO - [2025-11-13T07:24:35.713+0000] {dagbag.py:588} INFO - Filling up the DagBag from /opt/airflow/dags/AMBER_Daily_Scraping.py
[2025-11-13T07:24:35.777+0000] {logging_mixin.py:190} INFO - [2025-11-13T07:24:35.775+0000] {dagbag.py:387} ERROR - Failed to import: /opt/airflow/dags/AMBER_Daily_Scraping.py
Traceback (most recent call last):
  File "/home/airflow/.local/lib/python3.12/site-packages/airflow/models/dagbag.py", line 383, in parse
    loader.exec_module(new_module)
  File "<frozen importlib._bootstrap_external>", line 991, in exec_module
  File "<frozen importlib._bootstrap_external>", line 1129, in get_code
  File "<frozen importlib._bootstrap_external>", line 1059, in source_to_code
  File "<frozen importlib._bootstrap>", line 488, in _call_with_frames_removed
  File "/opt/airflow/dags/AMBER_Daily_Scraping.py", line 55
    env={"DATA_DIR": DATA_DIR},
    ^^^^^^^^^^^^^^^^^^^^^^^^^^
SyntaxError: keyword argument repeated: env
[2025-11-13T07:24:35.778+0000] {processor.py:927} WARNING - No viable dags retrieved from /opt/airflow/dags/AMBER_Daily_Scraping.py
[2025-11-13T07:24:35.831+0000] {processor.py:208} INFO - Processing /opt/airflow/dags/AMBER_Daily_Scraping.py took 0.126 seconds
[2025-11-13T07:25:06.116+0000] {processor.py:186} INFO - Started process (PID=212) to work on /opt/airflow/dags/AMBER_Daily_Scraping.py
[2025-11-13T07:25:06.118+0000] {processor.py:914} INFO - Processing file /opt/airflow/dags/AMBER_Daily_Scraping.py for tasks to queue
[2025-11-13T07:25:06.120+0000] {logging_mixin.py:190} INFO - [2025-11-13T07:25:06.119+0000] {dagbag.py:588} INFO - Filling up the DagBag from /opt/airflow/dags/AMBER_Daily_Scraping.py
[2025-11-13T07:25:06.156+0000] {logging_mixin.py:190} INFO - [2025-11-13T07:25:06.154+0000] {dagbag.py:387} ERROR - Failed to import: /opt/airflow/dags/AMBER_Daily_Scraping.py
Traceback (most recent call last):
  File "/home/airflow/.local/lib/python3.12/site-packages/airflow/models/dagbag.py", line 383, in parse
    loader.exec_module(new_module)
  File "<frozen importlib._bootstrap_external>", line 991, in exec_module
  File "<frozen importlib._bootstrap_external>", line 1129, in get_code
  File "<frozen importlib._bootstrap_external>", line 1059, in source_to_code
  File "<frozen importlib._bootstrap>", line 488, in _call_with_frames_removed
  File "/opt/airflow/dags/AMBER_Daily_Scraping.py", line 55
    env={"DATA_DIR": DATA_DIR},
    ^^^^^^^^^^^^^^^^^^^^^^^^^^
SyntaxError: keyword argument repeated: env
[2025-11-13T07:25:06.156+0000] {processor.py:927} WARNING - No viable dags retrieved from /opt/airflow/dags/AMBER_Daily_Scraping.py
[2025-11-13T07:25:06.198+0000] {processor.py:208} INFO - Processing /opt/airflow/dags/AMBER_Daily_Scraping.py took 0.089 seconds
[2025-11-13T07:25:36.465+0000] {processor.py:186} INFO - Started process (PID=213) to work on /opt/airflow/dags/AMBER_Daily_Scraping.py
[2025-11-13T07:25:36.467+0000] {processor.py:914} INFO - Processing file /opt/airflow/dags/AMBER_Daily_Scraping.py for tasks to queue
[2025-11-13T07:25:36.468+0000] {logging_mixin.py:190} INFO - [2025-11-13T07:25:36.468+0000] {dagbag.py:588} INFO - Filling up the DagBag from /opt/airflow/dags/AMBER_Daily_Scraping.py
[2025-11-13T07:25:36.552+0000] {logging_mixin.py:190} INFO - [2025-11-13T07:25:36.550+0000] {dagbag.py:387} ERROR - Failed to import: /opt/airflow/dags/AMBER_Daily_Scraping.py
Traceback (most recent call last):
  File "/home/airflow/.local/lib/python3.12/site-packages/airflow/models/dagbag.py", line 383, in parse
    loader.exec_module(new_module)
  File "<frozen importlib._bootstrap_external>", line 991, in exec_module
  File "<frozen importlib._bootstrap_external>", line 1129, in get_code
  File "<frozen importlib._bootstrap_external>", line 1059, in source_to_code
  File "<frozen importlib._bootstrap>", line 488, in _call_with_frames_removed
  File "/opt/airflow/dags/AMBER_Daily_Scraping.py", line 55
    env={"DATA_DIR": DATA_DIR},
    ^^^^^^^^^^^^^^^^^^^^^^^^^^
SyntaxError: keyword argument repeated: env
[2025-11-13T07:25:36.554+0000] {processor.py:927} WARNING - No viable dags retrieved from /opt/airflow/dags/AMBER_Daily_Scraping.py
[2025-11-13T07:25:36.597+0000] {processor.py:208} INFO - Processing /opt/airflow/dags/AMBER_Daily_Scraping.py took 0.139 seconds
[2025-11-13T07:26:06.837+0000] {processor.py:186} INFO - Started process (PID=214) to work on /opt/airflow/dags/AMBER_Daily_Scraping.py
[2025-11-13T07:26:06.838+0000] {processor.py:914} INFO - Processing file /opt/airflow/dags/AMBER_Daily_Scraping.py for tasks to queue
[2025-11-13T07:26:06.841+0000] {logging_mixin.py:190} INFO - [2025-11-13T07:26:06.841+0000] {dagbag.py:588} INFO - Filling up the DagBag from /opt/airflow/dags/AMBER_Daily_Scraping.py
[2025-11-13T07:26:06.891+0000] {logging_mixin.py:190} INFO - [2025-11-13T07:26:06.889+0000] {dagbag.py:387} ERROR - Failed to import: /opt/airflow/dags/AMBER_Daily_Scraping.py
Traceback (most recent call last):
  File "/home/airflow/.local/lib/python3.12/site-packages/airflow/models/dagbag.py", line 383, in parse
    loader.exec_module(new_module)
  File "<frozen importlib._bootstrap_external>", line 991, in exec_module
  File "<frozen importlib._bootstrap_external>", line 1129, in get_code
  File "<frozen importlib._bootstrap_external>", line 1059, in source_to_code
  File "<frozen importlib._bootstrap>", line 488, in _call_with_frames_removed
  File "/opt/airflow/dags/AMBER_Daily_Scraping.py", line 55
    env={"DATA_DIR": DATA_DIR},
    ^^^^^^^^^^^^^^^^^^^^^^^^^^
SyntaxError: keyword argument repeated: env
[2025-11-13T07:26:06.893+0000] {processor.py:927} WARNING - No viable dags retrieved from /opt/airflow/dags/AMBER_Daily_Scraping.py
[2025-11-13T07:26:06.945+0000] {processor.py:208} INFO - Processing /opt/airflow/dags/AMBER_Daily_Scraping.py took 0.116 seconds
[2025-11-13T07:26:37.192+0000] {processor.py:186} INFO - Started process (PID=215) to work on /opt/airflow/dags/AMBER_Daily_Scraping.py
[2025-11-13T07:26:37.193+0000] {processor.py:914} INFO - Processing file /opt/airflow/dags/AMBER_Daily_Scraping.py for tasks to queue
[2025-11-13T07:26:37.196+0000] {logging_mixin.py:190} INFO - [2025-11-13T07:26:37.195+0000] {dagbag.py:588} INFO - Filling up the DagBag from /opt/airflow/dags/AMBER_Daily_Scraping.py
[2025-11-13T07:26:37.255+0000] {logging_mixin.py:190} INFO - [2025-11-13T07:26:37.254+0000] {dagbag.py:387} ERROR - Failed to import: /opt/airflow/dags/AMBER_Daily_Scraping.py
Traceback (most recent call last):
  File "/home/airflow/.local/lib/python3.12/site-packages/airflow/models/dagbag.py", line 383, in parse
    loader.exec_module(new_module)
  File "<frozen importlib._bootstrap_external>", line 991, in exec_module
  File "<frozen importlib._bootstrap_external>", line 1129, in get_code
  File "<frozen importlib._bootstrap_external>", line 1059, in source_to_code
  File "<frozen importlib._bootstrap>", line 488, in _call_with_frames_removed
  File "/opt/airflow/dags/AMBER_Daily_Scraping.py", line 55
    env={"DATA_DIR": DATA_DIR},
    ^^^^^^^^^^^^^^^^^^^^^^^^^^
SyntaxError: keyword argument repeated: env
[2025-11-13T07:26:37.256+0000] {processor.py:927} WARNING - No viable dags retrieved from /opt/airflow/dags/AMBER_Daily_Scraping.py
[2025-11-13T07:26:37.305+0000] {processor.py:208} INFO - Processing /opt/airflow/dags/AMBER_Daily_Scraping.py took 0.120 seconds
[2025-11-13T07:27:07.538+0000] {processor.py:186} INFO - Started process (PID=216) to work on /opt/airflow/dags/AMBER_Daily_Scraping.py
[2025-11-13T07:27:07.539+0000] {processor.py:914} INFO - Processing file /opt/airflow/dags/AMBER_Daily_Scraping.py for tasks to queue
[2025-11-13T07:27:07.542+0000] {logging_mixin.py:190} INFO - [2025-11-13T07:27:07.541+0000] {dagbag.py:588} INFO - Filling up the DagBag from /opt/airflow/dags/AMBER_Daily_Scraping.py
[2025-11-13T07:27:07.612+0000] {logging_mixin.py:190} INFO - [2025-11-13T07:27:07.611+0000] {dagbag.py:387} ERROR - Failed to import: /opt/airflow/dags/AMBER_Daily_Scraping.py
Traceback (most recent call last):
  File "/home/airflow/.local/lib/python3.12/site-packages/airflow/models/dagbag.py", line 383, in parse
    loader.exec_module(new_module)
  File "<frozen importlib._bootstrap_external>", line 991, in exec_module
  File "<frozen importlib._bootstrap_external>", line 1129, in get_code
  File "<frozen importlib._bootstrap_external>", line 1059, in source_to_code
  File "<frozen importlib._bootstrap>", line 488, in _call_with_frames_removed
  File "/opt/airflow/dags/AMBER_Daily_Scraping.py", line 55
    env={"DATA_DIR": DATA_DIR},
    ^^^^^^^^^^^^^^^^^^^^^^^^^^
SyntaxError: keyword argument repeated: env
[2025-11-13T07:27:07.613+0000] {processor.py:927} WARNING - No viable dags retrieved from /opt/airflow/dags/AMBER_Daily_Scraping.py
[2025-11-13T07:27:07.658+0000] {processor.py:208} INFO - Processing /opt/airflow/dags/AMBER_Daily_Scraping.py took 0.125 seconds
[2025-11-13T07:27:37.894+0000] {processor.py:186} INFO - Started process (PID=217) to work on /opt/airflow/dags/AMBER_Daily_Scraping.py
[2025-11-13T07:27:37.895+0000] {processor.py:914} INFO - Processing file /opt/airflow/dags/AMBER_Daily_Scraping.py for tasks to queue
[2025-11-13T07:27:37.897+0000] {logging_mixin.py:190} INFO - [2025-11-13T07:27:37.897+0000] {dagbag.py:588} INFO - Filling up the DagBag from /opt/airflow/dags/AMBER_Daily_Scraping.py
[2025-11-13T07:27:37.961+0000] {logging_mixin.py:190} INFO - [2025-11-13T07:27:37.960+0000] {dagbag.py:387} ERROR - Failed to import: /opt/airflow/dags/AMBER_Daily_Scraping.py
Traceback (most recent call last):
  File "/home/airflow/.local/lib/python3.12/site-packages/airflow/models/dagbag.py", line 383, in parse
    loader.exec_module(new_module)
  File "<frozen importlib._bootstrap_external>", line 991, in exec_module
  File "<frozen importlib._bootstrap_external>", line 1129, in get_code
  File "<frozen importlib._bootstrap_external>", line 1059, in source_to_code
  File "<frozen importlib._bootstrap>", line 488, in _call_with_frames_removed
  File "/opt/airflow/dags/AMBER_Daily_Scraping.py", line 55
    env={"DATA_DIR": DATA_DIR},
    ^^^^^^^^^^^^^^^^^^^^^^^^^^
SyntaxError: keyword argument repeated: env
[2025-11-13T07:27:37.962+0000] {processor.py:927} WARNING - No viable dags retrieved from /opt/airflow/dags/AMBER_Daily_Scraping.py
[2025-11-13T07:27:37.999+0000] {processor.py:208} INFO - Processing /opt/airflow/dags/AMBER_Daily_Scraping.py took 0.110 seconds
[2025-11-13T07:28:08.235+0000] {processor.py:186} INFO - Started process (PID=218) to work on /opt/airflow/dags/AMBER_Daily_Scraping.py
[2025-11-13T07:28:08.237+0000] {processor.py:914} INFO - Processing file /opt/airflow/dags/AMBER_Daily_Scraping.py for tasks to queue
[2025-11-13T07:28:08.239+0000] {logging_mixin.py:190} INFO - [2025-11-13T07:28:08.239+0000] {dagbag.py:588} INFO - Filling up the DagBag from /opt/airflow/dags/AMBER_Daily_Scraping.py
[2025-11-13T07:28:08.307+0000] {logging_mixin.py:190} INFO - [2025-11-13T07:28:08.305+0000] {dagbag.py:387} ERROR - Failed to import: /opt/airflow/dags/AMBER_Daily_Scraping.py
Traceback (most recent call last):
  File "/home/airflow/.local/lib/python3.12/site-packages/airflow/models/dagbag.py", line 383, in parse
    loader.exec_module(new_module)
  File "<frozen importlib._bootstrap_external>", line 991, in exec_module
  File "<frozen importlib._bootstrap_external>", line 1129, in get_code
  File "<frozen importlib._bootstrap_external>", line 1059, in source_to_code
  File "<frozen importlib._bootstrap>", line 488, in _call_with_frames_removed
  File "/opt/airflow/dags/AMBER_Daily_Scraping.py", line 55
    env={"DATA_DIR": DATA_DIR},
    ^^^^^^^^^^^^^^^^^^^^^^^^^^
SyntaxError: keyword argument repeated: env
[2025-11-13T07:28:08.309+0000] {processor.py:927} WARNING - No viable dags retrieved from /opt/airflow/dags/AMBER_Daily_Scraping.py
[2025-11-13T07:28:08.360+0000] {processor.py:208} INFO - Processing /opt/airflow/dags/AMBER_Daily_Scraping.py took 0.130 seconds
[2025-11-13T07:28:38.585+0000] {processor.py:186} INFO - Started process (PID=219) to work on /opt/airflow/dags/AMBER_Daily_Scraping.py
[2025-11-13T07:28:38.587+0000] {processor.py:914} INFO - Processing file /opt/airflow/dags/AMBER_Daily_Scraping.py for tasks to queue
[2025-11-13T07:28:38.589+0000] {logging_mixin.py:190} INFO - [2025-11-13T07:28:38.588+0000] {dagbag.py:588} INFO - Filling up the DagBag from /opt/airflow/dags/AMBER_Daily_Scraping.py
[2025-11-13T07:28:38.651+0000] {logging_mixin.py:190} INFO - [2025-11-13T07:28:38.650+0000] {dagbag.py:387} ERROR - Failed to import: /opt/airflow/dags/AMBER_Daily_Scraping.py
Traceback (most recent call last):
  File "/home/airflow/.local/lib/python3.12/site-packages/airflow/models/dagbag.py", line 383, in parse
    loader.exec_module(new_module)
  File "<frozen importlib._bootstrap_external>", line 991, in exec_module
  File "<frozen importlib._bootstrap_external>", line 1129, in get_code
  File "<frozen importlib._bootstrap_external>", line 1059, in source_to_code
  File "<frozen importlib._bootstrap>", line 488, in _call_with_frames_removed
  File "/opt/airflow/dags/AMBER_Daily_Scraping.py", line 55
    env={"DATA_DIR": DATA_DIR},
    ^^^^^^^^^^^^^^^^^^^^^^^^^^
SyntaxError: keyword argument repeated: env
[2025-11-13T07:28:38.653+0000] {processor.py:927} WARNING - No viable dags retrieved from /opt/airflow/dags/AMBER_Daily_Scraping.py
[2025-11-13T07:28:38.691+0000] {processor.py:208} INFO - Processing /opt/airflow/dags/AMBER_Daily_Scraping.py took 0.112 seconds
[2025-11-13T07:29:08.913+0000] {processor.py:186} INFO - Started process (PID=220) to work on /opt/airflow/dags/AMBER_Daily_Scraping.py
[2025-11-13T07:29:08.916+0000] {processor.py:914} INFO - Processing file /opt/airflow/dags/AMBER_Daily_Scraping.py for tasks to queue
[2025-11-13T07:29:08.919+0000] {logging_mixin.py:190} INFO - [2025-11-13T07:29:08.918+0000] {dagbag.py:588} INFO - Filling up the DagBag from /opt/airflow/dags/AMBER_Daily_Scraping.py
[2025-11-13T07:29:08.975+0000] {logging_mixin.py:190} INFO - [2025-11-13T07:29:08.973+0000] {dagbag.py:387} ERROR - Failed to import: /opt/airflow/dags/AMBER_Daily_Scraping.py
Traceback (most recent call last):
  File "/home/airflow/.local/lib/python3.12/site-packages/airflow/models/dagbag.py", line 383, in parse
    loader.exec_module(new_module)
  File "<frozen importlib._bootstrap_external>", line 991, in exec_module
  File "<frozen importlib._bootstrap_external>", line 1129, in get_code
  File "<frozen importlib._bootstrap_external>", line 1059, in source_to_code
  File "<frozen importlib._bootstrap>", line 488, in _call_with_frames_removed
  File "/opt/airflow/dags/AMBER_Daily_Scraping.py", line 55
    env={"DATA_DIR": DATA_DIR},
    ^^^^^^^^^^^^^^^^^^^^^^^^^^
SyntaxError: keyword argument repeated: env
[2025-11-13T07:29:08.977+0000] {processor.py:927} WARNING - No viable dags retrieved from /opt/airflow/dags/AMBER_Daily_Scraping.py
[2025-11-13T07:29:09.038+0000] {processor.py:208} INFO - Processing /opt/airflow/dags/AMBER_Daily_Scraping.py took 0.137 seconds
[2025-11-13T07:29:39.242+0000] {processor.py:186} INFO - Started process (PID=221) to work on /opt/airflow/dags/AMBER_Daily_Scraping.py
[2025-11-13T07:29:39.243+0000] {processor.py:914} INFO - Processing file /opt/airflow/dags/AMBER_Daily_Scraping.py for tasks to queue
[2025-11-13T07:29:39.245+0000] {logging_mixin.py:190} INFO - [2025-11-13T07:29:39.245+0000] {dagbag.py:588} INFO - Filling up the DagBag from /opt/airflow/dags/AMBER_Daily_Scraping.py
[2025-11-13T07:29:39.324+0000] {logging_mixin.py:190} INFO - [2025-11-13T07:29:39.323+0000] {dagbag.py:387} ERROR - Failed to import: /opt/airflow/dags/AMBER_Daily_Scraping.py
Traceback (most recent call last):
  File "/home/airflow/.local/lib/python3.12/site-packages/airflow/models/dagbag.py", line 383, in parse
    loader.exec_module(new_module)
  File "<frozen importlib._bootstrap_external>", line 991, in exec_module
  File "<frozen importlib._bootstrap_external>", line 1129, in get_code
  File "<frozen importlib._bootstrap_external>", line 1059, in source_to_code
  File "<frozen importlib._bootstrap>", line 488, in _call_with_frames_removed
  File "/opt/airflow/dags/AMBER_Daily_Scraping.py", line 55
    env={"DATA_DIR": DATA_DIR},
    ^^^^^^^^^^^^^^^^^^^^^^^^^^
SyntaxError: keyword argument repeated: env
[2025-11-13T07:29:39.326+0000] {processor.py:927} WARNING - No viable dags retrieved from /opt/airflow/dags/AMBER_Daily_Scraping.py
[2025-11-13T07:29:39.366+0000] {processor.py:208} INFO - Processing /opt/airflow/dags/AMBER_Daily_Scraping.py took 0.129 seconds
[2025-11-13T07:30:09.491+0000] {processor.py:186} INFO - Started process (PID=222) to work on /opt/airflow/dags/AMBER_Daily_Scraping.py
[2025-11-13T07:30:09.493+0000] {processor.py:914} INFO - Processing file /opt/airflow/dags/AMBER_Daily_Scraping.py for tasks to queue
[2025-11-13T07:30:09.494+0000] {logging_mixin.py:190} INFO - [2025-11-13T07:30:09.494+0000] {dagbag.py:588} INFO - Filling up the DagBag from /opt/airflow/dags/AMBER_Daily_Scraping.py
[2025-11-13T07:30:09.531+0000] {logging_mixin.py:190} INFO - [2025-11-13T07:30:09.530+0000] {dagbag.py:387} ERROR - Failed to import: /opt/airflow/dags/AMBER_Daily_Scraping.py
Traceback (most recent call last):
  File "/home/airflow/.local/lib/python3.12/site-packages/airflow/models/dagbag.py", line 383, in parse
    loader.exec_module(new_module)
  File "<frozen importlib._bootstrap_external>", line 991, in exec_module
  File "<frozen importlib._bootstrap_external>", line 1129, in get_code
  File "<frozen importlib._bootstrap_external>", line 1059, in source_to_code
  File "<frozen importlib._bootstrap>", line 488, in _call_with_frames_removed
  File "/opt/airflow/dags/AMBER_Daily_Scraping.py", line 55
    env={"DATA_DIR": DATA_DIR},
    ^^^^^^^^^^^^^^^^^^^^^^^^^^
SyntaxError: keyword argument repeated: env
[2025-11-13T07:30:09.532+0000] {processor.py:927} WARNING - No viable dags retrieved from /opt/airflow/dags/AMBER_Daily_Scraping.py
[2025-11-13T07:30:09.573+0000] {processor.py:208} INFO - Processing /opt/airflow/dags/AMBER_Daily_Scraping.py took 0.088 seconds
[2025-11-13T07:30:39.744+0000] {processor.py:186} INFO - Started process (PID=223) to work on /opt/airflow/dags/AMBER_Daily_Scraping.py
[2025-11-13T07:30:39.747+0000] {processor.py:914} INFO - Processing file /opt/airflow/dags/AMBER_Daily_Scraping.py for tasks to queue
[2025-11-13T07:30:39.749+0000] {logging_mixin.py:190} INFO - [2025-11-13T07:30:39.748+0000] {dagbag.py:588} INFO - Filling up the DagBag from /opt/airflow/dags/AMBER_Daily_Scraping.py
[2025-11-13T07:30:39.826+0000] {logging_mixin.py:190} INFO - [2025-11-13T07:30:39.824+0000] {dagbag.py:387} ERROR - Failed to import: /opt/airflow/dags/AMBER_Daily_Scraping.py
Traceback (most recent call last):
  File "/home/airflow/.local/lib/python3.12/site-packages/airflow/models/dagbag.py", line 383, in parse
    loader.exec_module(new_module)
  File "<frozen importlib._bootstrap_external>", line 991, in exec_module
  File "<frozen importlib._bootstrap_external>", line 1129, in get_code
  File "<frozen importlib._bootstrap_external>", line 1059, in source_to_code
  File "<frozen importlib._bootstrap>", line 488, in _call_with_frames_removed
  File "/opt/airflow/dags/AMBER_Daily_Scraping.py", line 55
    env={"DATA_DIR": DATA_DIR},
    ^^^^^^^^^^^^^^^^^^^^^^^^^^
SyntaxError: keyword argument repeated: env
[2025-11-13T07:30:39.827+0000] {processor.py:927} WARNING - No viable dags retrieved from /opt/airflow/dags/AMBER_Daily_Scraping.py
[2025-11-13T07:30:39.869+0000] {processor.py:208} INFO - Processing /opt/airflow/dags/AMBER_Daily_Scraping.py took 0.131 seconds
[2025-11-13T07:31:10.043+0000] {processor.py:186} INFO - Started process (PID=224) to work on /opt/airflow/dags/AMBER_Daily_Scraping.py
[2025-11-13T07:31:10.044+0000] {processor.py:914} INFO - Processing file /opt/airflow/dags/AMBER_Daily_Scraping.py for tasks to queue
[2025-11-13T07:31:10.046+0000] {logging_mixin.py:190} INFO - [2025-11-13T07:31:10.046+0000] {dagbag.py:588} INFO - Filling up the DagBag from /opt/airflow/dags/AMBER_Daily_Scraping.py
[2025-11-13T07:31:10.097+0000] {logging_mixin.py:190} INFO - [2025-11-13T07:31:10.095+0000] {dagbag.py:387} ERROR - Failed to import: /opt/airflow/dags/AMBER_Daily_Scraping.py
Traceback (most recent call last):
  File "/home/airflow/.local/lib/python3.12/site-packages/airflow/models/dagbag.py", line 383, in parse
    loader.exec_module(new_module)
  File "<frozen importlib._bootstrap_external>", line 991, in exec_module
  File "<frozen importlib._bootstrap_external>", line 1129, in get_code
  File "<frozen importlib._bootstrap_external>", line 1059, in source_to_code
  File "<frozen importlib._bootstrap>", line 488, in _call_with_frames_removed
  File "/opt/airflow/dags/AMBER_Daily_Scraping.py", line 55
    env={"DATA_DIR": DATA_DIR},
    ^^^^^^^^^^^^^^^^^^^^^^^^^^
SyntaxError: keyword argument repeated: env
[2025-11-13T07:31:10.099+0000] {processor.py:927} WARNING - No viable dags retrieved from /opt/airflow/dags/AMBER_Daily_Scraping.py
[2025-11-13T07:31:10.135+0000] {processor.py:208} INFO - Processing /opt/airflow/dags/AMBER_Daily_Scraping.py took 0.098 seconds
[2025-11-13T07:31:40.316+0000] {processor.py:186} INFO - Started process (PID=225) to work on /opt/airflow/dags/AMBER_Daily_Scraping.py
[2025-11-13T07:31:40.317+0000] {processor.py:914} INFO - Processing file /opt/airflow/dags/AMBER_Daily_Scraping.py for tasks to queue
[2025-11-13T07:31:40.319+0000] {logging_mixin.py:190} INFO - [2025-11-13T07:31:40.319+0000] {dagbag.py:588} INFO - Filling up the DagBag from /opt/airflow/dags/AMBER_Daily_Scraping.py
[2025-11-13T07:31:40.381+0000] {logging_mixin.py:190} INFO - [2025-11-13T07:31:40.380+0000] {dagbag.py:387} ERROR - Failed to import: /opt/airflow/dags/AMBER_Daily_Scraping.py
Traceback (most recent call last):
  File "/home/airflow/.local/lib/python3.12/site-packages/airflow/models/dagbag.py", line 383, in parse
    loader.exec_module(new_module)
  File "<frozen importlib._bootstrap_external>", line 991, in exec_module
  File "<frozen importlib._bootstrap_external>", line 1129, in get_code
  File "<frozen importlib._bootstrap_external>", line 1059, in source_to_code
  File "<frozen importlib._bootstrap>", line 488, in _call_with_frames_removed
  File "/opt/airflow/dags/AMBER_Daily_Scraping.py", line 55
    env={"DATA_DIR": DATA_DIR},
    ^^^^^^^^^^^^^^^^^^^^^^^^^^
SyntaxError: keyword argument repeated: env
[2025-11-13T07:31:40.382+0000] {processor.py:927} WARNING - No viable dags retrieved from /opt/airflow/dags/AMBER_Daily_Scraping.py
[2025-11-13T07:31:40.426+0000] {processor.py:208} INFO - Processing /opt/airflow/dags/AMBER_Daily_Scraping.py took 0.115 seconds
[2025-11-13T07:32:09.585+0000] {processor.py:186} INFO - Started process (PID=226) to work on /opt/airflow/dags/AMBER_Daily_Scraping.py
[2025-11-13T07:32:09.587+0000] {processor.py:914} INFO - Processing file /opt/airflow/dags/AMBER_Daily_Scraping.py for tasks to queue
[2025-11-13T07:32:09.589+0000] {logging_mixin.py:190} INFO - [2025-11-13T07:32:09.589+0000] {dagbag.py:588} INFO - Filling up the DagBag from /opt/airflow/dags/AMBER_Daily_Scraping.py
[2025-11-13T07:32:09.663+0000] {logging_mixin.py:190} INFO - [2025-11-13T07:32:09.661+0000] {dagbag.py:387} ERROR - Failed to import: /opt/airflow/dags/AMBER_Daily_Scraping.py
Traceback (most recent call last):
  File "/home/airflow/.local/lib/python3.12/site-packages/airflow/models/dagbag.py", line 383, in parse
    loader.exec_module(new_module)
  File "<frozen importlib._bootstrap_external>", line 991, in exec_module
  File "<frozen importlib._bootstrap_external>", line 1129, in get_code
  File "<frozen importlib._bootstrap_external>", line 1059, in source_to_code
  File "<frozen importlib._bootstrap>", line 488, in _call_with_frames_removed
  File "/opt/airflow/dags/AMBER_Daily_Scraping.py", line 55
    env={"DATA_DIR": DATA_DIR},
    ^^^^^^^^^^^^^^^^^^^^^^^^^^
SyntaxError: keyword argument repeated: env
[2025-11-13T07:32:09.664+0000] {processor.py:927} WARNING - No viable dags retrieved from /opt/airflow/dags/AMBER_Daily_Scraping.py
[2025-11-13T07:32:09.716+0000] {processor.py:208} INFO - Processing /opt/airflow/dags/AMBER_Daily_Scraping.py took 0.136 seconds
[2025-11-13T07:33:57.041+0000] {processor.py:186} INFO - Started process (PID=37) to work on /opt/airflow/dags/AMBER_Daily_Scraping.py
[2025-11-13T07:33:57.044+0000] {processor.py:914} INFO - Processing file /opt/airflow/dags/AMBER_Daily_Scraping.py for tasks to queue
[2025-11-13T07:33:57.047+0000] {logging_mixin.py:190} INFO - [2025-11-13T07:33:57.047+0000] {dagbag.py:588} INFO - Filling up the DagBag from /opt/airflow/dags/AMBER_Daily_Scraping.py
[2025-11-13T07:33:57.088+0000] {logging_mixin.py:190} INFO - [2025-11-13T07:33:57.087+0000] {dagbag.py:387} ERROR - Failed to import: /opt/airflow/dags/AMBER_Daily_Scraping.py
Traceback (most recent call last):
  File "/home/airflow/.local/lib/python3.12/site-packages/airflow/models/dagbag.py", line 383, in parse
    loader.exec_module(new_module)
  File "<frozen importlib._bootstrap_external>", line 991, in exec_module
  File "<frozen importlib._bootstrap_external>", line 1129, in get_code
  File "<frozen importlib._bootstrap_external>", line 1059, in source_to_code
  File "<frozen importlib._bootstrap>", line 488, in _call_with_frames_removed
  File "/opt/airflow/dags/AMBER_Daily_Scraping.py", line 55
    env={"DATA_DIR": DATA_DIR},
    ^^^^^^^^^^^^^^^^^^^^^^^^^^
SyntaxError: keyword argument repeated: env
[2025-11-13T07:33:57.090+0000] {processor.py:927} WARNING - No viable dags retrieved from /opt/airflow/dags/AMBER_Daily_Scraping.py
[2025-11-13T07:33:57.149+0000] {processor.py:208} INFO - Processing /opt/airflow/dags/AMBER_Daily_Scraping.py took 0.115 seconds
[2025-11-13T07:34:27.680+0000] {processor.py:186} INFO - Started process (PID=38) to work on /opt/airflow/dags/AMBER_Daily_Scraping.py
[2025-11-13T07:34:27.682+0000] {processor.py:914} INFO - Processing file /opt/airflow/dags/AMBER_Daily_Scraping.py for tasks to queue
[2025-11-13T07:34:27.686+0000] {logging_mixin.py:190} INFO - [2025-11-13T07:34:27.686+0000] {dagbag.py:588} INFO - Filling up the DagBag from /opt/airflow/dags/AMBER_Daily_Scraping.py
[2025-11-13T07:34:27.768+0000] {logging_mixin.py:190} INFO - [2025-11-13T07:34:27.767+0000] {dagbag.py:387} ERROR - Failed to import: /opt/airflow/dags/AMBER_Daily_Scraping.py
Traceback (most recent call last):
  File "/home/airflow/.local/lib/python3.12/site-packages/airflow/models/dagbag.py", line 383, in parse
    loader.exec_module(new_module)
  File "<frozen importlib._bootstrap_external>", line 991, in exec_module
  File "<frozen importlib._bootstrap_external>", line 1129, in get_code
  File "<frozen importlib._bootstrap_external>", line 1059, in source_to_code
  File "<frozen importlib._bootstrap>", line 488, in _call_with_frames_removed
  File "/opt/airflow/dags/AMBER_Daily_Scraping.py", line 55
    env={"DATA_DIR": DATA_DIR},
    ^^^^^^^^^^^^^^^^^^^^^^^^^^
SyntaxError: keyword argument repeated: env
[2025-11-13T07:34:27.770+0000] {processor.py:927} WARNING - No viable dags retrieved from /opt/airflow/dags/AMBER_Daily_Scraping.py
[2025-11-13T07:34:27.820+0000] {processor.py:208} INFO - Processing /opt/airflow/dags/AMBER_Daily_Scraping.py took 0.147 seconds
[2025-11-13T07:34:58.070+0000] {processor.py:186} INFO - Started process (PID=39) to work on /opt/airflow/dags/AMBER_Daily_Scraping.py
[2025-11-13T07:34:58.072+0000] {processor.py:914} INFO - Processing file /opt/airflow/dags/AMBER_Daily_Scraping.py for tasks to queue
[2025-11-13T07:34:58.077+0000] {logging_mixin.py:190} INFO - [2025-11-13T07:34:58.076+0000] {dagbag.py:588} INFO - Filling up the DagBag from /opt/airflow/dags/AMBER_Daily_Scraping.py
[2025-11-13T07:34:58.140+0000] {logging_mixin.py:190} INFO - [2025-11-13T07:34:58.139+0000] {dagbag.py:387} ERROR - Failed to import: /opt/airflow/dags/AMBER_Daily_Scraping.py
Traceback (most recent call last):
  File "/home/airflow/.local/lib/python3.12/site-packages/airflow/models/dagbag.py", line 383, in parse
    loader.exec_module(new_module)
  File "<frozen importlib._bootstrap_external>", line 991, in exec_module
  File "<frozen importlib._bootstrap_external>", line 1129, in get_code
  File "<frozen importlib._bootstrap_external>", line 1059, in source_to_code
  File "<frozen importlib._bootstrap>", line 488, in _call_with_frames_removed
  File "/opt/airflow/dags/AMBER_Daily_Scraping.py", line 55
    env={"DATA_DIR": DATA_DIR},
    ^^^^^^^^^^^^^^^^^^^^^^^^^^
SyntaxError: keyword argument repeated: env
[2025-11-13T07:34:58.142+0000] {processor.py:927} WARNING - No viable dags retrieved from /opt/airflow/dags/AMBER_Daily_Scraping.py
[2025-11-13T07:34:58.273+0000] {processor.py:208} INFO - Processing /opt/airflow/dags/AMBER_Daily_Scraping.py took 0.209 seconds
[2025-11-13T07:35:28.549+0000] {processor.py:186} INFO - Started process (PID=40) to work on /opt/airflow/dags/AMBER_Daily_Scraping.py
[2025-11-13T07:35:28.551+0000] {processor.py:914} INFO - Processing file /opt/airflow/dags/AMBER_Daily_Scraping.py for tasks to queue
[2025-11-13T07:35:28.557+0000] {logging_mixin.py:190} INFO - [2025-11-13T07:35:28.556+0000] {dagbag.py:588} INFO - Filling up the DagBag from /opt/airflow/dags/AMBER_Daily_Scraping.py
[2025-11-13T07:35:28.636+0000] {logging_mixin.py:190} INFO - [2025-11-13T07:35:28.635+0000] {dagbag.py:387} ERROR - Failed to import: /opt/airflow/dags/AMBER_Daily_Scraping.py
Traceback (most recent call last):
  File "/home/airflow/.local/lib/python3.12/site-packages/airflow/models/dagbag.py", line 383, in parse
    loader.exec_module(new_module)
  File "<frozen importlib._bootstrap_external>", line 991, in exec_module
  File "<frozen importlib._bootstrap_external>", line 1129, in get_code
  File "<frozen importlib._bootstrap_external>", line 1059, in source_to_code
  File "<frozen importlib._bootstrap>", line 488, in _call_with_frames_removed
  File "/opt/airflow/dags/AMBER_Daily_Scraping.py", line 55
    env={"DATA_DIR": DATA_DIR},
    ^^^^^^^^^^^^^^^^^^^^^^^^^^
SyntaxError: keyword argument repeated: env
[2025-11-13T07:35:28.638+0000] {processor.py:927} WARNING - No viable dags retrieved from /opt/airflow/dags/AMBER_Daily_Scraping.py
[2025-11-13T07:35:28.690+0000] {processor.py:208} INFO - Processing /opt/airflow/dags/AMBER_Daily_Scraping.py took 0.149 seconds
[2025-11-13T07:35:58.973+0000] {processor.py:186} INFO - Started process (PID=41) to work on /opt/airflow/dags/AMBER_Daily_Scraping.py
[2025-11-13T07:35:58.975+0000] {processor.py:914} INFO - Processing file /opt/airflow/dags/AMBER_Daily_Scraping.py for tasks to queue
[2025-11-13T07:35:58.978+0000] {logging_mixin.py:190} INFO - [2025-11-13T07:35:58.978+0000] {dagbag.py:588} INFO - Filling up the DagBag from /opt/airflow/dags/AMBER_Daily_Scraping.py
[2025-11-13T07:35:59.030+0000] {logging_mixin.py:190} INFO - [2025-11-13T07:35:59.028+0000] {dagbag.py:387} ERROR - Failed to import: /opt/airflow/dags/AMBER_Daily_Scraping.py
Traceback (most recent call last):
  File "/home/airflow/.local/lib/python3.12/site-packages/airflow/models/dagbag.py", line 383, in parse
    loader.exec_module(new_module)
  File "<frozen importlib._bootstrap_external>", line 991, in exec_module
  File "<frozen importlib._bootstrap_external>", line 1129, in get_code
  File "<frozen importlib._bootstrap_external>", line 1059, in source_to_code
  File "<frozen importlib._bootstrap>", line 488, in _call_with_frames_removed
  File "/opt/airflow/dags/AMBER_Daily_Scraping.py", line 55
    env={"DATA_DIR": DATA_DIR},
    ^^^^^^^^^^^^^^^^^^^^^^^^^^
SyntaxError: keyword argument repeated: env
[2025-11-13T07:35:59.032+0000] {processor.py:927} WARNING - No viable dags retrieved from /opt/airflow/dags/AMBER_Daily_Scraping.py
[2025-11-13T07:35:59.073+0000] {processor.py:208} INFO - Processing /opt/airflow/dags/AMBER_Daily_Scraping.py took 0.107 seconds
[2025-11-13T07:36:29.405+0000] {processor.py:186} INFO - Started process (PID=42) to work on /opt/airflow/dags/AMBER_Daily_Scraping.py
[2025-11-13T07:36:29.408+0000] {processor.py:914} INFO - Processing file /opt/airflow/dags/AMBER_Daily_Scraping.py for tasks to queue
[2025-11-13T07:36:29.413+0000] {logging_mixin.py:190} INFO - [2025-11-13T07:36:29.412+0000] {dagbag.py:588} INFO - Filling up the DagBag from /opt/airflow/dags/AMBER_Daily_Scraping.py
[2025-11-13T07:36:29.464+0000] {logging_mixin.py:190} INFO - [2025-11-13T07:36:29.462+0000] {dagbag.py:387} ERROR - Failed to import: /opt/airflow/dags/AMBER_Daily_Scraping.py
Traceback (most recent call last):
  File "/home/airflow/.local/lib/python3.12/site-packages/airflow/models/dagbag.py", line 383, in parse
    loader.exec_module(new_module)
  File "<frozen importlib._bootstrap_external>", line 991, in exec_module
  File "<frozen importlib._bootstrap_external>", line 1129, in get_code
  File "<frozen importlib._bootstrap_external>", line 1059, in source_to_code
  File "<frozen importlib._bootstrap>", line 488, in _call_with_frames_removed
  File "/opt/airflow/dags/AMBER_Daily_Scraping.py", line 55
    env={"DATA_DIR": DATA_DIR},
    ^^^^^^^^^^^^^^^^^^^^^^^^^^
SyntaxError: keyword argument repeated: env
[2025-11-13T07:36:29.466+0000] {processor.py:927} WARNING - No viable dags retrieved from /opt/airflow/dags/AMBER_Daily_Scraping.py
[2025-11-13T07:36:29.519+0000] {processor.py:208} INFO - Processing /opt/airflow/dags/AMBER_Daily_Scraping.py took 0.122 seconds
[2025-11-13T07:36:59.858+0000] {processor.py:186} INFO - Started process (PID=43) to work on /opt/airflow/dags/AMBER_Daily_Scraping.py
[2025-11-13T07:36:59.859+0000] {processor.py:914} INFO - Processing file /opt/airflow/dags/AMBER_Daily_Scraping.py for tasks to queue
[2025-11-13T07:36:59.862+0000] {logging_mixin.py:190} INFO - [2025-11-13T07:36:59.862+0000] {dagbag.py:588} INFO - Filling up the DagBag from /opt/airflow/dags/AMBER_Daily_Scraping.py
[2025-11-13T07:36:59.912+0000] {logging_mixin.py:190} INFO - [2025-11-13T07:36:59.911+0000] {dagbag.py:387} ERROR - Failed to import: /opt/airflow/dags/AMBER_Daily_Scraping.py
Traceback (most recent call last):
  File "/home/airflow/.local/lib/python3.12/site-packages/airflow/models/dagbag.py", line 383, in parse
    loader.exec_module(new_module)
  File "<frozen importlib._bootstrap_external>", line 991, in exec_module
  File "<frozen importlib._bootstrap_external>", line 1129, in get_code
  File "<frozen importlib._bootstrap_external>", line 1059, in source_to_code
  File "<frozen importlib._bootstrap>", line 488, in _call_with_frames_removed
  File "/opt/airflow/dags/AMBER_Daily_Scraping.py", line 55
    env={"DATA_DIR": DATA_DIR},
    ^^^^^^^^^^^^^^^^^^^^^^^^^^
SyntaxError: keyword argument repeated: env
[2025-11-13T07:36:59.913+0000] {processor.py:927} WARNING - No viable dags retrieved from /opt/airflow/dags/AMBER_Daily_Scraping.py
[2025-11-13T07:36:59.945+0000] {processor.py:208} INFO - Processing /opt/airflow/dags/AMBER_Daily_Scraping.py took 0.093 seconds
[2025-11-13T07:37:30.300+0000] {processor.py:186} INFO - Started process (PID=44) to work on /opt/airflow/dags/AMBER_Daily_Scraping.py
[2025-11-13T07:37:30.302+0000] {processor.py:914} INFO - Processing file /opt/airflow/dags/AMBER_Daily_Scraping.py for tasks to queue
[2025-11-13T07:37:30.307+0000] {logging_mixin.py:190} INFO - [2025-11-13T07:37:30.307+0000] {dagbag.py:588} INFO - Filling up the DagBag from /opt/airflow/dags/AMBER_Daily_Scraping.py
[2025-11-13T07:37:30.385+0000] {logging_mixin.py:190} INFO - [2025-11-13T07:37:30.383+0000] {dagbag.py:387} ERROR - Failed to import: /opt/airflow/dags/AMBER_Daily_Scraping.py
Traceback (most recent call last):
  File "/home/airflow/.local/lib/python3.12/site-packages/airflow/models/dagbag.py", line 383, in parse
    loader.exec_module(new_module)
  File "<frozen importlib._bootstrap_external>", line 991, in exec_module
  File "<frozen importlib._bootstrap_external>", line 1129, in get_code
  File "<frozen importlib._bootstrap_external>", line 1059, in source_to_code
  File "<frozen importlib._bootstrap>", line 488, in _call_with_frames_removed
  File "/opt/airflow/dags/AMBER_Daily_Scraping.py", line 55
    env={"DATA_DIR": DATA_DIR},
    ^^^^^^^^^^^^^^^^^^^^^^^^^^
SyntaxError: keyword argument repeated: env
[2025-11-13T07:37:30.386+0000] {processor.py:927} WARNING - No viable dags retrieved from /opt/airflow/dags/AMBER_Daily_Scraping.py
[2025-11-13T07:37:30.435+0000] {processor.py:208} INFO - Processing /opt/airflow/dags/AMBER_Daily_Scraping.py took 0.148 seconds
[2025-11-13T07:38:00.668+0000] {processor.py:186} INFO - Started process (PID=45) to work on /opt/airflow/dags/AMBER_Daily_Scraping.py
[2025-11-13T07:38:00.670+0000] {processor.py:914} INFO - Processing file /opt/airflow/dags/AMBER_Daily_Scraping.py for tasks to queue
[2025-11-13T07:38:00.673+0000] {logging_mixin.py:190} INFO - [2025-11-13T07:38:00.673+0000] {dagbag.py:588} INFO - Filling up the DagBag from /opt/airflow/dags/AMBER_Daily_Scraping.py
[2025-11-13T07:38:00.742+0000] {logging_mixin.py:190} INFO - [2025-11-13T07:38:00.741+0000] {dagbag.py:387} ERROR - Failed to import: /opt/airflow/dags/AMBER_Daily_Scraping.py
Traceback (most recent call last):
  File "/home/airflow/.local/lib/python3.12/site-packages/airflow/models/dagbag.py", line 383, in parse
    loader.exec_module(new_module)
  File "<frozen importlib._bootstrap_external>", line 991, in exec_module
  File "<frozen importlib._bootstrap_external>", line 1129, in get_code
  File "<frozen importlib._bootstrap_external>", line 1059, in source_to_code
  File "<frozen importlib._bootstrap>", line 488, in _call_with_frames_removed
  File "/opt/airflow/dags/AMBER_Daily_Scraping.py", line 55
    env={"DATA_DIR": DATA_DIR},
    ^^^^^^^^^^^^^^^^^^^^^^^^^^
SyntaxError: keyword argument repeated: env
[2025-11-13T07:38:00.744+0000] {processor.py:927} WARNING - No viable dags retrieved from /opt/airflow/dags/AMBER_Daily_Scraping.py
[2025-11-13T07:38:00.781+0000] {processor.py:208} INFO - Processing /opt/airflow/dags/AMBER_Daily_Scraping.py took 0.119 seconds
[2025-11-13T07:38:31.129+0000] {processor.py:186} INFO - Started process (PID=46) to work on /opt/airflow/dags/AMBER_Daily_Scraping.py
[2025-11-13T07:38:31.130+0000] {processor.py:914} INFO - Processing file /opt/airflow/dags/AMBER_Daily_Scraping.py for tasks to queue
[2025-11-13T07:38:31.134+0000] {logging_mixin.py:190} INFO - [2025-11-13T07:38:31.133+0000] {dagbag.py:588} INFO - Filling up the DagBag from /opt/airflow/dags/AMBER_Daily_Scraping.py
[2025-11-13T07:38:31.210+0000] {logging_mixin.py:190} INFO - [2025-11-13T07:38:31.208+0000] {dagbag.py:387} ERROR - Failed to import: /opt/airflow/dags/AMBER_Daily_Scraping.py
Traceback (most recent call last):
  File "/home/airflow/.local/lib/python3.12/site-packages/airflow/models/dagbag.py", line 383, in parse
    loader.exec_module(new_module)
  File "<frozen importlib._bootstrap_external>", line 991, in exec_module
  File "<frozen importlib._bootstrap_external>", line 1129, in get_code
  File "<frozen importlib._bootstrap_external>", line 1059, in source_to_code
  File "<frozen importlib._bootstrap>", line 488, in _call_with_frames_removed
  File "/opt/airflow/dags/AMBER_Daily_Scraping.py", line 55
    env={"DATA_DIR": DATA_DIR},
    ^^^^^^^^^^^^^^^^^^^^^^^^^^
SyntaxError: keyword argument repeated: env
[2025-11-13T07:38:31.211+0000] {processor.py:927} WARNING - No viable dags retrieved from /opt/airflow/dags/AMBER_Daily_Scraping.py
[2025-11-13T07:38:31.254+0000] {processor.py:208} INFO - Processing /opt/airflow/dags/AMBER_Daily_Scraping.py took 0.130 seconds
[2025-11-13T07:39:01.623+0000] {processor.py:186} INFO - Started process (PID=47) to work on /opt/airflow/dags/AMBER_Daily_Scraping.py
[2025-11-13T07:39:01.625+0000] {processor.py:914} INFO - Processing file /opt/airflow/dags/AMBER_Daily_Scraping.py for tasks to queue
[2025-11-13T07:39:01.630+0000] {logging_mixin.py:190} INFO - [2025-11-13T07:39:01.630+0000] {dagbag.py:588} INFO - Filling up the DagBag from /opt/airflow/dags/AMBER_Daily_Scraping.py
[2025-11-13T07:39:01.699+0000] {logging_mixin.py:190} INFO - [2025-11-13T07:39:01.697+0000] {dagbag.py:387} ERROR - Failed to import: /opt/airflow/dags/AMBER_Daily_Scraping.py
Traceback (most recent call last):
  File "/home/airflow/.local/lib/python3.12/site-packages/airflow/models/dagbag.py", line 383, in parse
    loader.exec_module(new_module)
  File "<frozen importlib._bootstrap_external>", line 991, in exec_module
  File "<frozen importlib._bootstrap_external>", line 1129, in get_code
  File "<frozen importlib._bootstrap_external>", line 1059, in source_to_code
  File "<frozen importlib._bootstrap>", line 488, in _call_with_frames_removed
  File "/opt/airflow/dags/AMBER_Daily_Scraping.py", line 55
    env={"DATA_DIR": DATA_DIR},
    ^^^^^^^^^^^^^^^^^^^^^^^^^^
SyntaxError: keyword argument repeated: env
[2025-11-13T07:39:01.700+0000] {processor.py:927} WARNING - No viable dags retrieved from /opt/airflow/dags/AMBER_Daily_Scraping.py
[2025-11-13T07:39:01.751+0000] {processor.py:208} INFO - Processing /opt/airflow/dags/AMBER_Daily_Scraping.py took 0.135 seconds
[2025-11-13T07:39:32.013+0000] {processor.py:186} INFO - Started process (PID=48) to work on /opt/airflow/dags/AMBER_Daily_Scraping.py
[2025-11-13T07:39:32.014+0000] {processor.py:914} INFO - Processing file /opt/airflow/dags/AMBER_Daily_Scraping.py for tasks to queue
[2025-11-13T07:39:32.017+0000] {logging_mixin.py:190} INFO - [2025-11-13T07:39:32.017+0000] {dagbag.py:588} INFO - Filling up the DagBag from /opt/airflow/dags/AMBER_Daily_Scraping.py
[2025-11-13T07:39:32.054+0000] {logging_mixin.py:190} INFO - [2025-11-13T07:39:32.053+0000] {dagbag.py:387} ERROR - Failed to import: /opt/airflow/dags/AMBER_Daily_Scraping.py
Traceback (most recent call last):
  File "/home/airflow/.local/lib/python3.12/site-packages/airflow/models/dagbag.py", line 383, in parse
    loader.exec_module(new_module)
  File "<frozen importlib._bootstrap_external>", line 991, in exec_module
  File "<frozen importlib._bootstrap_external>", line 1129, in get_code
  File "<frozen importlib._bootstrap_external>", line 1059, in source_to_code
  File "<frozen importlib._bootstrap>", line 488, in _call_with_frames_removed
  File "/opt/airflow/dags/AMBER_Daily_Scraping.py", line 55
    env={"DATA_DIR": DATA_DIR},
    ^^^^^^^^^^^^^^^^^^^^^^^^^^
SyntaxError: keyword argument repeated: env
[2025-11-13T07:39:32.055+0000] {processor.py:927} WARNING - No viable dags retrieved from /opt/airflow/dags/AMBER_Daily_Scraping.py
[2025-11-13T07:39:32.103+0000] {processor.py:208} INFO - Processing /opt/airflow/dags/AMBER_Daily_Scraping.py took 0.095 seconds
[2025-11-13T07:40:02.528+0000] {processor.py:186} INFO - Started process (PID=49) to work on /opt/airflow/dags/AMBER_Daily_Scraping.py
[2025-11-13T07:40:02.531+0000] {processor.py:914} INFO - Processing file /opt/airflow/dags/AMBER_Daily_Scraping.py for tasks to queue
[2025-11-13T07:40:02.536+0000] {logging_mixin.py:190} INFO - [2025-11-13T07:40:02.535+0000] {dagbag.py:588} INFO - Filling up the DagBag from /opt/airflow/dags/AMBER_Daily_Scraping.py
[2025-11-13T07:40:02.569+0000] {logging_mixin.py:190} INFO - [2025-11-13T07:40:02.568+0000] {dagbag.py:387} ERROR - Failed to import: /opt/airflow/dags/AMBER_Daily_Scraping.py
Traceback (most recent call last):
  File "/home/airflow/.local/lib/python3.12/site-packages/airflow/models/dagbag.py", line 383, in parse
    loader.exec_module(new_module)
  File "<frozen importlib._bootstrap_external>", line 991, in exec_module
  File "<frozen importlib._bootstrap_external>", line 1129, in get_code
  File "<frozen importlib._bootstrap_external>", line 1059, in source_to_code
  File "<frozen importlib._bootstrap>", line 488, in _call_with_frames_removed
  File "/opt/airflow/dags/AMBER_Daily_Scraping.py", line 55
    env={"DATA_DIR": DATA_DIR},
    ^^^^^^^^^^^^^^^^^^^^^^^^^^
SyntaxError: keyword argument repeated: env
[2025-11-13T07:40:02.570+0000] {processor.py:927} WARNING - No viable dags retrieved from /opt/airflow/dags/AMBER_Daily_Scraping.py
[2025-11-13T07:40:02.612+0000] {processor.py:208} INFO - Processing /opt/airflow/dags/AMBER_Daily_Scraping.py took 0.092 seconds
[2025-11-13T07:40:32.955+0000] {processor.py:186} INFO - Started process (PID=50) to work on /opt/airflow/dags/AMBER_Daily_Scraping.py
[2025-11-13T07:40:32.957+0000] {processor.py:914} INFO - Processing file /opt/airflow/dags/AMBER_Daily_Scraping.py for tasks to queue
[2025-11-13T07:40:32.960+0000] {logging_mixin.py:190} INFO - [2025-11-13T07:40:32.960+0000] {dagbag.py:588} INFO - Filling up the DagBag from /opt/airflow/dags/AMBER_Daily_Scraping.py
[2025-11-13T07:40:33.022+0000] {logging_mixin.py:190} INFO - [2025-11-13T07:40:33.020+0000] {dagbag.py:387} ERROR - Failed to import: /opt/airflow/dags/AMBER_Daily_Scraping.py
Traceback (most recent call last):
  File "/home/airflow/.local/lib/python3.12/site-packages/airflow/models/dagbag.py", line 383, in parse
    loader.exec_module(new_module)
  File "<frozen importlib._bootstrap_external>", line 991, in exec_module
  File "<frozen importlib._bootstrap_external>", line 1129, in get_code
  File "<frozen importlib._bootstrap_external>", line 1059, in source_to_code
  File "<frozen importlib._bootstrap>", line 488, in _call_with_frames_removed
  File "/opt/airflow/dags/AMBER_Daily_Scraping.py", line 55
    env={"DATA_DIR": DATA_DIR},
    ^^^^^^^^^^^^^^^^^^^^^^^^^^
SyntaxError: keyword argument repeated: env
[2025-11-13T07:40:33.023+0000] {processor.py:927} WARNING - No viable dags retrieved from /opt/airflow/dags/AMBER_Daily_Scraping.py
[2025-11-13T07:40:33.061+0000] {processor.py:208} INFO - Processing /opt/airflow/dags/AMBER_Daily_Scraping.py took 0.114 seconds
[2025-11-13T07:41:03.352+0000] {processor.py:186} INFO - Started process (PID=51) to work on /opt/airflow/dags/AMBER_Daily_Scraping.py
[2025-11-13T07:41:03.353+0000] {processor.py:914} INFO - Processing file /opt/airflow/dags/AMBER_Daily_Scraping.py for tasks to queue
[2025-11-13T07:41:03.357+0000] {logging_mixin.py:190} INFO - [2025-11-13T07:41:03.356+0000] {dagbag.py:588} INFO - Filling up the DagBag from /opt/airflow/dags/AMBER_Daily_Scraping.py
[2025-11-13T07:41:03.408+0000] {logging_mixin.py:190} INFO - [2025-11-13T07:41:03.406+0000] {dagbag.py:387} ERROR - Failed to import: /opt/airflow/dags/AMBER_Daily_Scraping.py
Traceback (most recent call last):
  File "/home/airflow/.local/lib/python3.12/site-packages/airflow/models/dagbag.py", line 383, in parse
    loader.exec_module(new_module)
  File "<frozen importlib._bootstrap_external>", line 991, in exec_module
  File "<frozen importlib._bootstrap_external>", line 1129, in get_code
  File "<frozen importlib._bootstrap_external>", line 1059, in source_to_code
  File "<frozen importlib._bootstrap>", line 488, in _call_with_frames_removed
  File "/opt/airflow/dags/AMBER_Daily_Scraping.py", line 55
    env={"DATA_DIR": DATA_DIR},
    ^^^^^^^^^^^^^^^^^^^^^^^^^^
SyntaxError: keyword argument repeated: env
[2025-11-13T07:41:03.409+0000] {processor.py:927} WARNING - No viable dags retrieved from /opt/airflow/dags/AMBER_Daily_Scraping.py
[2025-11-13T07:41:03.444+0000] {processor.py:208} INFO - Processing /opt/airflow/dags/AMBER_Daily_Scraping.py took 0.098 seconds
[2025-11-13T07:41:33.702+0000] {processor.py:186} INFO - Started process (PID=52) to work on /opt/airflow/dags/AMBER_Daily_Scraping.py
[2025-11-13T07:41:33.704+0000] {processor.py:914} INFO - Processing file /opt/airflow/dags/AMBER_Daily_Scraping.py for tasks to queue
[2025-11-13T07:41:33.707+0000] {logging_mixin.py:190} INFO - [2025-11-13T07:41:33.707+0000] {dagbag.py:588} INFO - Filling up the DagBag from /opt/airflow/dags/AMBER_Daily_Scraping.py
[2025-11-13T07:41:33.759+0000] {logging_mixin.py:190} INFO - [2025-11-13T07:41:33.757+0000] {dagbag.py:387} ERROR - Failed to import: /opt/airflow/dags/AMBER_Daily_Scraping.py
Traceback (most recent call last):
  File "/home/airflow/.local/lib/python3.12/site-packages/airflow/models/dagbag.py", line 383, in parse
    loader.exec_module(new_module)
  File "<frozen importlib._bootstrap_external>", line 991, in exec_module
  File "<frozen importlib._bootstrap_external>", line 1129, in get_code
  File "<frozen importlib._bootstrap_external>", line 1059, in source_to_code
  File "<frozen importlib._bootstrap>", line 488, in _call_with_frames_removed
  File "/opt/airflow/dags/AMBER_Daily_Scraping.py", line 55
    env={"DATA_DIR": DATA_DIR},
    ^^^^^^^^^^^^^^^^^^^^^^^^^^
SyntaxError: keyword argument repeated: env
[2025-11-13T07:41:33.760+0000] {processor.py:927} WARNING - No viable dags retrieved from /opt/airflow/dags/AMBER_Daily_Scraping.py
[2025-11-13T07:41:33.797+0000] {processor.py:208} INFO - Processing /opt/airflow/dags/AMBER_Daily_Scraping.py took 0.101 seconds
[2025-11-13T07:42:04.178+0000] {processor.py:186} INFO - Started process (PID=53) to work on /opt/airflow/dags/AMBER_Daily_Scraping.py
[2025-11-13T07:42:04.180+0000] {processor.py:914} INFO - Processing file /opt/airflow/dags/AMBER_Daily_Scraping.py for tasks to queue
[2025-11-13T07:42:04.184+0000] {logging_mixin.py:190} INFO - [2025-11-13T07:42:04.183+0000] {dagbag.py:588} INFO - Filling up the DagBag from /opt/airflow/dags/AMBER_Daily_Scraping.py
[2025-11-13T07:42:04.232+0000] {logging_mixin.py:190} INFO - [2025-11-13T07:42:04.230+0000] {dagbag.py:387} ERROR - Failed to import: /opt/airflow/dags/AMBER_Daily_Scraping.py
Traceback (most recent call last):
  File "/home/airflow/.local/lib/python3.12/site-packages/airflow/models/dagbag.py", line 383, in parse
    loader.exec_module(new_module)
  File "<frozen importlib._bootstrap_external>", line 991, in exec_module
  File "<frozen importlib._bootstrap_external>", line 1129, in get_code
  File "<frozen importlib._bootstrap_external>", line 1059, in source_to_code
  File "<frozen importlib._bootstrap>", line 488, in _call_with_frames_removed
  File "/opt/airflow/dags/AMBER_Daily_Scraping.py", line 55
    env={"DATA_DIR": DATA_DIR},
    ^^^^^^^^^^^^^^^^^^^^^^^^^^
SyntaxError: keyword argument repeated: env
[2025-11-13T07:42:04.233+0000] {processor.py:927} WARNING - No viable dags retrieved from /opt/airflow/dags/AMBER_Daily_Scraping.py
[2025-11-13T07:42:04.286+0000] {processor.py:208} INFO - Processing /opt/airflow/dags/AMBER_Daily_Scraping.py took 0.118 seconds
[2025-11-13T07:42:34.585+0000] {processor.py:186} INFO - Started process (PID=54) to work on /opt/airflow/dags/AMBER_Daily_Scraping.py
[2025-11-13T07:42:34.587+0000] {processor.py:914} INFO - Processing file /opt/airflow/dags/AMBER_Daily_Scraping.py for tasks to queue
[2025-11-13T07:42:34.590+0000] {logging_mixin.py:190} INFO - [2025-11-13T07:42:34.589+0000] {dagbag.py:588} INFO - Filling up the DagBag from /opt/airflow/dags/AMBER_Daily_Scraping.py
[2025-11-13T07:42:34.628+0000] {logging_mixin.py:190} INFO - [2025-11-13T07:42:34.627+0000] {dagbag.py:387} ERROR - Failed to import: /opt/airflow/dags/AMBER_Daily_Scraping.py
Traceback (most recent call last):
  File "/home/airflow/.local/lib/python3.12/site-packages/airflow/models/dagbag.py", line 383, in parse
    loader.exec_module(new_module)
  File "<frozen importlib._bootstrap_external>", line 991, in exec_module
  File "<frozen importlib._bootstrap_external>", line 1129, in get_code
  File "<frozen importlib._bootstrap_external>", line 1059, in source_to_code
  File "<frozen importlib._bootstrap>", line 488, in _call_with_frames_removed
  File "/opt/airflow/dags/AMBER_Daily_Scraping.py", line 55
    env={"DATA_DIR": DATA_DIR},
    ^^^^^^^^^^^^^^^^^^^^^^^^^^
SyntaxError: keyword argument repeated: env
[2025-11-13T07:42:34.629+0000] {processor.py:927} WARNING - No viable dags retrieved from /opt/airflow/dags/AMBER_Daily_Scraping.py
[2025-11-13T07:42:34.673+0000] {processor.py:208} INFO - Processing /opt/airflow/dags/AMBER_Daily_Scraping.py took 0.093 seconds
[2025-11-13T07:43:05.011+0000] {processor.py:186} INFO - Started process (PID=55) to work on /opt/airflow/dags/AMBER_Daily_Scraping.py
[2025-11-13T07:43:05.014+0000] {processor.py:914} INFO - Processing file /opt/airflow/dags/AMBER_Daily_Scraping.py for tasks to queue
[2025-11-13T07:43:05.017+0000] {logging_mixin.py:190} INFO - [2025-11-13T07:43:05.016+0000] {dagbag.py:588} INFO - Filling up the DagBag from /opt/airflow/dags/AMBER_Daily_Scraping.py
[2025-11-13T07:43:05.056+0000] {logging_mixin.py:190} INFO - [2025-11-13T07:43:05.054+0000] {dagbag.py:387} ERROR - Failed to import: /opt/airflow/dags/AMBER_Daily_Scraping.py
Traceback (most recent call last):
  File "/home/airflow/.local/lib/python3.12/site-packages/airflow/models/dagbag.py", line 383, in parse
    loader.exec_module(new_module)
  File "<frozen importlib._bootstrap_external>", line 991, in exec_module
  File "<frozen importlib._bootstrap_external>", line 1129, in get_code
  File "<frozen importlib._bootstrap_external>", line 1059, in source_to_code
  File "<frozen importlib._bootstrap>", line 488, in _call_with_frames_removed
  File "/opt/airflow/dags/AMBER_Daily_Scraping.py", line 55
    env={"DATA_DIR": DATA_DIR},
    ^^^^^^^^^^^^^^^^^^^^^^^^^^
SyntaxError: keyword argument repeated: env
[2025-11-13T07:43:05.056+0000] {processor.py:927} WARNING - No viable dags retrieved from /opt/airflow/dags/AMBER_Daily_Scraping.py
[2025-11-13T07:43:05.091+0000] {processor.py:208} INFO - Processing /opt/airflow/dags/AMBER_Daily_Scraping.py took 0.085 seconds
[2025-11-13T07:43:35.487+0000] {processor.py:186} INFO - Started process (PID=56) to work on /opt/airflow/dags/AMBER_Daily_Scraping.py
[2025-11-13T07:43:35.491+0000] {processor.py:914} INFO - Processing file /opt/airflow/dags/AMBER_Daily_Scraping.py for tasks to queue
[2025-11-13T07:43:35.496+0000] {logging_mixin.py:190} INFO - [2025-11-13T07:43:35.496+0000] {dagbag.py:588} INFO - Filling up the DagBag from /opt/airflow/dags/AMBER_Daily_Scraping.py
[2025-11-13T07:43:35.571+0000] {logging_mixin.py:190} INFO - [2025-11-13T07:43:35.570+0000] {dagbag.py:387} ERROR - Failed to import: /opt/airflow/dags/AMBER_Daily_Scraping.py
Traceback (most recent call last):
  File "/home/airflow/.local/lib/python3.12/site-packages/airflow/models/dagbag.py", line 383, in parse
    loader.exec_module(new_module)
  File "<frozen importlib._bootstrap_external>", line 991, in exec_module
  File "<frozen importlib._bootstrap_external>", line 1129, in get_code
  File "<frozen importlib._bootstrap_external>", line 1059, in source_to_code
  File "<frozen importlib._bootstrap>", line 488, in _call_with_frames_removed
  File "/opt/airflow/dags/AMBER_Daily_Scraping.py", line 55
    env={"DATA_DIR": DATA_DIR},
    ^^^^^^^^^^^^^^^^^^^^^^^^^^
SyntaxError: keyword argument repeated: env
[2025-11-13T07:43:35.572+0000] {processor.py:927} WARNING - No viable dags retrieved from /opt/airflow/dags/AMBER_Daily_Scraping.py
[2025-11-13T07:43:35.607+0000] {processor.py:208} INFO - Processing /opt/airflow/dags/AMBER_Daily_Scraping.py took 0.126 seconds
[2025-11-13T07:43:48.538+0000] {processor.py:186} INFO - Started process (PID=57) to work on /opt/airflow/dags/AMBER_Daily_Scraping.py
[2025-11-13T07:43:48.540+0000] {processor.py:914} INFO - Processing file /opt/airflow/dags/AMBER_Daily_Scraping.py for tasks to queue
[2025-11-13T07:43:48.546+0000] {logging_mixin.py:190} INFO - [2025-11-13T07:43:48.545+0000] {dagbag.py:588} INFO - Filling up the DagBag from /opt/airflow/dags/AMBER_Daily_Scraping.py
[2025-11-13T07:43:48.663+0000] {processor.py:925} INFO - DAG(s) 'AMBER_Daily_Scraping' retrieved from /opt/airflow/dags/AMBER_Daily_Scraping.py
[2025-11-13T07:43:49.028+0000] {logging_mixin.py:190} INFO - [2025-11-13T07:43:49.028+0000] {dag.py:3239} INFO - Sync 1 DAGs
[2025-11-13T07:43:49.365+0000] {processor.py:208} INFO - Processing /opt/airflow/dags/AMBER_Daily_Scraping.py took 0.837 seconds
[2025-11-13T07:44:19.653+0000] {processor.py:186} INFO - Started process (PID=58) to work on /opt/airflow/dags/AMBER_Daily_Scraping.py
[2025-11-13T07:44:19.655+0000] {processor.py:914} INFO - Processing file /opt/airflow/dags/AMBER_Daily_Scraping.py for tasks to queue
[2025-11-13T07:44:19.660+0000] {logging_mixin.py:190} INFO - [2025-11-13T07:44:19.659+0000] {dagbag.py:588} INFO - Filling up the DagBag from /opt/airflow/dags/AMBER_Daily_Scraping.py
[2025-11-13T07:44:19.721+0000] {processor.py:925} INFO - DAG(s) 'AMBER_Daily_Scraping' retrieved from /opt/airflow/dags/AMBER_Daily_Scraping.py
[2025-11-13T07:44:19.754+0000] {logging_mixin.py:190} INFO - [2025-11-13T07:44:19.754+0000] {dag.py:3239} INFO - Sync 1 DAGs
[2025-11-13T07:44:19.836+0000] {processor.py:208} INFO - Processing /opt/airflow/dags/AMBER_Daily_Scraping.py took 0.193 seconds
[2025-11-13T07:44:50.261+0000] {processor.py:186} INFO - Started process (PID=59) to work on /opt/airflow/dags/AMBER_Daily_Scraping.py
[2025-11-13T07:44:50.263+0000] {processor.py:914} INFO - Processing file /opt/airflow/dags/AMBER_Daily_Scraping.py for tasks to queue
[2025-11-13T07:44:50.268+0000] {logging_mixin.py:190} INFO - [2025-11-13T07:44:50.267+0000] {dagbag.py:588} INFO - Filling up the DagBag from /opt/airflow/dags/AMBER_Daily_Scraping.py
[2025-11-13T07:44:50.319+0000] {processor.py:925} INFO - DAG(s) 'AMBER_Daily_Scraping' retrieved from /opt/airflow/dags/AMBER_Daily_Scraping.py
[2025-11-13T07:44:50.343+0000] {logging_mixin.py:190} INFO - [2025-11-13T07:44:50.342+0000] {dag.py:3239} INFO - Sync 1 DAGs
[2025-11-13T07:44:50.424+0000] {processor.py:208} INFO - Processing /opt/airflow/dags/AMBER_Daily_Scraping.py took 0.174 seconds
[2025-11-13T07:45:20.810+0000] {processor.py:186} INFO - Started process (PID=60) to work on /opt/airflow/dags/AMBER_Daily_Scraping.py
[2025-11-13T07:45:20.813+0000] {processor.py:914} INFO - Processing file /opt/airflow/dags/AMBER_Daily_Scraping.py for tasks to queue
[2025-11-13T07:45:20.818+0000] {logging_mixin.py:190} INFO - [2025-11-13T07:45:20.817+0000] {dagbag.py:588} INFO - Filling up the DagBag from /opt/airflow/dags/AMBER_Daily_Scraping.py
[2025-11-13T07:45:20.880+0000] {processor.py:925} INFO - DAG(s) 'AMBER_Daily_Scraping' retrieved from /opt/airflow/dags/AMBER_Daily_Scraping.py
[2025-11-13T07:45:20.902+0000] {logging_mixin.py:190} INFO - [2025-11-13T07:45:20.902+0000] {dag.py:3239} INFO - Sync 1 DAGs
[2025-11-13T07:45:20.976+0000] {processor.py:208} INFO - Processing /opt/airflow/dags/AMBER_Daily_Scraping.py took 0.173 seconds
[2025-11-13T07:45:51.283+0000] {processor.py:186} INFO - Started process (PID=61) to work on /opt/airflow/dags/AMBER_Daily_Scraping.py
[2025-11-13T07:45:51.285+0000] {processor.py:914} INFO - Processing file /opt/airflow/dags/AMBER_Daily_Scraping.py for tasks to queue
[2025-11-13T07:45:51.288+0000] {logging_mixin.py:190} INFO - [2025-11-13T07:45:51.288+0000] {dagbag.py:588} INFO - Filling up the DagBag from /opt/airflow/dags/AMBER_Daily_Scraping.py
[2025-11-13T07:45:51.337+0000] {processor.py:925} INFO - DAG(s) 'AMBER_Daily_Scraping' retrieved from /opt/airflow/dags/AMBER_Daily_Scraping.py
[2025-11-13T07:45:51.361+0000] {logging_mixin.py:190} INFO - [2025-11-13T07:45:51.361+0000] {dag.py:3239} INFO - Sync 1 DAGs
[2025-11-13T07:45:51.435+0000] {processor.py:208} INFO - Processing /opt/airflow/dags/AMBER_Daily_Scraping.py took 0.158 seconds
[2025-11-13T07:47:07.994+0000] {processor.py:186} INFO - Started process (PID=37) to work on /opt/airflow/dags/AMBER_Daily_Scraping.py
[2025-11-13T07:47:07.996+0000] {processor.py:914} INFO - Processing file /opt/airflow/dags/AMBER_Daily_Scraping.py for tasks to queue
[2025-11-13T07:47:08.001+0000] {logging_mixin.py:190} INFO - [2025-11-13T07:47:08.000+0000] {dagbag.py:588} INFO - Filling up the DagBag from /opt/airflow/dags/AMBER_Daily_Scraping.py
[2025-11-13T07:47:08.092+0000] {processor.py:925} INFO - DAG(s) 'AMBER_Daily_Scraping' retrieved from /opt/airflow/dags/AMBER_Daily_Scraping.py
[2025-11-13T07:47:08.155+0000] {logging_mixin.py:190} INFO - [2025-11-13T07:47:08.155+0000] {dag.py:3239} INFO - Sync 1 DAGs
[2025-11-13T07:47:08.255+0000] {processor.py:208} INFO - Processing /opt/airflow/dags/AMBER_Daily_Scraping.py took 0.271 seconds
[2025-11-13T07:47:39.348+0000] {processor.py:186} INFO - Started process (PID=38) to work on /opt/airflow/dags/AMBER_Daily_Scraping.py
[2025-11-13T07:47:39.351+0000] {processor.py:914} INFO - Processing file /opt/airflow/dags/AMBER_Daily_Scraping.py for tasks to queue
[2025-11-13T07:47:39.356+0000] {logging_mixin.py:190} INFO - [2025-11-13T07:47:39.356+0000] {dagbag.py:588} INFO - Filling up the DagBag from /opt/airflow/dags/AMBER_Daily_Scraping.py
[2025-11-13T07:47:39.419+0000] {processor.py:925} INFO - DAG(s) 'AMBER_Daily_Scraping' retrieved from /opt/airflow/dags/AMBER_Daily_Scraping.py
[2025-11-13T07:47:39.442+0000] {logging_mixin.py:190} INFO - [2025-11-13T07:47:39.442+0000] {dag.py:3239} INFO - Sync 1 DAGs
[2025-11-13T07:47:39.522+0000] {processor.py:208} INFO - Processing /opt/airflow/dags/AMBER_Daily_Scraping.py took 0.182 seconds
[2025-11-13T07:48:09.796+0000] {processor.py:186} INFO - Started process (PID=39) to work on /opt/airflow/dags/AMBER_Daily_Scraping.py
[2025-11-13T07:48:09.798+0000] {processor.py:914} INFO - Processing file /opt/airflow/dags/AMBER_Daily_Scraping.py for tasks to queue
[2025-11-13T07:48:09.802+0000] {logging_mixin.py:190} INFO - [2025-11-13T07:48:09.802+0000] {dagbag.py:588} INFO - Filling up the DagBag from /opt/airflow/dags/AMBER_Daily_Scraping.py
[2025-11-13T07:48:09.900+0000] {processor.py:925} INFO - DAG(s) 'AMBER_Daily_Scraping' retrieved from /opt/airflow/dags/AMBER_Daily_Scraping.py
[2025-11-13T07:48:09.931+0000] {logging_mixin.py:190} INFO - [2025-11-13T07:48:09.931+0000] {dag.py:3239} INFO - Sync 1 DAGs
[2025-11-13T07:48:10.009+0000] {processor.py:208} INFO - Processing /opt/airflow/dags/AMBER_Daily_Scraping.py took 0.219 seconds
[2025-11-13T07:48:40.229+0000] {processor.py:186} INFO - Started process (PID=40) to work on /opt/airflow/dags/AMBER_Daily_Scraping.py
[2025-11-13T07:48:40.232+0000] {processor.py:914} INFO - Processing file /opt/airflow/dags/AMBER_Daily_Scraping.py for tasks to queue
[2025-11-13T07:48:40.237+0000] {logging_mixin.py:190} INFO - [2025-11-13T07:48:40.237+0000] {dagbag.py:588} INFO - Filling up the DagBag from /opt/airflow/dags/AMBER_Daily_Scraping.py
[2025-11-13T07:48:40.316+0000] {processor.py:925} INFO - DAG(s) 'AMBER_Daily_Scraping' retrieved from /opt/airflow/dags/AMBER_Daily_Scraping.py
[2025-11-13T07:48:40.342+0000] {logging_mixin.py:190} INFO - [2025-11-13T07:48:40.341+0000] {dag.py:3239} INFO - Sync 1 DAGs
[2025-11-13T07:48:40.415+0000] {processor.py:208} INFO - Processing /opt/airflow/dags/AMBER_Daily_Scraping.py took 0.192 seconds
[2025-11-13T07:49:10.666+0000] {processor.py:186} INFO - Started process (PID=41) to work on /opt/airflow/dags/AMBER_Daily_Scraping.py
[2025-11-13T07:49:10.670+0000] {processor.py:914} INFO - Processing file /opt/airflow/dags/AMBER_Daily_Scraping.py for tasks to queue
[2025-11-13T07:49:10.674+0000] {logging_mixin.py:190} INFO - [2025-11-13T07:49:10.674+0000] {dagbag.py:588} INFO - Filling up the DagBag from /opt/airflow/dags/AMBER_Daily_Scraping.py
[2025-11-13T07:49:10.766+0000] {processor.py:925} INFO - DAG(s) 'AMBER_Daily_Scraping' retrieved from /opt/airflow/dags/AMBER_Daily_Scraping.py
[2025-11-13T07:49:10.790+0000] {logging_mixin.py:190} INFO - [2025-11-13T07:49:10.790+0000] {dag.py:3239} INFO - Sync 1 DAGs
[2025-11-13T07:49:10.903+0000] {processor.py:208} INFO - Processing /opt/airflow/dags/AMBER_Daily_Scraping.py took 0.246 seconds
[2025-11-13T07:49:41.200+0000] {processor.py:186} INFO - Started process (PID=42) to work on /opt/airflow/dags/AMBER_Daily_Scraping.py
[2025-11-13T07:49:41.202+0000] {processor.py:914} INFO - Processing file /opt/airflow/dags/AMBER_Daily_Scraping.py for tasks to queue
[2025-11-13T07:49:41.209+0000] {logging_mixin.py:190} INFO - [2025-11-13T07:49:41.209+0000] {dagbag.py:588} INFO - Filling up the DagBag from /opt/airflow/dags/AMBER_Daily_Scraping.py
[2025-11-13T07:49:41.287+0000] {processor.py:925} INFO - DAG(s) 'AMBER_Daily_Scraping' retrieved from /opt/airflow/dags/AMBER_Daily_Scraping.py
[2025-11-13T07:49:41.337+0000] {logging_mixin.py:190} INFO - [2025-11-13T07:49:41.337+0000] {dag.py:3239} INFO - Sync 1 DAGs
[2025-11-13T07:49:41.437+0000] {processor.py:208} INFO - Processing /opt/airflow/dags/AMBER_Daily_Scraping.py took 0.247 seconds
[2025-11-13T07:50:12.641+0000] {processor.py:186} INFO - Started process (PID=89) to work on /opt/airflow/dags/AMBER_Daily_Scraping.py
[2025-11-13T07:50:12.643+0000] {processor.py:914} INFO - Processing file /opt/airflow/dags/AMBER_Daily_Scraping.py for tasks to queue
[2025-11-13T07:50:12.647+0000] {logging_mixin.py:190} INFO - [2025-11-13T07:50:12.646+0000] {dagbag.py:588} INFO - Filling up the DagBag from /opt/airflow/dags/AMBER_Daily_Scraping.py
[2025-11-13T07:50:12.705+0000] {processor.py:925} INFO - DAG(s) 'AMBER_Daily_Scraping' retrieved from /opt/airflow/dags/AMBER_Daily_Scraping.py
[2025-11-13T07:50:12.735+0000] {logging_mixin.py:190} INFO - [2025-11-13T07:50:12.734+0000] {dag.py:3239} INFO - Sync 1 DAGs
[2025-11-13T07:50:12.800+0000] {processor.py:208} INFO - Processing /opt/airflow/dags/AMBER_Daily_Scraping.py took 0.166 seconds
[2025-11-13T07:50:43.114+0000] {processor.py:186} INFO - Started process (PID=90) to work on /opt/airflow/dags/AMBER_Daily_Scraping.py
[2025-11-13T07:50:43.116+0000] {processor.py:914} INFO - Processing file /opt/airflow/dags/AMBER_Daily_Scraping.py for tasks to queue
[2025-11-13T07:50:43.121+0000] {logging_mixin.py:190} INFO - [2025-11-13T07:50:43.120+0000] {dagbag.py:588} INFO - Filling up the DagBag from /opt/airflow/dags/AMBER_Daily_Scraping.py
[2025-11-13T07:50:43.194+0000] {processor.py:925} INFO - DAG(s) 'AMBER_Daily_Scraping' retrieved from /opt/airflow/dags/AMBER_Daily_Scraping.py
[2025-11-13T07:50:43.244+0000] {logging_mixin.py:190} INFO - [2025-11-13T07:50:43.243+0000] {dag.py:3239} INFO - Sync 1 DAGs
[2025-11-13T07:50:43.350+0000] {processor.py:208} INFO - Processing /opt/airflow/dags/AMBER_Daily_Scraping.py took 0.247 seconds
[2025-11-13T07:51:14.212+0000] {processor.py:186} INFO - Started process (PID=91) to work on /opt/airflow/dags/AMBER_Daily_Scraping.py
[2025-11-13T07:51:14.215+0000] {processor.py:914} INFO - Processing file /opt/airflow/dags/AMBER_Daily_Scraping.py for tasks to queue
[2025-11-13T07:51:14.220+0000] {logging_mixin.py:190} INFO - [2025-11-13T07:51:14.219+0000] {dagbag.py:588} INFO - Filling up the DagBag from /opt/airflow/dags/AMBER_Daily_Scraping.py
[2025-11-13T07:51:14.286+0000] {processor.py:925} INFO - DAG(s) 'AMBER_Daily_Scraping' retrieved from /opt/airflow/dags/AMBER_Daily_Scraping.py
[2025-11-13T07:51:14.327+0000] {logging_mixin.py:190} INFO - [2025-11-13T07:51:14.326+0000] {dag.py:3239} INFO - Sync 1 DAGs
[2025-11-13T07:51:14.415+0000] {processor.py:208} INFO - Processing /opt/airflow/dags/AMBER_Daily_Scraping.py took 0.213 seconds
[2025-11-13T07:51:45.291+0000] {processor.py:186} INFO - Started process (PID=92) to work on /opt/airflow/dags/AMBER_Daily_Scraping.py
[2025-11-13T07:51:45.293+0000] {processor.py:914} INFO - Processing file /opt/airflow/dags/AMBER_Daily_Scraping.py for tasks to queue
[2025-11-13T07:51:45.299+0000] {logging_mixin.py:190} INFO - [2025-11-13T07:51:45.298+0000] {dagbag.py:588} INFO - Filling up the DagBag from /opt/airflow/dags/AMBER_Daily_Scraping.py
[2025-11-13T07:51:45.371+0000] {processor.py:925} INFO - DAG(s) 'AMBER_Daily_Scraping' retrieved from /opt/airflow/dags/AMBER_Daily_Scraping.py
[2025-11-13T07:51:45.412+0000] {logging_mixin.py:190} INFO - [2025-11-13T07:51:45.412+0000] {dag.py:3239} INFO - Sync 1 DAGs
[2025-11-13T07:51:45.512+0000] {processor.py:208} INFO - Processing /opt/airflow/dags/AMBER_Daily_Scraping.py took 0.231 seconds
[2025-11-13T07:52:15.810+0000] {processor.py:186} INFO - Started process (PID=93) to work on /opt/airflow/dags/AMBER_Daily_Scraping.py
[2025-11-13T07:52:15.812+0000] {processor.py:914} INFO - Processing file /opt/airflow/dags/AMBER_Daily_Scraping.py for tasks to queue
[2025-11-13T07:52:15.818+0000] {logging_mixin.py:190} INFO - [2025-11-13T07:52:15.817+0000] {dagbag.py:588} INFO - Filling up the DagBag from /opt/airflow/dags/AMBER_Daily_Scraping.py
[2025-11-13T07:52:15.891+0000] {processor.py:925} INFO - DAG(s) 'AMBER_Daily_Scraping' retrieved from /opt/airflow/dags/AMBER_Daily_Scraping.py
[2025-11-13T07:52:15.940+0000] {logging_mixin.py:190} INFO - [2025-11-13T07:52:15.940+0000] {dag.py:3239} INFO - Sync 1 DAGs
[2025-11-13T07:52:16.046+0000] {processor.py:208} INFO - Processing /opt/airflow/dags/AMBER_Daily_Scraping.py took 0.247 seconds
[2025-11-13T07:52:47.174+0000] {processor.py:186} INFO - Started process (PID=94) to work on /opt/airflow/dags/AMBER_Daily_Scraping.py
[2025-11-13T07:52:47.178+0000] {processor.py:914} INFO - Processing file /opt/airflow/dags/AMBER_Daily_Scraping.py for tasks to queue
[2025-11-13T07:52:47.184+0000] {logging_mixin.py:190} INFO - [2025-11-13T07:52:47.183+0000] {dagbag.py:588} INFO - Filling up the DagBag from /opt/airflow/dags/AMBER_Daily_Scraping.py
[2025-11-13T07:52:47.260+0000] {processor.py:925} INFO - DAG(s) 'AMBER_Daily_Scraping' retrieved from /opt/airflow/dags/AMBER_Daily_Scraping.py
[2025-11-13T07:52:47.293+0000] {logging_mixin.py:190} INFO - [2025-11-13T07:52:47.292+0000] {dag.py:3239} INFO - Sync 1 DAGs
[2025-11-13T07:52:47.375+0000] {processor.py:208} INFO - Processing /opt/airflow/dags/AMBER_Daily_Scraping.py took 0.209 seconds
[2025-11-13T07:53:17.814+0000] {processor.py:186} INFO - Started process (PID=95) to work on /opt/airflow/dags/AMBER_Daily_Scraping.py
[2025-11-13T07:53:17.817+0000] {processor.py:914} INFO - Processing file /opt/airflow/dags/AMBER_Daily_Scraping.py for tasks to queue
[2025-11-13T07:53:17.822+0000] {logging_mixin.py:190} INFO - [2025-11-13T07:53:17.821+0000] {dagbag.py:588} INFO - Filling up the DagBag from /opt/airflow/dags/AMBER_Daily_Scraping.py
[2025-11-13T07:53:17.903+0000] {processor.py:925} INFO - DAG(s) 'AMBER_Daily_Scraping' retrieved from /opt/airflow/dags/AMBER_Daily_Scraping.py
[2025-11-13T07:53:17.962+0000] {logging_mixin.py:190} INFO - [2025-11-13T07:53:17.962+0000] {dag.py:3239} INFO - Sync 1 DAGs
[2025-11-13T07:53:18.068+0000] {processor.py:208} INFO - Processing /opt/airflow/dags/AMBER_Daily_Scraping.py took 0.262 seconds
[2025-11-13T07:53:48.557+0000] {processor.py:186} INFO - Started process (PID=96) to work on /opt/airflow/dags/AMBER_Daily_Scraping.py
[2025-11-13T07:53:48.560+0000] {processor.py:914} INFO - Processing file /opt/airflow/dags/AMBER_Daily_Scraping.py for tasks to queue
[2025-11-13T07:53:48.564+0000] {logging_mixin.py:190} INFO - [2025-11-13T07:53:48.563+0000] {dagbag.py:588} INFO - Filling up the DagBag from /opt/airflow/dags/AMBER_Daily_Scraping.py
[2025-11-13T07:53:48.623+0000] {processor.py:925} INFO - DAG(s) 'AMBER_Daily_Scraping' retrieved from /opt/airflow/dags/AMBER_Daily_Scraping.py
[2025-11-13T07:53:48.667+0000] {logging_mixin.py:190} INFO - [2025-11-13T07:53:48.666+0000] {dag.py:3239} INFO - Sync 1 DAGs
[2025-11-13T07:53:48.762+0000] {processor.py:208} INFO - Processing /opt/airflow/dags/AMBER_Daily_Scraping.py took 0.213 seconds
[2025-11-13T07:54:19.149+0000] {processor.py:186} INFO - Started process (PID=97) to work on /opt/airflow/dags/AMBER_Daily_Scraping.py
[2025-11-13T07:54:19.151+0000] {processor.py:914} INFO - Processing file /opt/airflow/dags/AMBER_Daily_Scraping.py for tasks to queue
[2025-11-13T07:54:19.155+0000] {logging_mixin.py:190} INFO - [2025-11-13T07:54:19.155+0000] {dagbag.py:588} INFO - Filling up the DagBag from /opt/airflow/dags/AMBER_Daily_Scraping.py
[2025-11-13T07:54:19.212+0000] {processor.py:925} INFO - DAG(s) 'AMBER_Daily_Scraping' retrieved from /opt/airflow/dags/AMBER_Daily_Scraping.py
[2025-11-13T07:54:19.246+0000] {logging_mixin.py:190} INFO - [2025-11-13T07:54:19.246+0000] {dag.py:3239} INFO - Sync 1 DAGs
[2025-11-13T07:54:19.308+0000] {processor.py:208} INFO - Processing /opt/airflow/dags/AMBER_Daily_Scraping.py took 0.167 seconds
[2025-11-13T07:54:49.737+0000] {processor.py:186} INFO - Started process (PID=98) to work on /opt/airflow/dags/AMBER_Daily_Scraping.py
[2025-11-13T07:54:49.739+0000] {processor.py:914} INFO - Processing file /opt/airflow/dags/AMBER_Daily_Scraping.py for tasks to queue
[2025-11-13T07:54:49.743+0000] {logging_mixin.py:190} INFO - [2025-11-13T07:54:49.742+0000] {dagbag.py:588} INFO - Filling up the DagBag from /opt/airflow/dags/AMBER_Daily_Scraping.py
[2025-11-13T07:54:49.820+0000] {processor.py:925} INFO - DAG(s) 'AMBER_Daily_Scraping' retrieved from /opt/airflow/dags/AMBER_Daily_Scraping.py
[2025-11-13T07:54:49.851+0000] {logging_mixin.py:190} INFO - [2025-11-13T07:54:49.850+0000] {dag.py:3239} INFO - Sync 1 DAGs
[2025-11-13T07:54:49.945+0000] {processor.py:208} INFO - Processing /opt/airflow/dags/AMBER_Daily_Scraping.py took 0.215 seconds
[2025-11-13T07:55:20.406+0000] {processor.py:186} INFO - Started process (PID=99) to work on /opt/airflow/dags/AMBER_Daily_Scraping.py
[2025-11-13T07:55:20.409+0000] {processor.py:914} INFO - Processing file /opt/airflow/dags/AMBER_Daily_Scraping.py for tasks to queue
[2025-11-13T07:55:20.413+0000] {logging_mixin.py:190} INFO - [2025-11-13T07:55:20.413+0000] {dagbag.py:588} INFO - Filling up the DagBag from /opt/airflow/dags/AMBER_Daily_Scraping.py
[2025-11-13T07:55:20.472+0000] {processor.py:925} INFO - DAG(s) 'AMBER_Daily_Scraping' retrieved from /opt/airflow/dags/AMBER_Daily_Scraping.py
[2025-11-13T07:55:20.500+0000] {logging_mixin.py:190} INFO - [2025-11-13T07:55:20.500+0000] {dag.py:3239} INFO - Sync 1 DAGs
[2025-11-13T07:55:20.587+0000] {processor.py:208} INFO - Processing /opt/airflow/dags/AMBER_Daily_Scraping.py took 0.190 seconds
[2025-11-13T07:55:50.970+0000] {processor.py:186} INFO - Started process (PID=100) to work on /opt/airflow/dags/AMBER_Daily_Scraping.py
[2025-11-13T07:55:50.973+0000] {processor.py:914} INFO - Processing file /opt/airflow/dags/AMBER_Daily_Scraping.py for tasks to queue
[2025-11-13T07:55:50.977+0000] {logging_mixin.py:190} INFO - [2025-11-13T07:55:50.976+0000] {dagbag.py:588} INFO - Filling up the DagBag from /opt/airflow/dags/AMBER_Daily_Scraping.py
[2025-11-13T07:55:51.035+0000] {processor.py:925} INFO - DAG(s) 'AMBER_Daily_Scraping' retrieved from /opt/airflow/dags/AMBER_Daily_Scraping.py
[2025-11-13T07:55:51.074+0000] {logging_mixin.py:190} INFO - [2025-11-13T07:55:51.074+0000] {dag.py:3239} INFO - Sync 1 DAGs
[2025-11-13T07:55:51.169+0000] {processor.py:208} INFO - Processing /opt/airflow/dags/AMBER_Daily_Scraping.py took 0.207 seconds
[2025-11-13T07:56:21.538+0000] {processor.py:186} INFO - Started process (PID=101) to work on /opt/airflow/dags/AMBER_Daily_Scraping.py
[2025-11-13T07:56:21.540+0000] {processor.py:914} INFO - Processing file /opt/airflow/dags/AMBER_Daily_Scraping.py for tasks to queue
[2025-11-13T07:56:21.544+0000] {logging_mixin.py:190} INFO - [2025-11-13T07:56:21.543+0000] {dagbag.py:588} INFO - Filling up the DagBag from /opt/airflow/dags/AMBER_Daily_Scraping.py
[2025-11-13T07:56:21.604+0000] {processor.py:925} INFO - DAG(s) 'AMBER_Daily_Scraping' retrieved from /opt/airflow/dags/AMBER_Daily_Scraping.py
[2025-11-13T07:56:21.626+0000] {logging_mixin.py:190} INFO - [2025-11-13T07:56:21.626+0000] {dag.py:3239} INFO - Sync 1 DAGs
[2025-11-13T07:56:21.691+0000] {processor.py:208} INFO - Processing /opt/airflow/dags/AMBER_Daily_Scraping.py took 0.159 seconds
[2025-11-13T07:56:31.795+0000] {processor.py:186} INFO - Started process (PID=102) to work on /opt/airflow/dags/AMBER_Daily_Scraping.py
[2025-11-13T07:56:31.797+0000] {processor.py:914} INFO - Processing file /opt/airflow/dags/AMBER_Daily_Scraping.py for tasks to queue
[2025-11-13T07:56:31.801+0000] {logging_mixin.py:190} INFO - [2025-11-13T07:56:31.801+0000] {dagbag.py:588} INFO - Filling up the DagBag from /opt/airflow/dags/AMBER_Daily_Scraping.py
[2025-11-13T07:56:31.881+0000] {processor.py:925} INFO - DAG(s) 'AMBER_Daily_Scraping' retrieved from /opt/airflow/dags/AMBER_Daily_Scraping.py
[2025-11-13T07:56:32.200+0000] {logging_mixin.py:190} INFO - [2025-11-13T07:56:32.200+0000] {dag.py:3239} INFO - Sync 1 DAGs
[2025-11-13T07:56:32.219+0000] {logging_mixin.py:190} INFO - [2025-11-13T07:56:32.219+0000] {dag.py:4180} INFO - Setting next_dagrun for AMBER_Daily_Scraping to None, run_after=None
[2025-11-13T07:56:32.328+0000] {processor.py:208} INFO - Processing /opt/airflow/dags/AMBER_Daily_Scraping.py took 0.541 seconds
[2025-11-13T07:56:54.901+0000] {processor.py:186} INFO - Started process (PID=103) to work on /opt/airflow/dags/AMBER_Daily_Scraping.py
[2025-11-13T07:56:54.904+0000] {processor.py:914} INFO - Processing file /opt/airflow/dags/AMBER_Daily_Scraping.py for tasks to queue
[2025-11-13T07:56:54.907+0000] {logging_mixin.py:190} INFO - [2025-11-13T07:56:54.907+0000] {dagbag.py:588} INFO - Filling up the DagBag from /opt/airflow/dags/AMBER_Daily_Scraping.py
[2025-11-13T07:56:55.020+0000] {processor.py:925} INFO - DAG(s) 'AMBER_Daily_Scraping' retrieved from /opt/airflow/dags/AMBER_Daily_Scraping.py
[2025-11-13T07:56:55.037+0000] {logging_mixin.py:190} INFO - [2025-11-13T07:56:55.037+0000] {dag.py:3239} INFO - Sync 1 DAGs
[2025-11-13T07:56:55.064+0000] {logging_mixin.py:190} INFO - [2025-11-13T07:56:55.063+0000] {dag.py:4180} INFO - Setting next_dagrun for AMBER_Daily_Scraping to None, run_after=None
[2025-11-13T07:56:55.128+0000] {processor.py:208} INFO - Processing /opt/airflow/dags/AMBER_Daily_Scraping.py took 0.232 seconds
[2025-11-13T07:57:25.425+0000] {processor.py:186} INFO - Started process (PID=104) to work on /opt/airflow/dags/AMBER_Daily_Scraping.py
[2025-11-13T07:57:25.427+0000] {processor.py:914} INFO - Processing file /opt/airflow/dags/AMBER_Daily_Scraping.py for tasks to queue
[2025-11-13T07:57:25.431+0000] {logging_mixin.py:190} INFO - [2025-11-13T07:57:25.430+0000] {dagbag.py:588} INFO - Filling up the DagBag from /opt/airflow/dags/AMBER_Daily_Scraping.py
[2025-11-13T07:57:25.492+0000] {processor.py:925} INFO - DAG(s) 'AMBER_Daily_Scraping' retrieved from /opt/airflow/dags/AMBER_Daily_Scraping.py
[2025-11-13T07:57:25.530+0000] {logging_mixin.py:190} INFO - [2025-11-13T07:57:25.529+0000] {dag.py:3239} INFO - Sync 1 DAGs
[2025-11-13T07:57:25.553+0000] {logging_mixin.py:190} INFO - [2025-11-13T07:57:25.553+0000] {dag.py:4180} INFO - Setting next_dagrun for AMBER_Daily_Scraping to None, run_after=None
[2025-11-13T07:57:25.624+0000] {processor.py:208} INFO - Processing /opt/airflow/dags/AMBER_Daily_Scraping.py took 0.209 seconds
[2025-11-13T07:57:55.912+0000] {processor.py:186} INFO - Started process (PID=105) to work on /opt/airflow/dags/AMBER_Daily_Scraping.py
[2025-11-13T07:57:55.915+0000] {processor.py:914} INFO - Processing file /opt/airflow/dags/AMBER_Daily_Scraping.py for tasks to queue
[2025-11-13T07:57:55.921+0000] {logging_mixin.py:190} INFO - [2025-11-13T07:57:55.920+0000] {dagbag.py:588} INFO - Filling up the DagBag from /opt/airflow/dags/AMBER_Daily_Scraping.py
[2025-11-13T07:57:55.977+0000] {processor.py:925} INFO - DAG(s) 'AMBER_Daily_Scraping' retrieved from /opt/airflow/dags/AMBER_Daily_Scraping.py
[2025-11-13T07:57:56.019+0000] {logging_mixin.py:190} INFO - [2025-11-13T07:57:56.019+0000] {dag.py:3239} INFO - Sync 1 DAGs
[2025-11-13T07:57:56.045+0000] {logging_mixin.py:190} INFO - [2025-11-13T07:57:56.045+0000] {dag.py:4180} INFO - Setting next_dagrun for AMBER_Daily_Scraping to None, run_after=None
[2025-11-13T07:57:56.116+0000] {processor.py:208} INFO - Processing /opt/airflow/dags/AMBER_Daily_Scraping.py took 0.215 seconds
[2025-11-13T07:58:26.377+0000] {processor.py:186} INFO - Started process (PID=106) to work on /opt/airflow/dags/AMBER_Daily_Scraping.py
[2025-11-13T07:58:26.380+0000] {processor.py:914} INFO - Processing file /opt/airflow/dags/AMBER_Daily_Scraping.py for tasks to queue
[2025-11-13T07:58:26.386+0000] {logging_mixin.py:190} INFO - [2025-11-13T07:58:26.384+0000] {dagbag.py:588} INFO - Filling up the DagBag from /opt/airflow/dags/AMBER_Daily_Scraping.py
[2025-11-13T07:58:26.453+0000] {processor.py:925} INFO - DAG(s) 'AMBER_Daily_Scraping' retrieved from /opt/airflow/dags/AMBER_Daily_Scraping.py
[2025-11-13T07:58:26.482+0000] {logging_mixin.py:190} INFO - [2025-11-13T07:58:26.481+0000] {dag.py:3239} INFO - Sync 1 DAGs
[2025-11-13T07:58:26.497+0000] {logging_mixin.py:190} INFO - [2025-11-13T07:58:26.496+0000] {dag.py:4180} INFO - Setting next_dagrun for AMBER_Daily_Scraping to None, run_after=None
[2025-11-13T07:58:26.543+0000] {processor.py:208} INFO - Processing /opt/airflow/dags/AMBER_Daily_Scraping.py took 0.174 seconds
[2025-11-13T07:58:56.878+0000] {processor.py:186} INFO - Started process (PID=107) to work on /opt/airflow/dags/AMBER_Daily_Scraping.py
[2025-11-13T07:58:56.880+0000] {processor.py:914} INFO - Processing file /opt/airflow/dags/AMBER_Daily_Scraping.py for tasks to queue
[2025-11-13T07:58:56.885+0000] {logging_mixin.py:190} INFO - [2025-11-13T07:58:56.884+0000] {dagbag.py:588} INFO - Filling up the DagBag from /opt/airflow/dags/AMBER_Daily_Scraping.py
[2025-11-13T07:58:56.945+0000] {processor.py:925} INFO - DAG(s) 'AMBER_Daily_Scraping' retrieved from /opt/airflow/dags/AMBER_Daily_Scraping.py
[2025-11-13T07:58:56.978+0000] {logging_mixin.py:190} INFO - [2025-11-13T07:58:56.978+0000] {dag.py:3239} INFO - Sync 1 DAGs
[2025-11-13T07:58:56.998+0000] {logging_mixin.py:190} INFO - [2025-11-13T07:58:56.998+0000] {dag.py:4180} INFO - Setting next_dagrun for AMBER_Daily_Scraping to None, run_after=None
[2025-11-13T07:58:57.052+0000] {processor.py:208} INFO - Processing /opt/airflow/dags/AMBER_Daily_Scraping.py took 0.181 seconds
[2025-11-13T07:59:27.322+0000] {processor.py:186} INFO - Started process (PID=108) to work on /opt/airflow/dags/AMBER_Daily_Scraping.py
[2025-11-13T07:59:27.324+0000] {processor.py:914} INFO - Processing file /opt/airflow/dags/AMBER_Daily_Scraping.py for tasks to queue
[2025-11-13T07:59:27.329+0000] {logging_mixin.py:190} INFO - [2025-11-13T07:59:27.329+0000] {dagbag.py:588} INFO - Filling up the DagBag from /opt/airflow/dags/AMBER_Daily_Scraping.py
[2025-11-13T07:59:27.383+0000] {processor.py:925} INFO - DAG(s) 'AMBER_Daily_Scraping' retrieved from /opt/airflow/dags/AMBER_Daily_Scraping.py
[2025-11-13T07:59:27.421+0000] {logging_mixin.py:190} INFO - [2025-11-13T07:59:27.420+0000] {dag.py:3239} INFO - Sync 1 DAGs
[2025-11-13T07:59:27.442+0000] {logging_mixin.py:190} INFO - [2025-11-13T07:59:27.442+0000] {dag.py:4180} INFO - Setting next_dagrun for AMBER_Daily_Scraping to None, run_after=None
[2025-11-13T07:59:27.493+0000] {processor.py:208} INFO - Processing /opt/airflow/dags/AMBER_Daily_Scraping.py took 0.180 seconds
[2025-11-13T07:59:57.844+0000] {processor.py:186} INFO - Started process (PID=109) to work on /opt/airflow/dags/AMBER_Daily_Scraping.py
[2025-11-13T07:59:57.847+0000] {processor.py:914} INFO - Processing file /opt/airflow/dags/AMBER_Daily_Scraping.py for tasks to queue
[2025-11-13T07:59:57.851+0000] {logging_mixin.py:190} INFO - [2025-11-13T07:59:57.851+0000] {dagbag.py:588} INFO - Filling up the DagBag from /opt/airflow/dags/AMBER_Daily_Scraping.py
[2025-11-13T07:59:57.910+0000] {processor.py:925} INFO - DAG(s) 'AMBER_Daily_Scraping' retrieved from /opt/airflow/dags/AMBER_Daily_Scraping.py
[2025-11-13T07:59:57.938+0000] {logging_mixin.py:190} INFO - [2025-11-13T07:59:57.938+0000] {dag.py:3239} INFO - Sync 1 DAGs
[2025-11-13T07:59:57.955+0000] {logging_mixin.py:190} INFO - [2025-11-13T07:59:57.955+0000] {dag.py:4180} INFO - Setting next_dagrun for AMBER_Daily_Scraping to None, run_after=None
[2025-11-13T07:59:58.006+0000] {processor.py:208} INFO - Processing /opt/airflow/dags/AMBER_Daily_Scraping.py took 0.170 seconds
[2025-11-13T08:00:28.367+0000] {processor.py:186} INFO - Started process (PID=110) to work on /opt/airflow/dags/AMBER_Daily_Scraping.py
[2025-11-13T08:00:28.370+0000] {processor.py:914} INFO - Processing file /opt/airflow/dags/AMBER_Daily_Scraping.py for tasks to queue
[2025-11-13T08:00:28.374+0000] {logging_mixin.py:190} INFO - [2025-11-13T08:00:28.374+0000] {dagbag.py:588} INFO - Filling up the DagBag from /opt/airflow/dags/AMBER_Daily_Scraping.py
[2025-11-13T08:00:28.429+0000] {processor.py:925} INFO - DAG(s) 'AMBER_Daily_Scraping' retrieved from /opt/airflow/dags/AMBER_Daily_Scraping.py
[2025-11-13T08:00:28.461+0000] {logging_mixin.py:190} INFO - [2025-11-13T08:00:28.461+0000] {dag.py:3239} INFO - Sync 1 DAGs
[2025-11-13T08:00:28.486+0000] {logging_mixin.py:190} INFO - [2025-11-13T08:00:28.485+0000] {dag.py:4180} INFO - Setting next_dagrun for AMBER_Daily_Scraping to None, run_after=None
[2025-11-13T08:00:28.586+0000] {processor.py:208} INFO - Processing /opt/airflow/dags/AMBER_Daily_Scraping.py took 0.226 seconds
[2025-11-13T08:00:58.864+0000] {processor.py:186} INFO - Started process (PID=111) to work on /opt/airflow/dags/AMBER_Daily_Scraping.py
[2025-11-13T08:00:58.868+0000] {processor.py:914} INFO - Processing file /opt/airflow/dags/AMBER_Daily_Scraping.py for tasks to queue
[2025-11-13T08:00:58.873+0000] {logging_mixin.py:190} INFO - [2025-11-13T08:00:58.872+0000] {dagbag.py:588} INFO - Filling up the DagBag from /opt/airflow/dags/AMBER_Daily_Scraping.py
[2025-11-13T08:00:58.945+0000] {processor.py:925} INFO - DAG(s) 'AMBER_Daily_Scraping' retrieved from /opt/airflow/dags/AMBER_Daily_Scraping.py
[2025-11-13T08:00:58.979+0000] {logging_mixin.py:190} INFO - [2025-11-13T08:00:58.979+0000] {dag.py:3239} INFO - Sync 1 DAGs
[2025-11-13T08:00:59.001+0000] {logging_mixin.py:190} INFO - [2025-11-13T08:00:59.000+0000] {dag.py:4180} INFO - Setting next_dagrun for AMBER_Daily_Scraping to None, run_after=None
[2025-11-13T08:00:59.053+0000] {processor.py:208} INFO - Processing /opt/airflow/dags/AMBER_Daily_Scraping.py took 0.198 seconds
[2025-11-13T08:01:29.289+0000] {processor.py:186} INFO - Started process (PID=112) to work on /opt/airflow/dags/AMBER_Daily_Scraping.py
[2025-11-13T08:01:29.292+0000] {processor.py:914} INFO - Processing file /opt/airflow/dags/AMBER_Daily_Scraping.py for tasks to queue
[2025-11-13T08:01:29.297+0000] {logging_mixin.py:190} INFO - [2025-11-13T08:01:29.296+0000] {dagbag.py:588} INFO - Filling up the DagBag from /opt/airflow/dags/AMBER_Daily_Scraping.py
[2025-11-13T08:01:29.347+0000] {processor.py:925} INFO - DAG(s) 'AMBER_Daily_Scraping' retrieved from /opt/airflow/dags/AMBER_Daily_Scraping.py
[2025-11-13T08:01:29.377+0000] {logging_mixin.py:190} INFO - [2025-11-13T08:01:29.376+0000] {dag.py:3239} INFO - Sync 1 DAGs
[2025-11-13T08:01:29.397+0000] {logging_mixin.py:190} INFO - [2025-11-13T08:01:29.396+0000] {dag.py:4180} INFO - Setting next_dagrun for AMBER_Daily_Scraping to None, run_after=None
[2025-11-13T08:01:29.440+0000] {processor.py:208} INFO - Processing /opt/airflow/dags/AMBER_Daily_Scraping.py took 0.160 seconds
[2025-11-13T08:01:59.771+0000] {processor.py:186} INFO - Started process (PID=113) to work on /opt/airflow/dags/AMBER_Daily_Scraping.py
[2025-11-13T08:01:59.776+0000] {processor.py:914} INFO - Processing file /opt/airflow/dags/AMBER_Daily_Scraping.py for tasks to queue
[2025-11-13T08:01:59.782+0000] {logging_mixin.py:190} INFO - [2025-11-13T08:01:59.781+0000] {dagbag.py:588} INFO - Filling up the DagBag from /opt/airflow/dags/AMBER_Daily_Scraping.py
[2025-11-13T08:01:59.840+0000] {processor.py:925} INFO - DAG(s) 'AMBER_Daily_Scraping' retrieved from /opt/airflow/dags/AMBER_Daily_Scraping.py
[2025-11-13T08:01:59.871+0000] {logging_mixin.py:190} INFO - [2025-11-13T08:01:59.871+0000] {dag.py:3239} INFO - Sync 1 DAGs
[2025-11-13T08:01:59.890+0000] {logging_mixin.py:190} INFO - [2025-11-13T08:01:59.890+0000] {dag.py:4180} INFO - Setting next_dagrun for AMBER_Daily_Scraping to None, run_after=None
[2025-11-13T08:01:59.949+0000] {processor.py:208} INFO - Processing /opt/airflow/dags/AMBER_Daily_Scraping.py took 0.186 seconds
[2025-11-13T08:02:30.225+0000] {processor.py:186} INFO - Started process (PID=114) to work on /opt/airflow/dags/AMBER_Daily_Scraping.py
[2025-11-13T08:02:30.227+0000] {processor.py:914} INFO - Processing file /opt/airflow/dags/AMBER_Daily_Scraping.py for tasks to queue
[2025-11-13T08:02:30.230+0000] {logging_mixin.py:190} INFO - [2025-11-13T08:02:30.229+0000] {dagbag.py:588} INFO - Filling up the DagBag from /opt/airflow/dags/AMBER_Daily_Scraping.py
[2025-11-13T08:02:30.271+0000] {processor.py:925} INFO - DAG(s) 'AMBER_Daily_Scraping' retrieved from /opt/airflow/dags/AMBER_Daily_Scraping.py
[2025-11-13T08:02:30.295+0000] {logging_mixin.py:190} INFO - [2025-11-13T08:02:30.295+0000] {dag.py:3239} INFO - Sync 1 DAGs
[2025-11-13T08:02:30.308+0000] {logging_mixin.py:190} INFO - [2025-11-13T08:02:30.308+0000] {dag.py:4180} INFO - Setting next_dagrun for AMBER_Daily_Scraping to None, run_after=None
[2025-11-13T08:02:30.354+0000] {processor.py:208} INFO - Processing /opt/airflow/dags/AMBER_Daily_Scraping.py took 0.137 seconds
[2025-11-13T08:03:00.635+0000] {processor.py:186} INFO - Started process (PID=115) to work on /opt/airflow/dags/AMBER_Daily_Scraping.py
[2025-11-13T08:03:00.637+0000] {processor.py:914} INFO - Processing file /opt/airflow/dags/AMBER_Daily_Scraping.py for tasks to queue
[2025-11-13T08:03:00.641+0000] {logging_mixin.py:190} INFO - [2025-11-13T08:03:00.640+0000] {dagbag.py:588} INFO - Filling up the DagBag from /opt/airflow/dags/AMBER_Daily_Scraping.py
[2025-11-13T08:03:00.713+0000] {processor.py:925} INFO - DAG(s) 'AMBER_Daily_Scraping' retrieved from /opt/airflow/dags/AMBER_Daily_Scraping.py
[2025-11-13T08:03:00.742+0000] {logging_mixin.py:190} INFO - [2025-11-13T08:03:00.741+0000] {dag.py:3239} INFO - Sync 1 DAGs
[2025-11-13T08:03:00.757+0000] {logging_mixin.py:190} INFO - [2025-11-13T08:03:00.757+0000] {dag.py:4180} INFO - Setting next_dagrun for AMBER_Daily_Scraping to None, run_after=None
[2025-11-13T08:03:00.810+0000] {processor.py:208} INFO - Processing /opt/airflow/dags/AMBER_Daily_Scraping.py took 0.184 seconds
[2025-11-13T08:03:31.134+0000] {processor.py:186} INFO - Started process (PID=116) to work on /opt/airflow/dags/AMBER_Daily_Scraping.py
[2025-11-13T08:03:31.136+0000] {processor.py:914} INFO - Processing file /opt/airflow/dags/AMBER_Daily_Scraping.py for tasks to queue
[2025-11-13T08:03:31.141+0000] {logging_mixin.py:190} INFO - [2025-11-13T08:03:31.140+0000] {dagbag.py:588} INFO - Filling up the DagBag from /opt/airflow/dags/AMBER_Daily_Scraping.py
[2025-11-13T08:03:31.198+0000] {processor.py:925} INFO - DAG(s) 'AMBER_Daily_Scraping' retrieved from /opt/airflow/dags/AMBER_Daily_Scraping.py
[2025-11-13T08:03:31.226+0000] {logging_mixin.py:190} INFO - [2025-11-13T08:03:31.225+0000] {dag.py:3239} INFO - Sync 1 DAGs
[2025-11-13T08:03:31.237+0000] {logging_mixin.py:190} INFO - [2025-11-13T08:03:31.236+0000] {dag.py:4180} INFO - Setting next_dagrun for AMBER_Daily_Scraping to None, run_after=None
[2025-11-13T08:03:31.281+0000] {processor.py:208} INFO - Processing /opt/airflow/dags/AMBER_Daily_Scraping.py took 0.160 seconds
[2025-11-13T08:04:01.664+0000] {processor.py:186} INFO - Started process (PID=117) to work on /opt/airflow/dags/AMBER_Daily_Scraping.py
[2025-11-13T08:04:01.666+0000] {processor.py:914} INFO - Processing file /opt/airflow/dags/AMBER_Daily_Scraping.py for tasks to queue
[2025-11-13T08:04:01.673+0000] {logging_mixin.py:190} INFO - [2025-11-13T08:04:01.672+0000] {dagbag.py:588} INFO - Filling up the DagBag from /opt/airflow/dags/AMBER_Daily_Scraping.py
[2025-11-13T08:04:01.742+0000] {processor.py:925} INFO - DAG(s) 'AMBER_Daily_Scraping' retrieved from /opt/airflow/dags/AMBER_Daily_Scraping.py
[2025-11-13T08:04:01.784+0000] {logging_mixin.py:190} INFO - [2025-11-13T08:04:01.783+0000] {dag.py:3239} INFO - Sync 1 DAGs
[2025-11-13T08:04:01.810+0000] {logging_mixin.py:190} INFO - [2025-11-13T08:04:01.809+0000] {dag.py:4180} INFO - Setting next_dagrun for AMBER_Daily_Scraping to None, run_after=None
[2025-11-13T08:04:01.871+0000] {processor.py:208} INFO - Processing /opt/airflow/dags/AMBER_Daily_Scraping.py took 0.220 seconds
[2025-11-13T08:04:32.151+0000] {processor.py:186} INFO - Started process (PID=118) to work on /opt/airflow/dags/AMBER_Daily_Scraping.py
[2025-11-13T08:04:32.155+0000] {processor.py:914} INFO - Processing file /opt/airflow/dags/AMBER_Daily_Scraping.py for tasks to queue
[2025-11-13T08:04:32.159+0000] {logging_mixin.py:190} INFO - [2025-11-13T08:04:32.159+0000] {dagbag.py:588} INFO - Filling up the DagBag from /opt/airflow/dags/AMBER_Daily_Scraping.py
[2025-11-13T08:04:32.205+0000] {processor.py:925} INFO - DAG(s) 'AMBER_Daily_Scraping' retrieved from /opt/airflow/dags/AMBER_Daily_Scraping.py
[2025-11-13T08:04:32.228+0000] {logging_mixin.py:190} INFO - [2025-11-13T08:04:32.228+0000] {dag.py:3239} INFO - Sync 1 DAGs
[2025-11-13T08:04:32.246+0000] {logging_mixin.py:190} INFO - [2025-11-13T08:04:32.246+0000] {dag.py:4180} INFO - Setting next_dagrun for AMBER_Daily_Scraping to None, run_after=None
[2025-11-13T08:04:32.297+0000] {processor.py:208} INFO - Processing /opt/airflow/dags/AMBER_Daily_Scraping.py took 0.155 seconds
[2025-11-13T08:05:02.542+0000] {processor.py:186} INFO - Started process (PID=119) to work on /opt/airflow/dags/AMBER_Daily_Scraping.py
[2025-11-13T08:05:02.544+0000] {processor.py:914} INFO - Processing file /opt/airflow/dags/AMBER_Daily_Scraping.py for tasks to queue
[2025-11-13T08:05:02.549+0000] {logging_mixin.py:190} INFO - [2025-11-13T08:05:02.548+0000] {dagbag.py:588} INFO - Filling up the DagBag from /opt/airflow/dags/AMBER_Daily_Scraping.py
[2025-11-13T08:05:02.597+0000] {processor.py:925} INFO - DAG(s) 'AMBER_Daily_Scraping' retrieved from /opt/airflow/dags/AMBER_Daily_Scraping.py
[2025-11-13T08:05:02.631+0000] {logging_mixin.py:190} INFO - [2025-11-13T08:05:02.631+0000] {dag.py:3239} INFO - Sync 1 DAGs
[2025-11-13T08:05:02.648+0000] {logging_mixin.py:190} INFO - [2025-11-13T08:05:02.648+0000] {dag.py:4180} INFO - Setting next_dagrun for AMBER_Daily_Scraping to None, run_after=None
[2025-11-13T08:05:02.695+0000] {processor.py:208} INFO - Processing /opt/airflow/dags/AMBER_Daily_Scraping.py took 0.162 seconds
[2025-11-13T08:05:33.727+0000] {processor.py:186} INFO - Started process (PID=143) to work on /opt/airflow/dags/AMBER_Daily_Scraping.py
[2025-11-13T08:05:33.729+0000] {processor.py:914} INFO - Processing file /opt/airflow/dags/AMBER_Daily_Scraping.py for tasks to queue
[2025-11-13T08:05:33.734+0000] {logging_mixin.py:190} INFO - [2025-11-13T08:05:33.733+0000] {dagbag.py:588} INFO - Filling up the DagBag from /opt/airflow/dags/AMBER_Daily_Scraping.py
[2025-11-13T08:05:33.817+0000] {processor.py:925} INFO - DAG(s) 'AMBER_Daily_Scraping' retrieved from /opt/airflow/dags/AMBER_Daily_Scraping.py
[2025-11-13T08:05:33.853+0000] {logging_mixin.py:190} INFO - [2025-11-13T08:05:33.853+0000] {dag.py:3239} INFO - Sync 1 DAGs
[2025-11-13T08:05:33.874+0000] {logging_mixin.py:190} INFO - [2025-11-13T08:05:33.874+0000] {dag.py:4180} INFO - Setting next_dagrun for AMBER_Daily_Scraping to None, run_after=None
[2025-11-13T08:05:33.919+0000] {processor.py:208} INFO - Processing /opt/airflow/dags/AMBER_Daily_Scraping.py took 0.198 seconds
[2025-11-13T08:06:04.184+0000] {processor.py:186} INFO - Started process (PID=144) to work on /opt/airflow/dags/AMBER_Daily_Scraping.py
[2025-11-13T08:06:04.185+0000] {processor.py:914} INFO - Processing file /opt/airflow/dags/AMBER_Daily_Scraping.py for tasks to queue
[2025-11-13T08:06:04.188+0000] {logging_mixin.py:190} INFO - [2025-11-13T08:06:04.187+0000] {dagbag.py:588} INFO - Filling up the DagBag from /opt/airflow/dags/AMBER_Daily_Scraping.py
[2025-11-13T08:06:04.213+0000] {processor.py:925} INFO - DAG(s) 'AMBER_Daily_Scraping' retrieved from /opt/airflow/dags/AMBER_Daily_Scraping.py
[2025-11-13T08:06:04.231+0000] {logging_mixin.py:190} INFO - [2025-11-13T08:06:04.231+0000] {dag.py:3239} INFO - Sync 1 DAGs
[2025-11-13T08:06:04.243+0000] {logging_mixin.py:190} INFO - [2025-11-13T08:06:04.243+0000] {dag.py:4180} INFO - Setting next_dagrun for AMBER_Daily_Scraping to None, run_after=None
[2025-11-13T08:06:04.282+0000] {processor.py:208} INFO - Processing /opt/airflow/dags/AMBER_Daily_Scraping.py took 0.103 seconds
[2025-11-13T08:06:34.487+0000] {processor.py:186} INFO - Started process (PID=145) to work on /opt/airflow/dags/AMBER_Daily_Scraping.py
[2025-11-13T08:06:34.488+0000] {processor.py:914} INFO - Processing file /opt/airflow/dags/AMBER_Daily_Scraping.py for tasks to queue
[2025-11-13T08:06:34.491+0000] {logging_mixin.py:190} INFO - [2025-11-13T08:06:34.490+0000] {dagbag.py:588} INFO - Filling up the DagBag from /opt/airflow/dags/AMBER_Daily_Scraping.py
[2025-11-13T08:06:34.510+0000] {processor.py:925} INFO - DAG(s) 'AMBER_Daily_Scraping' retrieved from /opt/airflow/dags/AMBER_Daily_Scraping.py
[2025-11-13T08:06:34.526+0000] {logging_mixin.py:190} INFO - [2025-11-13T08:06:34.526+0000] {dag.py:3239} INFO - Sync 1 DAGs
[2025-11-13T08:06:34.535+0000] {logging_mixin.py:190} INFO - [2025-11-13T08:06:34.535+0000] {dag.py:4180} INFO - Setting next_dagrun for AMBER_Daily_Scraping to None, run_after=None
[2025-11-13T08:06:34.570+0000] {processor.py:208} INFO - Processing /opt/airflow/dags/AMBER_Daily_Scraping.py took 0.088 seconds
[2025-11-13T08:07:04.770+0000] {processor.py:186} INFO - Started process (PID=146) to work on /opt/airflow/dags/AMBER_Daily_Scraping.py
[2025-11-13T08:07:04.771+0000] {processor.py:914} INFO - Processing file /opt/airflow/dags/AMBER_Daily_Scraping.py for tasks to queue
[2025-11-13T08:07:04.774+0000] {logging_mixin.py:190} INFO - [2025-11-13T08:07:04.774+0000] {dagbag.py:588} INFO - Filling up the DagBag from /opt/airflow/dags/AMBER_Daily_Scraping.py
[2025-11-13T08:07:04.793+0000] {processor.py:925} INFO - DAG(s) 'AMBER_Daily_Scraping' retrieved from /opt/airflow/dags/AMBER_Daily_Scraping.py
[2025-11-13T08:07:04.810+0000] {logging_mixin.py:190} INFO - [2025-11-13T08:07:04.809+0000] {dag.py:3239} INFO - Sync 1 DAGs
[2025-11-13T08:07:04.820+0000] {logging_mixin.py:190} INFO - [2025-11-13T08:07:04.820+0000] {dag.py:4180} INFO - Setting next_dagrun for AMBER_Daily_Scraping to None, run_after=None
[2025-11-13T08:07:04.855+0000] {processor.py:208} INFO - Processing /opt/airflow/dags/AMBER_Daily_Scraping.py took 0.088 seconds
[2025-11-13T08:07:35.097+0000] {processor.py:186} INFO - Started process (PID=147) to work on /opt/airflow/dags/AMBER_Daily_Scraping.py
[2025-11-13T08:07:35.098+0000] {processor.py:914} INFO - Processing file /opt/airflow/dags/AMBER_Daily_Scraping.py for tasks to queue
[2025-11-13T08:07:35.100+0000] {logging_mixin.py:190} INFO - [2025-11-13T08:07:35.100+0000] {dagbag.py:588} INFO - Filling up the DagBag from /opt/airflow/dags/AMBER_Daily_Scraping.py
[2025-11-13T08:07:35.122+0000] {processor.py:925} INFO - DAG(s) 'AMBER_Daily_Scraping' retrieved from /opt/airflow/dags/AMBER_Daily_Scraping.py
[2025-11-13T08:07:35.138+0000] {logging_mixin.py:190} INFO - [2025-11-13T08:07:35.138+0000] {dag.py:3239} INFO - Sync 1 DAGs
[2025-11-13T08:07:35.147+0000] {logging_mixin.py:190} INFO - [2025-11-13T08:07:35.147+0000] {dag.py:4180} INFO - Setting next_dagrun for AMBER_Daily_Scraping to None, run_after=None
[2025-11-13T08:07:35.182+0000] {processor.py:208} INFO - Processing /opt/airflow/dags/AMBER_Daily_Scraping.py took 0.090 seconds
[2025-11-13T08:08:05.416+0000] {processor.py:186} INFO - Started process (PID=148) to work on /opt/airflow/dags/AMBER_Daily_Scraping.py
[2025-11-13T08:08:05.417+0000] {processor.py:914} INFO - Processing file /opt/airflow/dags/AMBER_Daily_Scraping.py for tasks to queue
[2025-11-13T08:08:05.419+0000] {logging_mixin.py:190} INFO - [2025-11-13T08:08:05.419+0000] {dagbag.py:588} INFO - Filling up the DagBag from /opt/airflow/dags/AMBER_Daily_Scraping.py
[2025-11-13T08:08:05.445+0000] {processor.py:925} INFO - DAG(s) 'AMBER_Daily_Scraping' retrieved from /opt/airflow/dags/AMBER_Daily_Scraping.py
[2025-11-13T08:08:05.462+0000] {logging_mixin.py:190} INFO - [2025-11-13T08:08:05.462+0000] {dag.py:3239} INFO - Sync 1 DAGs
[2025-11-13T08:08:05.472+0000] {logging_mixin.py:190} INFO - [2025-11-13T08:08:05.472+0000] {dag.py:4180} INFO - Setting next_dagrun for AMBER_Daily_Scraping to None, run_after=None
[2025-11-13T08:08:05.505+0000] {processor.py:208} INFO - Processing /opt/airflow/dags/AMBER_Daily_Scraping.py took 0.094 seconds
[2025-11-13T08:08:35.735+0000] {processor.py:186} INFO - Started process (PID=149) to work on /opt/airflow/dags/AMBER_Daily_Scraping.py
[2025-11-13T08:08:35.736+0000] {processor.py:914} INFO - Processing file /opt/airflow/dags/AMBER_Daily_Scraping.py for tasks to queue
[2025-11-13T08:08:35.738+0000] {logging_mixin.py:190} INFO - [2025-11-13T08:08:35.738+0000] {dagbag.py:588} INFO - Filling up the DagBag from /opt/airflow/dags/AMBER_Daily_Scraping.py
[2025-11-13T08:08:35.764+0000] {processor.py:925} INFO - DAG(s) 'AMBER_Daily_Scraping' retrieved from /opt/airflow/dags/AMBER_Daily_Scraping.py
[2025-11-13T08:08:35.780+0000] {logging_mixin.py:190} INFO - [2025-11-13T08:08:35.780+0000] {dag.py:3239} INFO - Sync 1 DAGs
[2025-11-13T08:08:35.789+0000] {logging_mixin.py:190} INFO - [2025-11-13T08:08:35.789+0000] {dag.py:4180} INFO - Setting next_dagrun for AMBER_Daily_Scraping to None, run_after=None
[2025-11-13T08:08:35.822+0000] {processor.py:208} INFO - Processing /opt/airflow/dags/AMBER_Daily_Scraping.py took 0.091 seconds
[2025-11-13T08:09:08.048+0000] {processor.py:186} INFO - Started process (PID=157) to work on /opt/airflow/dags/AMBER_Daily_Scraping.py
[2025-11-13T08:09:08.049+0000] {processor.py:914} INFO - Processing file /opt/airflow/dags/AMBER_Daily_Scraping.py for tasks to queue
[2025-11-13T08:09:08.051+0000] {logging_mixin.py:190} INFO - [2025-11-13T08:09:08.050+0000] {dagbag.py:588} INFO - Filling up the DagBag from /opt/airflow/dags/AMBER_Daily_Scraping.py
[2025-11-13T08:09:08.072+0000] {processor.py:925} INFO - DAG(s) 'AMBER_Daily_Scraping' retrieved from /opt/airflow/dags/AMBER_Daily_Scraping.py
[2025-11-13T08:09:08.088+0000] {logging_mixin.py:190} INFO - [2025-11-13T08:09:08.088+0000] {dag.py:3239} INFO - Sync 1 DAGs
[2025-11-13T08:09:08.097+0000] {logging_mixin.py:190} INFO - [2025-11-13T08:09:08.096+0000] {dag.py:4180} INFO - Setting next_dagrun for AMBER_Daily_Scraping to None, run_after=None
[2025-11-13T08:09:09.510+0000] {processor.py:208} INFO - Processing /opt/airflow/dags/AMBER_Daily_Scraping.py took 1.466 seconds
[2025-11-13T08:09:40.250+0000] {processor.py:186} INFO - Started process (PID=158) to work on /opt/airflow/dags/AMBER_Daily_Scraping.py
[2025-11-13T08:09:40.251+0000] {processor.py:914} INFO - Processing file /opt/airflow/dags/AMBER_Daily_Scraping.py for tasks to queue
[2025-11-13T08:09:40.253+0000] {logging_mixin.py:190} INFO - [2025-11-13T08:09:40.253+0000] {dagbag.py:588} INFO - Filling up the DagBag from /opt/airflow/dags/AMBER_Daily_Scraping.py
[2025-11-13T08:09:40.274+0000] {processor.py:925} INFO - DAG(s) 'AMBER_Daily_Scraping' retrieved from /opt/airflow/dags/AMBER_Daily_Scraping.py
[2025-11-13T08:09:40.289+0000] {logging_mixin.py:190} INFO - [2025-11-13T08:09:40.289+0000] {dag.py:3239} INFO - Sync 1 DAGs
[2025-11-13T08:09:40.298+0000] {logging_mixin.py:190} INFO - [2025-11-13T08:09:40.298+0000] {dag.py:4180} INFO - Setting next_dagrun for AMBER_Daily_Scraping to None, run_after=None
[2025-11-13T08:09:40.332+0000] {processor.py:208} INFO - Processing /opt/airflow/dags/AMBER_Daily_Scraping.py took 0.086 seconds
[2025-11-13T08:10:10.901+0000] {processor.py:186} INFO - Started process (PID=213) to work on /opt/airflow/dags/AMBER_Daily_Scraping.py
[2025-11-13T08:10:10.902+0000] {processor.py:914} INFO - Processing file /opt/airflow/dags/AMBER_Daily_Scraping.py for tasks to queue
[2025-11-13T08:10:10.906+0000] {logging_mixin.py:190} INFO - [2025-11-13T08:10:10.905+0000] {dagbag.py:588} INFO - Filling up the DagBag from /opt/airflow/dags/AMBER_Daily_Scraping.py
[2025-11-13T08:10:10.927+0000] {processor.py:925} INFO - DAG(s) 'AMBER_Daily_Scraping' retrieved from /opt/airflow/dags/AMBER_Daily_Scraping.py
[2025-11-13T08:10:10.948+0000] {logging_mixin.py:190} INFO - [2025-11-13T08:10:10.947+0000] {dag.py:3239} INFO - Sync 1 DAGs
[2025-11-13T08:10:10.959+0000] {logging_mixin.py:190} INFO - [2025-11-13T08:10:10.959+0000] {dag.py:4180} INFO - Setting next_dagrun for AMBER_Daily_Scraping to None, run_after=None
[2025-11-13T08:10:10.991+0000] {processor.py:208} INFO - Processing /opt/airflow/dags/AMBER_Daily_Scraping.py took 0.095 seconds
[2025-11-13T08:10:41.669+0000] {processor.py:186} INFO - Started process (PID=219) to work on /opt/airflow/dags/AMBER_Daily_Scraping.py
[2025-11-13T08:10:41.673+0000] {processor.py:914} INFO - Processing file /opt/airflow/dags/AMBER_Daily_Scraping.py for tasks to queue
[2025-11-13T08:10:41.683+0000] {logging_mixin.py:190} INFO - [2025-11-13T08:10:41.682+0000] {dagbag.py:588} INFO - Filling up the DagBag from /opt/airflow/dags/AMBER_Daily_Scraping.py
[2025-11-13T08:10:41.721+0000] {processor.py:925} INFO - DAG(s) 'AMBER_Daily_Scraping' retrieved from /opt/airflow/dags/AMBER_Daily_Scraping.py
[2025-11-13T08:10:41.780+0000] {logging_mixin.py:190} INFO - [2025-11-13T08:10:41.779+0000] {dag.py:3239} INFO - Sync 1 DAGs
[2025-11-13T08:10:41.811+0000] {logging_mixin.py:190} INFO - [2025-11-13T08:10:41.811+0000] {dag.py:4180} INFO - Setting next_dagrun for AMBER_Daily_Scraping to None, run_after=None
[2025-11-13T08:10:41.853+0000] {processor.py:208} INFO - Processing /opt/airflow/dags/AMBER_Daily_Scraping.py took 0.224 seconds
[2025-11-13T08:11:12.169+0000] {processor.py:186} INFO - Started process (PID=228) to work on /opt/airflow/dags/AMBER_Daily_Scraping.py
[2025-11-13T08:11:12.170+0000] {processor.py:914} INFO - Processing file /opt/airflow/dags/AMBER_Daily_Scraping.py for tasks to queue
[2025-11-13T08:11:12.172+0000] {logging_mixin.py:190} INFO - [2025-11-13T08:11:12.172+0000] {dagbag.py:588} INFO - Filling up the DagBag from /opt/airflow/dags/AMBER_Daily_Scraping.py
[2025-11-13T08:11:12.223+0000] {processor.py:925} INFO - DAG(s) 'AMBER_Daily_Scraping' retrieved from /opt/airflow/dags/AMBER_Daily_Scraping.py
[2025-11-13T08:11:12.242+0000] {logging_mixin.py:190} INFO - [2025-11-13T08:11:12.242+0000] {dag.py:3239} INFO - Sync 1 DAGs
[2025-11-13T08:11:12.256+0000] {logging_mixin.py:190} INFO - [2025-11-13T08:11:12.256+0000] {dag.py:4180} INFO - Setting next_dagrun for AMBER_Daily_Scraping to None, run_after=None
[2025-11-13T08:11:12.320+0000] {processor.py:208} INFO - Processing /opt/airflow/dags/AMBER_Daily_Scraping.py took 0.155 seconds
[2025-11-13T08:11:42.993+0000] {processor.py:186} INFO - Started process (PID=235) to work on /opt/airflow/dags/AMBER_Daily_Scraping.py
[2025-11-13T08:11:42.995+0000] {processor.py:914} INFO - Processing file /opt/airflow/dags/AMBER_Daily_Scraping.py for tasks to queue
[2025-11-13T08:11:42.999+0000] {logging_mixin.py:190} INFO - [2025-11-13T08:11:42.997+0000] {dagbag.py:588} INFO - Filling up the DagBag from /opt/airflow/dags/AMBER_Daily_Scraping.py
[2025-11-13T08:11:43.031+0000] {processor.py:925} INFO - DAG(s) 'AMBER_Daily_Scraping' retrieved from /opt/airflow/dags/AMBER_Daily_Scraping.py
[2025-11-13T08:11:43.077+0000] {logging_mixin.py:190} INFO - [2025-11-13T08:11:43.077+0000] {dag.py:3239} INFO - Sync 1 DAGs
[2025-11-13T08:11:43.091+0000] {logging_mixin.py:190} INFO - [2025-11-13T08:11:43.091+0000] {dag.py:4180} INFO - Setting next_dagrun for AMBER_Daily_Scraping to None, run_after=None
[2025-11-13T08:11:43.131+0000] {processor.py:208} INFO - Processing /opt/airflow/dags/AMBER_Daily_Scraping.py took 0.148 seconds
[2025-11-13T08:12:13.311+0000] {processor.py:186} INFO - Started process (PID=249) to work on /opt/airflow/dags/AMBER_Daily_Scraping.py
[2025-11-13T08:12:13.312+0000] {processor.py:914} INFO - Processing file /opt/airflow/dags/AMBER_Daily_Scraping.py for tasks to queue
[2025-11-13T08:12:13.330+0000] {logging_mixin.py:190} INFO - [2025-11-13T08:12:13.327+0000] {dagbag.py:588} INFO - Filling up the DagBag from /opt/airflow/dags/AMBER_Daily_Scraping.py
[2025-11-13T08:12:13.417+0000] {processor.py:925} INFO - DAG(s) 'AMBER_Daily_Scraping' retrieved from /opt/airflow/dags/AMBER_Daily_Scraping.py
[2025-11-13T08:12:13.519+0000] {logging_mixin.py:190} INFO - [2025-11-13T08:12:13.518+0000] {dag.py:3239} INFO - Sync 1 DAGs
[2025-11-13T08:12:13.587+0000] {logging_mixin.py:190} INFO - [2025-11-13T08:12:13.586+0000] {dag.py:4180} INFO - Setting next_dagrun for AMBER_Daily_Scraping to None, run_after=None
[2025-11-13T08:12:13.655+0000] {processor.py:208} INFO - Processing /opt/airflow/dags/AMBER_Daily_Scraping.py took 0.353 seconds
[2025-11-13T08:28:13.591+0000] {processor.py:186} INFO - Started process (PID=37) to work on /opt/airflow/dags/AMBER_Daily_Scraping.py
[2025-11-13T08:28:13.592+0000] {processor.py:914} INFO - Processing file /opt/airflow/dags/AMBER_Daily_Scraping.py for tasks to queue
[2025-11-13T08:28:13.595+0000] {logging_mixin.py:190} INFO - [2025-11-13T08:28:13.594+0000] {dagbag.py:588} INFO - Filling up the DagBag from /opt/airflow/dags/AMBER_Daily_Scraping.py
[2025-11-13T08:28:13.626+0000] {processor.py:925} INFO - DAG(s) 'AMBER_Daily_Scraping' retrieved from /opt/airflow/dags/AMBER_Daily_Scraping.py
[2025-11-13T08:28:13.651+0000] {logging_mixin.py:190} INFO - [2025-11-13T08:28:13.651+0000] {dag.py:3239} INFO - Sync 1 DAGs
[2025-11-13T08:28:13.664+0000] {logging_mixin.py:190} INFO - [2025-11-13T08:28:13.664+0000] {dag.py:4180} INFO - Setting next_dagrun for AMBER_Daily_Scraping to None, run_after=None
[2025-11-13T08:28:13.696+0000] {processor.py:208} INFO - Processing /opt/airflow/dags/AMBER_Daily_Scraping.py took 0.110 seconds
