[2025-10-30T20:29:35.142+0000] {processor.py:161} INFO - Started process (PID=74) to work on /home/airflow/.local/lib/python3.12/site-packages/airflow/example_dags/example_datasets.py
[2025-10-30T20:29:35.144+0000] {processor.py:830} INFO - Processing file /home/airflow/.local/lib/python3.12/site-packages/airflow/example_dags/example_datasets.py for tasks to queue
[2025-10-30T20:29:35.147+0000] {logging_mixin.py:188} INFO - [2025-10-30T20:29:35.146+0000] {dagbag.py:545} INFO - Filling up the DagBag from /home/airflow/.local/lib/python3.12/site-packages/airflow/example_dags/example_datasets.py
[2025-10-30T20:29:35.192+0000] {processor.py:840} INFO - DAG(s) 'dataset_consumes_1_never_scheduled', 'dataset_consumes_unknown_never_scheduled', 'consume_1_or_2_with_dataset_expressions', 'dataset_consumes_1_and_2', 'consume_1_or_both_2_and_3_with_dataset_expressions', 'dataset_produces_1', 'conditional_dataset_and_time_based_timetable', 'dataset_produces_2', 'dataset_consumes_1', 'consume_1_and_2_with_dataset_expressions' retrieved from /home/airflow/.local/lib/python3.12/site-packages/airflow/example_dags/example_datasets.py
[2025-10-30T20:29:35.930+0000] {logging_mixin.py:188} INFO - [2025-10-30T20:29:35.929+0000] {dag.py:3096} INFO - Sync 10 DAGs
[2025-10-30T20:29:36.020+0000] {logging_mixin.py:188} INFO - [2025-10-30T20:29:36.019+0000] {dag.py:3954} INFO - Setting next_dagrun for conditional_dataset_and_time_based_timetable to 2025-10-29 01:00:00+00:00, run_after=2025-10-29 01:00:00+00:00
[2025-10-30T20:29:36.032+0000] {logging_mixin.py:188} INFO - [2025-10-30T20:29:36.032+0000] {dag.py:3954} INFO - Setting next_dagrun for consume_1_and_2_with_dataset_expressions to None, run_after=None
[2025-10-30T20:29:36.037+0000] {logging_mixin.py:188} INFO - [2025-10-30T20:29:36.037+0000] {dag.py:3954} INFO - Setting next_dagrun for consume_1_or_2_with_dataset_expressions to None, run_after=None
[2025-10-30T20:29:36.045+0000] {logging_mixin.py:188} INFO - [2025-10-30T20:29:36.044+0000] {dag.py:3954} INFO - Setting next_dagrun for consume_1_or_both_2_and_3_with_dataset_expressions to None, run_after=None
[2025-10-30T20:29:36.050+0000] {logging_mixin.py:188} INFO - [2025-10-30T20:29:36.050+0000] {dag.py:3954} INFO - Setting next_dagrun for dataset_consumes_1 to None, run_after=None
[2025-10-30T20:29:36.053+0000] {logging_mixin.py:188} INFO - [2025-10-30T20:29:36.053+0000] {dag.py:3954} INFO - Setting next_dagrun for dataset_consumes_1_and_2 to None, run_after=None
[2025-10-30T20:29:36.079+0000] {logging_mixin.py:188} INFO - [2025-10-30T20:29:36.079+0000] {dag.py:3954} INFO - Setting next_dagrun for dataset_consumes_1_never_scheduled to None, run_after=None
[2025-10-30T20:29:36.095+0000] {logging_mixin.py:188} INFO - [2025-10-30T20:29:36.095+0000] {dag.py:3954} INFO - Setting next_dagrun for dataset_consumes_unknown_never_scheduled to None, run_after=None
[2025-10-30T20:29:36.102+0000] {logging_mixin.py:188} INFO - [2025-10-30T20:29:36.102+0000] {dag.py:3954} INFO - Setting next_dagrun for dataset_produces_1 to 2025-10-29 00:00:00+00:00, run_after=2025-10-30 00:00:00+00:00
[2025-10-30T20:29:36.106+0000] {logging_mixin.py:188} INFO - [2025-10-30T20:29:36.105+0000] {dag.py:3954} INFO - Setting next_dagrun for dataset_produces_2 to None, run_after=None
[2025-10-30T20:29:36.281+0000] {processor.py:183} INFO - Processing /home/airflow/.local/lib/python3.12/site-packages/airflow/example_dags/example_datasets.py took 1.149 seconds
[2025-10-30T20:30:06.537+0000] {processor.py:161} INFO - Started process (PID=132) to work on /home/airflow/.local/lib/python3.12/site-packages/airflow/example_dags/example_datasets.py
[2025-10-30T20:30:06.539+0000] {processor.py:830} INFO - Processing file /home/airflow/.local/lib/python3.12/site-packages/airflow/example_dags/example_datasets.py for tasks to queue
[2025-10-30T20:30:06.544+0000] {logging_mixin.py:188} INFO - [2025-10-30T20:30:06.544+0000] {dagbag.py:545} INFO - Filling up the DagBag from /home/airflow/.local/lib/python3.12/site-packages/airflow/example_dags/example_datasets.py
[2025-10-30T20:30:06.570+0000] {processor.py:840} INFO - DAG(s) 'dataset_consumes_1_and_2', 'consume_1_or_both_2_and_3_with_dataset_expressions', 'dataset_consumes_unknown_never_scheduled', 'dataset_consumes_1_never_scheduled', 'dataset_consumes_1', 'consume_1_or_2_with_dataset_expressions', 'dataset_produces_2', 'conditional_dataset_and_time_based_timetable', 'consume_1_and_2_with_dataset_expressions', 'dataset_produces_1' retrieved from /home/airflow/.local/lib/python3.12/site-packages/airflow/example_dags/example_datasets.py
[2025-10-30T20:30:06.663+0000] {logging_mixin.py:188} INFO - [2025-10-30T20:30:06.662+0000] {dag.py:3096} INFO - Sync 10 DAGs
[2025-10-30T20:30:06.719+0000] {logging_mixin.py:188} INFO - [2025-10-30T20:30:06.719+0000] {dag.py:3954} INFO - Setting next_dagrun for conditional_dataset_and_time_based_timetable to 2025-10-29 01:00:00+00:00, run_after=2025-10-29 01:00:00+00:00
[2025-10-30T20:30:06.725+0000] {logging_mixin.py:188} INFO - [2025-10-30T20:30:06.725+0000] {dag.py:3954} INFO - Setting next_dagrun for consume_1_and_2_with_dataset_expressions to None, run_after=None
[2025-10-30T20:30:06.728+0000] {logging_mixin.py:188} INFO - [2025-10-30T20:30:06.728+0000] {dag.py:3954} INFO - Setting next_dagrun for consume_1_or_2_with_dataset_expressions to None, run_after=None
[2025-10-30T20:30:06.730+0000] {logging_mixin.py:188} INFO - [2025-10-30T20:30:06.730+0000] {dag.py:3954} INFO - Setting next_dagrun for consume_1_or_both_2_and_3_with_dataset_expressions to None, run_after=None
[2025-10-30T20:30:06.732+0000] {logging_mixin.py:188} INFO - [2025-10-30T20:30:06.732+0000] {dag.py:3954} INFO - Setting next_dagrun for dataset_consumes_1 to None, run_after=None
[2025-10-30T20:30:06.734+0000] {logging_mixin.py:188} INFO - [2025-10-30T20:30:06.734+0000] {dag.py:3954} INFO - Setting next_dagrun for dataset_consumes_1_and_2 to None, run_after=None
[2025-10-30T20:30:06.735+0000] {logging_mixin.py:188} INFO - [2025-10-30T20:30:06.735+0000] {dag.py:3954} INFO - Setting next_dagrun for dataset_consumes_1_never_scheduled to None, run_after=None
[2025-10-30T20:30:06.737+0000] {logging_mixin.py:188} INFO - [2025-10-30T20:30:06.737+0000] {dag.py:3954} INFO - Setting next_dagrun for dataset_consumes_unknown_never_scheduled to None, run_after=None
[2025-10-30T20:30:06.741+0000] {logging_mixin.py:188} INFO - [2025-10-30T20:30:06.741+0000] {dag.py:3954} INFO - Setting next_dagrun for dataset_produces_1 to 2025-10-29 00:00:00+00:00, run_after=2025-10-30 00:00:00+00:00
[2025-10-30T20:30:06.747+0000] {logging_mixin.py:188} INFO - [2025-10-30T20:30:06.746+0000] {dag.py:3954} INFO - Setting next_dagrun for dataset_produces_2 to None, run_after=None
[2025-10-30T20:30:06.797+0000] {processor.py:183} INFO - Processing /home/airflow/.local/lib/python3.12/site-packages/airflow/example_dags/example_datasets.py took 0.269 seconds
[2025-10-30T20:30:37.103+0000] {processor.py:161} INFO - Started process (PID=191) to work on /home/airflow/.local/lib/python3.12/site-packages/airflow/example_dags/example_datasets.py
[2025-10-30T20:30:37.105+0000] {processor.py:830} INFO - Processing file /home/airflow/.local/lib/python3.12/site-packages/airflow/example_dags/example_datasets.py for tasks to queue
[2025-10-30T20:30:37.110+0000] {logging_mixin.py:188} INFO - [2025-10-30T20:30:37.109+0000] {dagbag.py:545} INFO - Filling up the DagBag from /home/airflow/.local/lib/python3.12/site-packages/airflow/example_dags/example_datasets.py
[2025-10-30T20:30:37.137+0000] {processor.py:840} INFO - DAG(s) 'conditional_dataset_and_time_based_timetable', 'dataset_consumes_1', 'dataset_consumes_1_and_2', 'dataset_produces_1', 'consume_1_or_2_with_dataset_expressions', 'consume_1_and_2_with_dataset_expressions', 'dataset_consumes_unknown_never_scheduled', 'dataset_produces_2', 'dataset_consumes_1_never_scheduled', 'consume_1_or_both_2_and_3_with_dataset_expressions' retrieved from /home/airflow/.local/lib/python3.12/site-packages/airflow/example_dags/example_datasets.py
[2025-10-30T20:30:37.236+0000] {logging_mixin.py:188} INFO - [2025-10-30T20:30:37.235+0000] {dag.py:3096} INFO - Sync 10 DAGs
[2025-10-30T20:30:37.283+0000] {logging_mixin.py:188} INFO - [2025-10-30T20:30:37.282+0000] {dag.py:3954} INFO - Setting next_dagrun for conditional_dataset_and_time_based_timetable to 2025-10-29 01:00:00+00:00, run_after=2025-10-29 01:00:00+00:00
[2025-10-30T20:30:37.291+0000] {logging_mixin.py:188} INFO - [2025-10-30T20:30:37.291+0000] {dag.py:3954} INFO - Setting next_dagrun for consume_1_and_2_with_dataset_expressions to None, run_after=None
[2025-10-30T20:30:37.295+0000] {logging_mixin.py:188} INFO - [2025-10-30T20:30:37.294+0000] {dag.py:3954} INFO - Setting next_dagrun for consume_1_or_2_with_dataset_expressions to None, run_after=None
[2025-10-30T20:30:37.297+0000] {logging_mixin.py:188} INFO - [2025-10-30T20:30:37.297+0000] {dag.py:3954} INFO - Setting next_dagrun for consume_1_or_both_2_and_3_with_dataset_expressions to None, run_after=None
[2025-10-30T20:30:37.299+0000] {logging_mixin.py:188} INFO - [2025-10-30T20:30:37.299+0000] {dag.py:3954} INFO - Setting next_dagrun for dataset_consumes_1 to None, run_after=None
[2025-10-30T20:30:37.301+0000] {logging_mixin.py:188} INFO - [2025-10-30T20:30:37.301+0000] {dag.py:3954} INFO - Setting next_dagrun for dataset_consumes_1_and_2 to None, run_after=None
[2025-10-30T20:30:37.304+0000] {logging_mixin.py:188} INFO - [2025-10-30T20:30:37.303+0000] {dag.py:3954} INFO - Setting next_dagrun for dataset_consumes_1_never_scheduled to None, run_after=None
[2025-10-30T20:30:37.305+0000] {logging_mixin.py:188} INFO - [2025-10-30T20:30:37.305+0000] {dag.py:3954} INFO - Setting next_dagrun for dataset_consumes_unknown_never_scheduled to None, run_after=None
[2025-10-30T20:30:37.309+0000] {logging_mixin.py:188} INFO - [2025-10-30T20:30:37.309+0000] {dag.py:3954} INFO - Setting next_dagrun for dataset_produces_1 to 2025-10-29 00:00:00+00:00, run_after=2025-10-30 00:00:00+00:00
[2025-10-30T20:30:37.312+0000] {logging_mixin.py:188} INFO - [2025-10-30T20:30:37.311+0000] {dag.py:3954} INFO - Setting next_dagrun for dataset_produces_2 to None, run_after=None
[2025-10-30T20:30:37.394+0000] {processor.py:183} INFO - Processing /home/airflow/.local/lib/python3.12/site-packages/airflow/example_dags/example_datasets.py took 0.303 seconds
[2025-10-30T20:31:07.974+0000] {processor.py:161} INFO - Started process (PID=249) to work on /home/airflow/.local/lib/python3.12/site-packages/airflow/example_dags/example_datasets.py
[2025-10-30T20:31:07.977+0000] {processor.py:830} INFO - Processing file /home/airflow/.local/lib/python3.12/site-packages/airflow/example_dags/example_datasets.py for tasks to queue
[2025-10-30T20:31:07.987+0000] {logging_mixin.py:188} INFO - [2025-10-30T20:31:07.987+0000] {dagbag.py:545} INFO - Filling up the DagBag from /home/airflow/.local/lib/python3.12/site-packages/airflow/example_dags/example_datasets.py
[2025-10-30T20:31:08.030+0000] {processor.py:840} INFO - DAG(s) 'conditional_dataset_and_time_based_timetable', 'consume_1_or_both_2_and_3_with_dataset_expressions', 'dataset_consumes_1', 'consume_1_and_2_with_dataset_expressions', 'dataset_consumes_1_never_scheduled', 'dataset_produces_1', 'dataset_consumes_1_and_2', 'consume_1_or_2_with_dataset_expressions', 'dataset_consumes_unknown_never_scheduled', 'dataset_produces_2' retrieved from /home/airflow/.local/lib/python3.12/site-packages/airflow/example_dags/example_datasets.py
[2025-10-30T20:31:08.190+0000] {logging_mixin.py:188} INFO - [2025-10-30T20:31:08.189+0000] {dag.py:3096} INFO - Sync 10 DAGs
[2025-10-30T20:31:08.275+0000] {logging_mixin.py:188} INFO - [2025-10-30T20:31:08.274+0000] {dag.py:3954} INFO - Setting next_dagrun for conditional_dataset_and_time_based_timetable to 2025-10-29 01:00:00+00:00, run_after=2025-10-29 01:00:00+00:00
[2025-10-30T20:31:08.289+0000] {logging_mixin.py:188} INFO - [2025-10-30T20:31:08.289+0000] {dag.py:3954} INFO - Setting next_dagrun for consume_1_and_2_with_dataset_expressions to None, run_after=None
[2025-10-30T20:31:08.299+0000] {logging_mixin.py:188} INFO - [2025-10-30T20:31:08.295+0000] {dag.py:3954} INFO - Setting next_dagrun for consume_1_or_2_with_dataset_expressions to None, run_after=None
[2025-10-30T20:31:08.322+0000] {logging_mixin.py:188} INFO - [2025-10-30T20:31:08.321+0000] {dag.py:3954} INFO - Setting next_dagrun for consume_1_or_both_2_and_3_with_dataset_expressions to None, run_after=None
[2025-10-30T20:31:08.393+0000] {logging_mixin.py:188} INFO - [2025-10-30T20:31:08.392+0000] {dag.py:3954} INFO - Setting next_dagrun for dataset_consumes_1 to None, run_after=None
[2025-10-30T20:31:08.397+0000] {logging_mixin.py:188} INFO - [2025-10-30T20:31:08.396+0000] {dag.py:3954} INFO - Setting next_dagrun for dataset_consumes_1_and_2 to None, run_after=None
[2025-10-30T20:31:08.403+0000] {logging_mixin.py:188} INFO - [2025-10-30T20:31:08.403+0000] {dag.py:3954} INFO - Setting next_dagrun for dataset_consumes_1_never_scheduled to None, run_after=None
[2025-10-30T20:31:08.409+0000] {logging_mixin.py:188} INFO - [2025-10-30T20:31:08.408+0000] {dag.py:3954} INFO - Setting next_dagrun for dataset_consumes_unknown_never_scheduled to None, run_after=None
[2025-10-30T20:31:08.419+0000] {logging_mixin.py:188} INFO - [2025-10-30T20:31:08.418+0000] {dag.py:3954} INFO - Setting next_dagrun for dataset_produces_1 to 2025-10-29 00:00:00+00:00, run_after=2025-10-30 00:00:00+00:00
[2025-10-30T20:31:08.423+0000] {logging_mixin.py:188} INFO - [2025-10-30T20:31:08.423+0000] {dag.py:3954} INFO - Setting next_dagrun for dataset_produces_2 to None, run_after=None
[2025-10-30T20:31:08.727+0000] {processor.py:183} INFO - Processing /home/airflow/.local/lib/python3.12/site-packages/airflow/example_dags/example_datasets.py took 0.765 seconds
[2025-10-30T20:31:39.690+0000] {processor.py:161} INFO - Started process (PID=307) to work on /home/airflow/.local/lib/python3.12/site-packages/airflow/example_dags/example_datasets.py
[2025-10-30T20:31:39.691+0000] {processor.py:830} INFO - Processing file /home/airflow/.local/lib/python3.12/site-packages/airflow/example_dags/example_datasets.py for tasks to queue
[2025-10-30T20:31:39.695+0000] {logging_mixin.py:188} INFO - [2025-10-30T20:31:39.694+0000] {dagbag.py:545} INFO - Filling up the DagBag from /home/airflow/.local/lib/python3.12/site-packages/airflow/example_dags/example_datasets.py
[2025-10-30T20:31:39.717+0000] {processor.py:840} INFO - DAG(s) 'consume_1_or_both_2_and_3_with_dataset_expressions', 'dataset_produces_2', 'dataset_consumes_1_and_2', 'dataset_consumes_1', 'dataset_produces_1', 'conditional_dataset_and_time_based_timetable', 'consume_1_or_2_with_dataset_expressions', 'dataset_consumes_unknown_never_scheduled', 'consume_1_and_2_with_dataset_expressions', 'dataset_consumes_1_never_scheduled' retrieved from /home/airflow/.local/lib/python3.12/site-packages/airflow/example_dags/example_datasets.py
[2025-10-30T20:31:39.796+0000] {logging_mixin.py:188} INFO - [2025-10-30T20:31:39.796+0000] {dag.py:3096} INFO - Sync 10 DAGs
[2025-10-30T20:31:39.832+0000] {logging_mixin.py:188} INFO - [2025-10-30T20:31:39.832+0000] {dag.py:3954} INFO - Setting next_dagrun for conditional_dataset_and_time_based_timetable to 2025-10-29 01:00:00+00:00, run_after=2025-10-29 01:00:00+00:00
[2025-10-30T20:31:39.837+0000] {logging_mixin.py:188} INFO - [2025-10-30T20:31:39.837+0000] {dag.py:3954} INFO - Setting next_dagrun for consume_1_and_2_with_dataset_expressions to None, run_after=None
[2025-10-30T20:31:39.839+0000] {logging_mixin.py:188} INFO - [2025-10-30T20:31:39.839+0000] {dag.py:3954} INFO - Setting next_dagrun for consume_1_or_2_with_dataset_expressions to None, run_after=None
[2025-10-30T20:31:39.841+0000] {logging_mixin.py:188} INFO - [2025-10-30T20:31:39.840+0000] {dag.py:3954} INFO - Setting next_dagrun for consume_1_or_both_2_and_3_with_dataset_expressions to None, run_after=None
[2025-10-30T20:31:39.843+0000] {logging_mixin.py:188} INFO - [2025-10-30T20:31:39.842+0000] {dag.py:3954} INFO - Setting next_dagrun for dataset_consumes_1 to None, run_after=None
[2025-10-30T20:31:39.845+0000] {logging_mixin.py:188} INFO - [2025-10-30T20:31:39.844+0000] {dag.py:3954} INFO - Setting next_dagrun for dataset_consumes_1_and_2 to None, run_after=None
[2025-10-30T20:31:39.847+0000] {logging_mixin.py:188} INFO - [2025-10-30T20:31:39.847+0000] {dag.py:3954} INFO - Setting next_dagrun for dataset_consumes_1_never_scheduled to None, run_after=None
[2025-10-30T20:31:39.849+0000] {logging_mixin.py:188} INFO - [2025-10-30T20:31:39.848+0000] {dag.py:3954} INFO - Setting next_dagrun for dataset_consumes_unknown_never_scheduled to None, run_after=None
[2025-10-30T20:31:39.851+0000] {logging_mixin.py:188} INFO - [2025-10-30T20:31:39.851+0000] {dag.py:3954} INFO - Setting next_dagrun for dataset_produces_1 to 2025-10-29 00:00:00+00:00, run_after=2025-10-30 00:00:00+00:00
[2025-10-30T20:31:39.853+0000] {logging_mixin.py:188} INFO - [2025-10-30T20:31:39.853+0000] {dag.py:3954} INFO - Setting next_dagrun for dataset_produces_2 to None, run_after=None
[2025-10-30T20:31:39.903+0000] {processor.py:183} INFO - Processing /home/airflow/.local/lib/python3.12/site-packages/airflow/example_dags/example_datasets.py took 0.222 seconds
[2025-10-30T20:32:10.312+0000] {processor.py:161} INFO - Started process (PID=365) to work on /home/airflow/.local/lib/python3.12/site-packages/airflow/example_dags/example_datasets.py
[2025-10-30T20:32:10.314+0000] {processor.py:830} INFO - Processing file /home/airflow/.local/lib/python3.12/site-packages/airflow/example_dags/example_datasets.py for tasks to queue
[2025-10-30T20:32:10.318+0000] {logging_mixin.py:188} INFO - [2025-10-30T20:32:10.317+0000] {dagbag.py:545} INFO - Filling up the DagBag from /home/airflow/.local/lib/python3.12/site-packages/airflow/example_dags/example_datasets.py
[2025-10-30T20:32:10.349+0000] {processor.py:840} INFO - DAG(s) 'dataset_consumes_1_and_2', 'consume_1_or_2_with_dataset_expressions', 'dataset_produces_1', 'consume_1_or_both_2_and_3_with_dataset_expressions', 'conditional_dataset_and_time_based_timetable', 'dataset_consumes_unknown_never_scheduled', 'dataset_consumes_1_never_scheduled', 'consume_1_and_2_with_dataset_expressions', 'dataset_produces_2', 'dataset_consumes_1' retrieved from /home/airflow/.local/lib/python3.12/site-packages/airflow/example_dags/example_datasets.py
[2025-10-30T20:32:10.454+0000] {logging_mixin.py:188} INFO - [2025-10-30T20:32:10.454+0000] {dag.py:3096} INFO - Sync 10 DAGs
[2025-10-30T20:32:10.512+0000] {logging_mixin.py:188} INFO - [2025-10-30T20:32:10.512+0000] {dag.py:3954} INFO - Setting next_dagrun for conditional_dataset_and_time_based_timetable to 2025-10-29 01:00:00+00:00, run_after=2025-10-29 01:00:00+00:00
[2025-10-30T20:32:10.527+0000] {logging_mixin.py:188} INFO - [2025-10-30T20:32:10.527+0000] {dag.py:3954} INFO - Setting next_dagrun for consume_1_and_2_with_dataset_expressions to None, run_after=None
[2025-10-30T20:32:10.531+0000] {logging_mixin.py:188} INFO - [2025-10-30T20:32:10.530+0000] {dag.py:3954} INFO - Setting next_dagrun for consume_1_or_2_with_dataset_expressions to None, run_after=None
[2025-10-30T20:32:10.535+0000] {logging_mixin.py:188} INFO - [2025-10-30T20:32:10.534+0000] {dag.py:3954} INFO - Setting next_dagrun for consume_1_or_both_2_and_3_with_dataset_expressions to None, run_after=None
[2025-10-30T20:32:10.539+0000] {logging_mixin.py:188} INFO - [2025-10-30T20:32:10.538+0000] {dag.py:3954} INFO - Setting next_dagrun for dataset_consumes_1 to None, run_after=None
[2025-10-30T20:32:10.553+0000] {logging_mixin.py:188} INFO - [2025-10-30T20:32:10.553+0000] {dag.py:3954} INFO - Setting next_dagrun for dataset_consumes_1_and_2 to None, run_after=None
[2025-10-30T20:32:10.562+0000] {logging_mixin.py:188} INFO - [2025-10-30T20:32:10.562+0000] {dag.py:3954} INFO - Setting next_dagrun for dataset_consumes_1_never_scheduled to None, run_after=None
[2025-10-30T20:32:10.566+0000] {logging_mixin.py:188} INFO - [2025-10-30T20:32:10.565+0000] {dag.py:3954} INFO - Setting next_dagrun for dataset_consumes_unknown_never_scheduled to None, run_after=None
[2025-10-30T20:32:10.570+0000] {logging_mixin.py:188} INFO - [2025-10-30T20:32:10.570+0000] {dag.py:3954} INFO - Setting next_dagrun for dataset_produces_1 to 2025-10-29 00:00:00+00:00, run_after=2025-10-30 00:00:00+00:00
[2025-10-30T20:32:10.573+0000] {logging_mixin.py:188} INFO - [2025-10-30T20:32:10.573+0000] {dag.py:3954} INFO - Setting next_dagrun for dataset_produces_2 to None, run_after=None
[2025-10-30T20:32:10.650+0000] {processor.py:183} INFO - Processing /home/airflow/.local/lib/python3.12/site-packages/airflow/example_dags/example_datasets.py took 0.349 seconds
[2025-10-30T20:32:41.166+0000] {processor.py:161} INFO - Started process (PID=423) to work on /home/airflow/.local/lib/python3.12/site-packages/airflow/example_dags/example_datasets.py
[2025-10-30T20:32:41.167+0000] {processor.py:830} INFO - Processing file /home/airflow/.local/lib/python3.12/site-packages/airflow/example_dags/example_datasets.py for tasks to queue
[2025-10-30T20:32:41.170+0000] {logging_mixin.py:188} INFO - [2025-10-30T20:32:41.170+0000] {dagbag.py:545} INFO - Filling up the DagBag from /home/airflow/.local/lib/python3.12/site-packages/airflow/example_dags/example_datasets.py
[2025-10-30T20:32:41.191+0000] {processor.py:840} INFO - DAG(s) 'dataset_produces_2', 'consume_1_or_2_with_dataset_expressions', 'dataset_consumes_1_never_scheduled', 'consume_1_and_2_with_dataset_expressions', 'consume_1_or_both_2_and_3_with_dataset_expressions', 'conditional_dataset_and_time_based_timetable', 'dataset_consumes_1', 'dataset_consumes_unknown_never_scheduled', 'dataset_consumes_1_and_2', 'dataset_produces_1' retrieved from /home/airflow/.local/lib/python3.12/site-packages/airflow/example_dags/example_datasets.py
[2025-10-30T20:32:41.265+0000] {logging_mixin.py:188} INFO - [2025-10-30T20:32:41.265+0000] {dag.py:3096} INFO - Sync 10 DAGs
[2025-10-30T20:32:41.310+0000] {logging_mixin.py:188} INFO - [2025-10-30T20:32:41.310+0000] {dag.py:3954} INFO - Setting next_dagrun for conditional_dataset_and_time_based_timetable to 2025-10-29 01:00:00+00:00, run_after=2025-10-29 01:00:00+00:00
[2025-10-30T20:32:41.318+0000] {logging_mixin.py:188} INFO - [2025-10-30T20:32:41.318+0000] {dag.py:3954} INFO - Setting next_dagrun for consume_1_and_2_with_dataset_expressions to None, run_after=None
[2025-10-30T20:32:41.321+0000] {logging_mixin.py:188} INFO - [2025-10-30T20:32:41.320+0000] {dag.py:3954} INFO - Setting next_dagrun for consume_1_or_2_with_dataset_expressions to None, run_after=None
[2025-10-30T20:32:41.323+0000] {logging_mixin.py:188} INFO - [2025-10-30T20:32:41.323+0000] {dag.py:3954} INFO - Setting next_dagrun for consume_1_or_both_2_and_3_with_dataset_expressions to None, run_after=None
[2025-10-30T20:32:41.327+0000] {logging_mixin.py:188} INFO - [2025-10-30T20:32:41.327+0000] {dag.py:3954} INFO - Setting next_dagrun for dataset_consumes_1 to None, run_after=None
[2025-10-30T20:32:41.330+0000] {logging_mixin.py:188} INFO - [2025-10-30T20:32:41.329+0000] {dag.py:3954} INFO - Setting next_dagrun for dataset_consumes_1_and_2 to None, run_after=None
[2025-10-30T20:32:41.334+0000] {logging_mixin.py:188} INFO - [2025-10-30T20:32:41.334+0000] {dag.py:3954} INFO - Setting next_dagrun for dataset_consumes_1_never_scheduled to None, run_after=None
[2025-10-30T20:32:41.337+0000] {logging_mixin.py:188} INFO - [2025-10-30T20:32:41.337+0000] {dag.py:3954} INFO - Setting next_dagrun for dataset_consumes_unknown_never_scheduled to None, run_after=None
[2025-10-30T20:32:41.341+0000] {logging_mixin.py:188} INFO - [2025-10-30T20:32:41.341+0000] {dag.py:3954} INFO - Setting next_dagrun for dataset_produces_1 to 2025-10-29 00:00:00+00:00, run_after=2025-10-30 00:00:00+00:00
[2025-10-30T20:32:41.344+0000] {logging_mixin.py:188} INFO - [2025-10-30T20:32:41.344+0000] {dag.py:3954} INFO - Setting next_dagrun for dataset_produces_2 to None, run_after=None
[2025-10-30T20:32:41.409+0000] {processor.py:183} INFO - Processing /home/airflow/.local/lib/python3.12/site-packages/airflow/example_dags/example_datasets.py took 0.251 seconds
[2025-10-30T20:33:11.522+0000] {processor.py:161} INFO - Started process (PID=482) to work on /home/airflow/.local/lib/python3.12/site-packages/airflow/example_dags/example_datasets.py
[2025-10-30T20:33:11.523+0000] {processor.py:830} INFO - Processing file /home/airflow/.local/lib/python3.12/site-packages/airflow/example_dags/example_datasets.py for tasks to queue
[2025-10-30T20:33:11.526+0000] {logging_mixin.py:188} INFO - [2025-10-30T20:33:11.526+0000] {dagbag.py:545} INFO - Filling up the DagBag from /home/airflow/.local/lib/python3.12/site-packages/airflow/example_dags/example_datasets.py
[2025-10-30T20:33:11.548+0000] {processor.py:840} INFO - DAG(s) 'consume_1_or_both_2_and_3_with_dataset_expressions', 'conditional_dataset_and_time_based_timetable', 'consume_1_and_2_with_dataset_expressions', 'dataset_consumes_1', 'dataset_consumes_1_never_scheduled', 'dataset_produces_2', 'dataset_consumes_1_and_2', 'dataset_produces_1', 'dataset_consumes_unknown_never_scheduled', 'consume_1_or_2_with_dataset_expressions' retrieved from /home/airflow/.local/lib/python3.12/site-packages/airflow/example_dags/example_datasets.py
[2025-10-30T20:33:11.617+0000] {logging_mixin.py:188} INFO - [2025-10-30T20:33:11.617+0000] {dag.py:3096} INFO - Sync 10 DAGs
[2025-10-30T20:33:11.654+0000] {logging_mixin.py:188} INFO - [2025-10-30T20:33:11.654+0000] {dag.py:3954} INFO - Setting next_dagrun for conditional_dataset_and_time_based_timetable to 2025-10-29 01:00:00+00:00, run_after=2025-10-29 01:00:00+00:00
[2025-10-30T20:33:11.661+0000] {logging_mixin.py:188} INFO - [2025-10-30T20:33:11.660+0000] {dag.py:3954} INFO - Setting next_dagrun for consume_1_and_2_with_dataset_expressions to None, run_after=None
[2025-10-30T20:33:11.663+0000] {logging_mixin.py:188} INFO - [2025-10-30T20:33:11.663+0000] {dag.py:3954} INFO - Setting next_dagrun for consume_1_or_2_with_dataset_expressions to None, run_after=None
[2025-10-30T20:33:11.665+0000] {logging_mixin.py:188} INFO - [2025-10-30T20:33:11.665+0000] {dag.py:3954} INFO - Setting next_dagrun for consume_1_or_both_2_and_3_with_dataset_expressions to None, run_after=None
[2025-10-30T20:33:11.668+0000] {logging_mixin.py:188} INFO - [2025-10-30T20:33:11.667+0000] {dag.py:3954} INFO - Setting next_dagrun for dataset_consumes_1 to None, run_after=None
[2025-10-30T20:33:11.669+0000] {logging_mixin.py:188} INFO - [2025-10-30T20:33:11.669+0000] {dag.py:3954} INFO - Setting next_dagrun for dataset_consumes_1_and_2 to None, run_after=None
[2025-10-30T20:33:11.671+0000] {logging_mixin.py:188} INFO - [2025-10-30T20:33:11.671+0000] {dag.py:3954} INFO - Setting next_dagrun for dataset_consumes_1_never_scheduled to None, run_after=None
[2025-10-30T20:33:11.673+0000] {logging_mixin.py:188} INFO - [2025-10-30T20:33:11.673+0000] {dag.py:3954} INFO - Setting next_dagrun for dataset_consumes_unknown_never_scheduled to None, run_after=None
[2025-10-30T20:33:11.676+0000] {logging_mixin.py:188} INFO - [2025-10-30T20:33:11.676+0000] {dag.py:3954} INFO - Setting next_dagrun for dataset_produces_1 to 2025-10-29 00:00:00+00:00, run_after=2025-10-30 00:00:00+00:00
[2025-10-30T20:33:11.678+0000] {logging_mixin.py:188} INFO - [2025-10-30T20:33:11.677+0000] {dag.py:3954} INFO - Setting next_dagrun for dataset_produces_2 to None, run_after=None
[2025-10-30T20:33:11.722+0000] {processor.py:183} INFO - Processing /home/airflow/.local/lib/python3.12/site-packages/airflow/example_dags/example_datasets.py took 0.211 seconds
[2025-10-30T20:33:42.534+0000] {processor.py:161} INFO - Started process (PID=540) to work on /home/airflow/.local/lib/python3.12/site-packages/airflow/example_dags/example_datasets.py
[2025-10-30T20:33:42.538+0000] {processor.py:830} INFO - Processing file /home/airflow/.local/lib/python3.12/site-packages/airflow/example_dags/example_datasets.py for tasks to queue
[2025-10-30T20:33:42.541+0000] {logging_mixin.py:188} INFO - [2025-10-30T20:33:42.540+0000] {dagbag.py:545} INFO - Filling up the DagBag from /home/airflow/.local/lib/python3.12/site-packages/airflow/example_dags/example_datasets.py
[2025-10-30T20:33:42.563+0000] {processor.py:840} INFO - DAG(s) 'dataset_produces_2', 'dataset_produces_1', 'consume_1_or_2_with_dataset_expressions', 'dataset_consumes_unknown_never_scheduled', 'consume_1_and_2_with_dataset_expressions', 'dataset_consumes_1_never_scheduled', 'consume_1_or_both_2_and_3_with_dataset_expressions', 'dataset_consumes_1_and_2', 'dataset_consumes_1', 'conditional_dataset_and_time_based_timetable' retrieved from /home/airflow/.local/lib/python3.12/site-packages/airflow/example_dags/example_datasets.py
[2025-10-30T20:33:42.632+0000] {logging_mixin.py:188} INFO - [2025-10-30T20:33:42.632+0000] {dag.py:3096} INFO - Sync 10 DAGs
[2025-10-30T20:33:42.666+0000] {logging_mixin.py:188} INFO - [2025-10-30T20:33:42.666+0000] {dag.py:3954} INFO - Setting next_dagrun for conditional_dataset_and_time_based_timetable to 2025-10-29 01:00:00+00:00, run_after=2025-10-29 01:00:00+00:00
[2025-10-30T20:33:42.673+0000] {logging_mixin.py:188} INFO - [2025-10-30T20:33:42.672+0000] {dag.py:3954} INFO - Setting next_dagrun for consume_1_and_2_with_dataset_expressions to None, run_after=None
[2025-10-30T20:33:42.675+0000] {logging_mixin.py:188} INFO - [2025-10-30T20:33:42.675+0000] {dag.py:3954} INFO - Setting next_dagrun for consume_1_or_2_with_dataset_expressions to None, run_after=None
[2025-10-30T20:33:42.678+0000] {logging_mixin.py:188} INFO - [2025-10-30T20:33:42.677+0000] {dag.py:3954} INFO - Setting next_dagrun for consume_1_or_both_2_and_3_with_dataset_expressions to None, run_after=None
[2025-10-30T20:33:42.680+0000] {logging_mixin.py:188} INFO - [2025-10-30T20:33:42.680+0000] {dag.py:3954} INFO - Setting next_dagrun for dataset_consumes_1 to None, run_after=None
[2025-10-30T20:33:42.683+0000] {logging_mixin.py:188} INFO - [2025-10-30T20:33:42.682+0000] {dag.py:3954} INFO - Setting next_dagrun for dataset_consumes_1_and_2 to None, run_after=None
[2025-10-30T20:33:42.685+0000] {logging_mixin.py:188} INFO - [2025-10-30T20:33:42.685+0000] {dag.py:3954} INFO - Setting next_dagrun for dataset_consumes_1_never_scheduled to None, run_after=None
[2025-10-30T20:33:42.687+0000] {logging_mixin.py:188} INFO - [2025-10-30T20:33:42.687+0000] {dag.py:3954} INFO - Setting next_dagrun for dataset_consumes_unknown_never_scheduled to None, run_after=None
[2025-10-30T20:33:42.691+0000] {logging_mixin.py:188} INFO - [2025-10-30T20:33:42.691+0000] {dag.py:3954} INFO - Setting next_dagrun for dataset_produces_1 to 2025-10-29 00:00:00+00:00, run_after=2025-10-30 00:00:00+00:00
[2025-10-30T20:33:42.693+0000] {logging_mixin.py:188} INFO - [2025-10-30T20:33:42.692+0000] {dag.py:3954} INFO - Setting next_dagrun for dataset_produces_2 to None, run_after=None
[2025-10-30T20:33:42.737+0000] {processor.py:183} INFO - Processing /home/airflow/.local/lib/python3.12/site-packages/airflow/example_dags/example_datasets.py took 0.213 seconds
[2025-10-30T20:34:12.848+0000] {processor.py:161} INFO - Started process (PID=598) to work on /home/airflow/.local/lib/python3.12/site-packages/airflow/example_dags/example_datasets.py
[2025-10-30T20:34:12.852+0000] {processor.py:830} INFO - Processing file /home/airflow/.local/lib/python3.12/site-packages/airflow/example_dags/example_datasets.py for tasks to queue
[2025-10-30T20:34:12.855+0000] {logging_mixin.py:188} INFO - [2025-10-30T20:34:12.854+0000] {dagbag.py:545} INFO - Filling up the DagBag from /home/airflow/.local/lib/python3.12/site-packages/airflow/example_dags/example_datasets.py
[2025-10-30T20:34:12.878+0000] {processor.py:840} INFO - DAG(s) 'consume_1_or_2_with_dataset_expressions', 'dataset_consumes_1', 'dataset_consumes_1_and_2', 'conditional_dataset_and_time_based_timetable', 'dataset_consumes_unknown_never_scheduled', 'dataset_produces_1', 'dataset_consumes_1_never_scheduled', 'consume_1_or_both_2_and_3_with_dataset_expressions', 'consume_1_and_2_with_dataset_expressions', 'dataset_produces_2' retrieved from /home/airflow/.local/lib/python3.12/site-packages/airflow/example_dags/example_datasets.py
[2025-10-30T20:34:12.954+0000] {logging_mixin.py:188} INFO - [2025-10-30T20:34:12.954+0000] {dag.py:3096} INFO - Sync 10 DAGs
[2025-10-30T20:34:12.994+0000] {logging_mixin.py:188} INFO - [2025-10-30T20:34:12.994+0000] {dag.py:3954} INFO - Setting next_dagrun for conditional_dataset_and_time_based_timetable to 2025-10-29 01:00:00+00:00, run_after=2025-10-29 01:00:00+00:00
[2025-10-30T20:34:13.000+0000] {logging_mixin.py:188} INFO - [2025-10-30T20:34:12.999+0000] {dag.py:3954} INFO - Setting next_dagrun for consume_1_and_2_with_dataset_expressions to None, run_after=None
[2025-10-30T20:34:13.002+0000] {logging_mixin.py:188} INFO - [2025-10-30T20:34:13.002+0000] {dag.py:3954} INFO - Setting next_dagrun for consume_1_or_2_with_dataset_expressions to None, run_after=None
[2025-10-30T20:34:13.004+0000] {logging_mixin.py:188} INFO - [2025-10-30T20:34:13.004+0000] {dag.py:3954} INFO - Setting next_dagrun for consume_1_or_both_2_and_3_with_dataset_expressions to None, run_after=None
[2025-10-30T20:34:13.006+0000] {logging_mixin.py:188} INFO - [2025-10-30T20:34:13.006+0000] {dag.py:3954} INFO - Setting next_dagrun for dataset_consumes_1 to None, run_after=None
[2025-10-30T20:34:13.009+0000] {logging_mixin.py:188} INFO - [2025-10-30T20:34:13.008+0000] {dag.py:3954} INFO - Setting next_dagrun for dataset_consumes_1_and_2 to None, run_after=None
[2025-10-30T20:34:13.011+0000] {logging_mixin.py:188} INFO - [2025-10-30T20:34:13.011+0000] {dag.py:3954} INFO - Setting next_dagrun for dataset_consumes_1_never_scheduled to None, run_after=None
[2025-10-30T20:34:13.013+0000] {logging_mixin.py:188} INFO - [2025-10-30T20:34:13.012+0000] {dag.py:3954} INFO - Setting next_dagrun for dataset_consumes_unknown_never_scheduled to None, run_after=None
[2025-10-30T20:34:13.016+0000] {logging_mixin.py:188} INFO - [2025-10-30T20:34:13.016+0000] {dag.py:3954} INFO - Setting next_dagrun for dataset_produces_1 to 2025-10-29 00:00:00+00:00, run_after=2025-10-30 00:00:00+00:00
[2025-10-30T20:34:13.018+0000] {logging_mixin.py:188} INFO - [2025-10-30T20:34:13.018+0000] {dag.py:3954} INFO - Setting next_dagrun for dataset_produces_2 to None, run_after=None
[2025-10-30T20:34:13.064+0000] {processor.py:183} INFO - Processing /home/airflow/.local/lib/python3.12/site-packages/airflow/example_dags/example_datasets.py took 0.225 seconds
[2025-10-30T20:34:43.517+0000] {processor.py:161} INFO - Started process (PID=656) to work on /home/airflow/.local/lib/python3.12/site-packages/airflow/example_dags/example_datasets.py
[2025-10-30T20:34:43.518+0000] {processor.py:830} INFO - Processing file /home/airflow/.local/lib/python3.12/site-packages/airflow/example_dags/example_datasets.py for tasks to queue
[2025-10-30T20:34:43.521+0000] {logging_mixin.py:188} INFO - [2025-10-30T20:34:43.520+0000] {dagbag.py:545} INFO - Filling up the DagBag from /home/airflow/.local/lib/python3.12/site-packages/airflow/example_dags/example_datasets.py
[2025-10-30T20:34:43.540+0000] {processor.py:840} INFO - DAG(s) 'conditional_dataset_and_time_based_timetable', 'dataset_consumes_1_and_2', 'consume_1_or_2_with_dataset_expressions', 'consume_1_and_2_with_dataset_expressions', 'consume_1_or_both_2_and_3_with_dataset_expressions', 'dataset_consumes_1', 'dataset_consumes_1_never_scheduled', 'dataset_produces_2', 'dataset_produces_1', 'dataset_consumes_unknown_never_scheduled' retrieved from /home/airflow/.local/lib/python3.12/site-packages/airflow/example_dags/example_datasets.py
[2025-10-30T20:34:43.603+0000] {logging_mixin.py:188} INFO - [2025-10-30T20:34:43.603+0000] {dag.py:3096} INFO - Sync 10 DAGs
[2025-10-30T20:34:43.634+0000] {logging_mixin.py:188} INFO - [2025-10-30T20:34:43.634+0000] {dag.py:3954} INFO - Setting next_dagrun for conditional_dataset_and_time_based_timetable to 2025-10-29 01:00:00+00:00, run_after=2025-10-29 01:00:00+00:00
[2025-10-30T20:34:43.639+0000] {logging_mixin.py:188} INFO - [2025-10-30T20:34:43.639+0000] {dag.py:3954} INFO - Setting next_dagrun for consume_1_and_2_with_dataset_expressions to None, run_after=None
[2025-10-30T20:34:43.641+0000] {logging_mixin.py:188} INFO - [2025-10-30T20:34:43.641+0000] {dag.py:3954} INFO - Setting next_dagrun for consume_1_or_2_with_dataset_expressions to None, run_after=None
[2025-10-30T20:34:43.642+0000] {logging_mixin.py:188} INFO - [2025-10-30T20:34:43.642+0000] {dag.py:3954} INFO - Setting next_dagrun for consume_1_or_both_2_and_3_with_dataset_expressions to None, run_after=None
[2025-10-30T20:34:43.644+0000] {logging_mixin.py:188} INFO - [2025-10-30T20:34:43.644+0000] {dag.py:3954} INFO - Setting next_dagrun for dataset_consumes_1 to None, run_after=None
[2025-10-30T20:34:43.646+0000] {logging_mixin.py:188} INFO - [2025-10-30T20:34:43.645+0000] {dag.py:3954} INFO - Setting next_dagrun for dataset_consumes_1_and_2 to None, run_after=None
[2025-10-30T20:34:43.647+0000] {logging_mixin.py:188} INFO - [2025-10-30T20:34:43.647+0000] {dag.py:3954} INFO - Setting next_dagrun for dataset_consumes_1_never_scheduled to None, run_after=None
[2025-10-30T20:34:43.649+0000] {logging_mixin.py:188} INFO - [2025-10-30T20:34:43.649+0000] {dag.py:3954} INFO - Setting next_dagrun for dataset_consumes_unknown_never_scheduled to None, run_after=None
[2025-10-30T20:34:43.652+0000] {logging_mixin.py:188} INFO - [2025-10-30T20:34:43.652+0000] {dag.py:3954} INFO - Setting next_dagrun for dataset_produces_1 to 2025-10-29 00:00:00+00:00, run_after=2025-10-30 00:00:00+00:00
[2025-10-30T20:34:43.654+0000] {logging_mixin.py:188} INFO - [2025-10-30T20:34:43.654+0000] {dag.py:3954} INFO - Setting next_dagrun for dataset_produces_2 to None, run_after=None
[2025-10-30T20:34:43.696+0000] {processor.py:183} INFO - Processing /home/airflow/.local/lib/python3.12/site-packages/airflow/example_dags/example_datasets.py took 0.188 seconds
[2025-10-30T20:35:14.056+0000] {processor.py:161} INFO - Started process (PID=714) to work on /home/airflow/.local/lib/python3.12/site-packages/airflow/example_dags/example_datasets.py
[2025-10-30T20:35:14.057+0000] {processor.py:830} INFO - Processing file /home/airflow/.local/lib/python3.12/site-packages/airflow/example_dags/example_datasets.py for tasks to queue
[2025-10-30T20:35:14.059+0000] {logging_mixin.py:188} INFO - [2025-10-30T20:35:14.059+0000] {dagbag.py:545} INFO - Filling up the DagBag from /home/airflow/.local/lib/python3.12/site-packages/airflow/example_dags/example_datasets.py
[2025-10-30T20:35:14.076+0000] {processor.py:840} INFO - DAG(s) 'dataset_consumes_1', 'conditional_dataset_and_time_based_timetable', 'consume_1_or_both_2_and_3_with_dataset_expressions', 'dataset_produces_2', 'dataset_consumes_1_and_2', 'dataset_produces_1', 'dataset_consumes_1_never_scheduled', 'consume_1_or_2_with_dataset_expressions', 'consume_1_and_2_with_dataset_expressions', 'dataset_consumes_unknown_never_scheduled' retrieved from /home/airflow/.local/lib/python3.12/site-packages/airflow/example_dags/example_datasets.py
[2025-10-30T20:35:14.145+0000] {logging_mixin.py:188} INFO - [2025-10-30T20:35:14.145+0000] {dag.py:3096} INFO - Sync 10 DAGs
[2025-10-30T20:35:14.181+0000] {logging_mixin.py:188} INFO - [2025-10-30T20:35:14.181+0000] {dag.py:3954} INFO - Setting next_dagrun for conditional_dataset_and_time_based_timetable to 2025-10-29 01:00:00+00:00, run_after=2025-10-29 01:00:00+00:00
[2025-10-30T20:35:14.186+0000] {logging_mixin.py:188} INFO - [2025-10-30T20:35:14.185+0000] {dag.py:3954} INFO - Setting next_dagrun for consume_1_and_2_with_dataset_expressions to None, run_after=None
[2025-10-30T20:35:14.187+0000] {logging_mixin.py:188} INFO - [2025-10-30T20:35:14.187+0000] {dag.py:3954} INFO - Setting next_dagrun for consume_1_or_2_with_dataset_expressions to None, run_after=None
[2025-10-30T20:35:14.189+0000] {logging_mixin.py:188} INFO - [2025-10-30T20:35:14.189+0000] {dag.py:3954} INFO - Setting next_dagrun for consume_1_or_both_2_and_3_with_dataset_expressions to None, run_after=None
[2025-10-30T20:35:14.191+0000] {logging_mixin.py:188} INFO - [2025-10-30T20:35:14.190+0000] {dag.py:3954} INFO - Setting next_dagrun for dataset_consumes_1 to None, run_after=None
[2025-10-30T20:35:14.192+0000] {logging_mixin.py:188} INFO - [2025-10-30T20:35:14.192+0000] {dag.py:3954} INFO - Setting next_dagrun for dataset_consumes_1_and_2 to None, run_after=None
[2025-10-30T20:35:14.194+0000] {logging_mixin.py:188} INFO - [2025-10-30T20:35:14.194+0000] {dag.py:3954} INFO - Setting next_dagrun for dataset_consumes_1_never_scheduled to None, run_after=None
[2025-10-30T20:35:14.197+0000] {logging_mixin.py:188} INFO - [2025-10-30T20:35:14.197+0000] {dag.py:3954} INFO - Setting next_dagrun for dataset_consumes_unknown_never_scheduled to None, run_after=None
[2025-10-30T20:35:14.200+0000] {logging_mixin.py:188} INFO - [2025-10-30T20:35:14.200+0000] {dag.py:3954} INFO - Setting next_dagrun for dataset_produces_1 to 2025-10-29 00:00:00+00:00, run_after=2025-10-30 00:00:00+00:00
[2025-10-30T20:35:14.202+0000] {logging_mixin.py:188} INFO - [2025-10-30T20:35:14.202+0000] {dag.py:3954} INFO - Setting next_dagrun for dataset_produces_2 to None, run_after=None
[2025-10-30T20:35:14.242+0000] {processor.py:183} INFO - Processing /home/airflow/.local/lib/python3.12/site-packages/airflow/example_dags/example_datasets.py took 0.194 seconds
[2025-10-30T20:35:44.583+0000] {processor.py:161} INFO - Started process (PID=772) to work on /home/airflow/.local/lib/python3.12/site-packages/airflow/example_dags/example_datasets.py
[2025-10-30T20:35:44.584+0000] {processor.py:830} INFO - Processing file /home/airflow/.local/lib/python3.12/site-packages/airflow/example_dags/example_datasets.py for tasks to queue
[2025-10-30T20:35:44.586+0000] {logging_mixin.py:188} INFO - [2025-10-30T20:35:44.586+0000] {dagbag.py:545} INFO - Filling up the DagBag from /home/airflow/.local/lib/python3.12/site-packages/airflow/example_dags/example_datasets.py
[2025-10-30T20:35:44.604+0000] {processor.py:840} INFO - DAG(s) 'consume_1_or_both_2_and_3_with_dataset_expressions', 'dataset_produces_2', 'dataset_consumes_1_never_scheduled', 'dataset_produces_1', 'dataset_consumes_unknown_never_scheduled', 'dataset_consumes_1_and_2', 'dataset_consumes_1', 'consume_1_or_2_with_dataset_expressions', 'consume_1_and_2_with_dataset_expressions', 'conditional_dataset_and_time_based_timetable' retrieved from /home/airflow/.local/lib/python3.12/site-packages/airflow/example_dags/example_datasets.py
[2025-10-30T20:35:44.666+0000] {logging_mixin.py:188} INFO - [2025-10-30T20:35:44.666+0000] {dag.py:3096} INFO - Sync 10 DAGs
[2025-10-30T20:35:44.702+0000] {logging_mixin.py:188} INFO - [2025-10-30T20:35:44.702+0000] {dag.py:3954} INFO - Setting next_dagrun for conditional_dataset_and_time_based_timetable to 2025-10-29 01:00:00+00:00, run_after=2025-10-29 01:00:00+00:00
[2025-10-30T20:35:44.708+0000] {logging_mixin.py:188} INFO - [2025-10-30T20:35:44.707+0000] {dag.py:3954} INFO - Setting next_dagrun for consume_1_and_2_with_dataset_expressions to None, run_after=None
[2025-10-30T20:35:44.710+0000] {logging_mixin.py:188} INFO - [2025-10-30T20:35:44.709+0000] {dag.py:3954} INFO - Setting next_dagrun for consume_1_or_2_with_dataset_expressions to None, run_after=None
[2025-10-30T20:35:44.712+0000] {logging_mixin.py:188} INFO - [2025-10-30T20:35:44.711+0000] {dag.py:3954} INFO - Setting next_dagrun for consume_1_or_both_2_and_3_with_dataset_expressions to None, run_after=None
[2025-10-30T20:35:44.715+0000] {logging_mixin.py:188} INFO - [2025-10-30T20:35:44.715+0000] {dag.py:3954} INFO - Setting next_dagrun for dataset_consumes_1 to None, run_after=None
[2025-10-30T20:35:44.717+0000] {logging_mixin.py:188} INFO - [2025-10-30T20:35:44.717+0000] {dag.py:3954} INFO - Setting next_dagrun for dataset_consumes_1_and_2 to None, run_after=None
[2025-10-30T20:35:44.719+0000] {logging_mixin.py:188} INFO - [2025-10-30T20:35:44.719+0000] {dag.py:3954} INFO - Setting next_dagrun for dataset_consumes_1_never_scheduled to None, run_after=None
[2025-10-30T20:35:44.721+0000] {logging_mixin.py:188} INFO - [2025-10-30T20:35:44.721+0000] {dag.py:3954} INFO - Setting next_dagrun for dataset_consumes_unknown_never_scheduled to None, run_after=None
[2025-10-30T20:35:44.724+0000] {logging_mixin.py:188} INFO - [2025-10-30T20:35:44.724+0000] {dag.py:3954} INFO - Setting next_dagrun for dataset_produces_1 to 2025-10-29 00:00:00+00:00, run_after=2025-10-30 00:00:00+00:00
[2025-10-30T20:35:44.726+0000] {logging_mixin.py:188} INFO - [2025-10-30T20:35:44.726+0000] {dag.py:3954} INFO - Setting next_dagrun for dataset_produces_2 to None, run_after=None
[2025-10-30T20:35:44.772+0000] {processor.py:183} INFO - Processing /home/airflow/.local/lib/python3.12/site-packages/airflow/example_dags/example_datasets.py took 0.199 seconds
[2025-10-30T20:36:15.008+0000] {processor.py:161} INFO - Started process (PID=830) to work on /home/airflow/.local/lib/python3.12/site-packages/airflow/example_dags/example_datasets.py
[2025-10-30T20:36:15.010+0000] {processor.py:830} INFO - Processing file /home/airflow/.local/lib/python3.12/site-packages/airflow/example_dags/example_datasets.py for tasks to queue
[2025-10-30T20:36:15.013+0000] {logging_mixin.py:188} INFO - [2025-10-30T20:36:15.013+0000] {dagbag.py:545} INFO - Filling up the DagBag from /home/airflow/.local/lib/python3.12/site-packages/airflow/example_dags/example_datasets.py
[2025-10-30T20:36:15.048+0000] {processor.py:840} INFO - DAG(s) 'dataset_consumes_1_never_scheduled', 'dataset_produces_2', 'dataset_consumes_unknown_never_scheduled', 'conditional_dataset_and_time_based_timetable', 'consume_1_and_2_with_dataset_expressions', 'dataset_produces_1', 'consume_1_or_both_2_and_3_with_dataset_expressions', 'dataset_consumes_1_and_2', 'consume_1_or_2_with_dataset_expressions', 'dataset_consumes_1' retrieved from /home/airflow/.local/lib/python3.12/site-packages/airflow/example_dags/example_datasets.py
[2025-10-30T20:36:15.129+0000] {logging_mixin.py:188} INFO - [2025-10-30T20:36:15.128+0000] {dag.py:3096} INFO - Sync 10 DAGs
[2025-10-30T20:36:15.170+0000] {logging_mixin.py:188} INFO - [2025-10-30T20:36:15.169+0000] {dag.py:3954} INFO - Setting next_dagrun for conditional_dataset_and_time_based_timetable to 2025-10-29 01:00:00+00:00, run_after=2025-10-29 01:00:00+00:00
[2025-10-30T20:36:15.177+0000] {logging_mixin.py:188} INFO - [2025-10-30T20:36:15.176+0000] {dag.py:3954} INFO - Setting next_dagrun for consume_1_and_2_with_dataset_expressions to None, run_after=None
[2025-10-30T20:36:15.179+0000] {logging_mixin.py:188} INFO - [2025-10-30T20:36:15.179+0000] {dag.py:3954} INFO - Setting next_dagrun for consume_1_or_2_with_dataset_expressions to None, run_after=None
[2025-10-30T20:36:15.182+0000] {logging_mixin.py:188} INFO - [2025-10-30T20:36:15.181+0000] {dag.py:3954} INFO - Setting next_dagrun for consume_1_or_both_2_and_3_with_dataset_expressions to None, run_after=None
[2025-10-30T20:36:15.183+0000] {logging_mixin.py:188} INFO - [2025-10-30T20:36:15.183+0000] {dag.py:3954} INFO - Setting next_dagrun for dataset_consumes_1 to None, run_after=None
[2025-10-30T20:36:15.185+0000] {logging_mixin.py:188} INFO - [2025-10-30T20:36:15.185+0000] {dag.py:3954} INFO - Setting next_dagrun for dataset_consumes_1_and_2 to None, run_after=None
[2025-10-30T20:36:15.187+0000] {logging_mixin.py:188} INFO - [2025-10-30T20:36:15.187+0000] {dag.py:3954} INFO - Setting next_dagrun for dataset_consumes_1_never_scheduled to None, run_after=None
[2025-10-30T20:36:15.190+0000] {logging_mixin.py:188} INFO - [2025-10-30T20:36:15.190+0000] {dag.py:3954} INFO - Setting next_dagrun for dataset_consumes_unknown_never_scheduled to None, run_after=None
[2025-10-30T20:36:15.193+0000] {logging_mixin.py:188} INFO - [2025-10-30T20:36:15.193+0000] {dag.py:3954} INFO - Setting next_dagrun for dataset_produces_1 to 2025-10-29 00:00:00+00:00, run_after=2025-10-30 00:00:00+00:00
[2025-10-30T20:36:15.195+0000] {logging_mixin.py:188} INFO - [2025-10-30T20:36:15.195+0000] {dag.py:3954} INFO - Setting next_dagrun for dataset_produces_2 to None, run_after=None
[2025-10-30T20:36:15.240+0000] {processor.py:183} INFO - Processing /home/airflow/.local/lib/python3.12/site-packages/airflow/example_dags/example_datasets.py took 0.244 seconds
[2025-10-30T20:36:45.607+0000] {processor.py:161} INFO - Started process (PID=888) to work on /home/airflow/.local/lib/python3.12/site-packages/airflow/example_dags/example_datasets.py
[2025-10-30T20:36:45.610+0000] {processor.py:830} INFO - Processing file /home/airflow/.local/lib/python3.12/site-packages/airflow/example_dags/example_datasets.py for tasks to queue
[2025-10-30T20:36:45.613+0000] {logging_mixin.py:188} INFO - [2025-10-30T20:36:45.612+0000] {dagbag.py:545} INFO - Filling up the DagBag from /home/airflow/.local/lib/python3.12/site-packages/airflow/example_dags/example_datasets.py
[2025-10-30T20:36:45.632+0000] {processor.py:840} INFO - DAG(s) 'consume_1_or_both_2_and_3_with_dataset_expressions', 'dataset_consumes_1_and_2', 'consume_1_and_2_with_dataset_expressions', 'dataset_consumes_unknown_never_scheduled', 'dataset_consumes_1_never_scheduled', 'conditional_dataset_and_time_based_timetable', 'dataset_produces_1', 'dataset_produces_2', 'dataset_consumes_1', 'consume_1_or_2_with_dataset_expressions' retrieved from /home/airflow/.local/lib/python3.12/site-packages/airflow/example_dags/example_datasets.py
[2025-10-30T20:36:45.700+0000] {logging_mixin.py:188} INFO - [2025-10-30T20:36:45.700+0000] {dag.py:3096} INFO - Sync 10 DAGs
[2025-10-30T20:36:45.732+0000] {logging_mixin.py:188} INFO - [2025-10-30T20:36:45.732+0000] {dag.py:3954} INFO - Setting next_dagrun for conditional_dataset_and_time_based_timetable to 2025-10-29 01:00:00+00:00, run_after=2025-10-29 01:00:00+00:00
[2025-10-30T20:36:45.738+0000] {logging_mixin.py:188} INFO - [2025-10-30T20:36:45.737+0000] {dag.py:3954} INFO - Setting next_dagrun for consume_1_and_2_with_dataset_expressions to None, run_after=None
[2025-10-30T20:36:45.740+0000] {logging_mixin.py:188} INFO - [2025-10-30T20:36:45.740+0000] {dag.py:3954} INFO - Setting next_dagrun for consume_1_or_2_with_dataset_expressions to None, run_after=None
[2025-10-30T20:36:45.742+0000] {logging_mixin.py:188} INFO - [2025-10-30T20:36:45.742+0000] {dag.py:3954} INFO - Setting next_dagrun for consume_1_or_both_2_and_3_with_dataset_expressions to None, run_after=None
[2025-10-30T20:36:45.744+0000] {logging_mixin.py:188} INFO - [2025-10-30T20:36:45.744+0000] {dag.py:3954} INFO - Setting next_dagrun for dataset_consumes_1 to None, run_after=None
[2025-10-30T20:36:45.746+0000] {logging_mixin.py:188} INFO - [2025-10-30T20:36:45.745+0000] {dag.py:3954} INFO - Setting next_dagrun for dataset_consumes_1_and_2 to None, run_after=None
[2025-10-30T20:36:45.747+0000] {logging_mixin.py:188} INFO - [2025-10-30T20:36:45.747+0000] {dag.py:3954} INFO - Setting next_dagrun for dataset_consumes_1_never_scheduled to None, run_after=None
[2025-10-30T20:36:45.749+0000] {logging_mixin.py:188} INFO - [2025-10-30T20:36:45.749+0000] {dag.py:3954} INFO - Setting next_dagrun for dataset_consumes_unknown_never_scheduled to None, run_after=None
[2025-10-30T20:36:45.753+0000] {logging_mixin.py:188} INFO - [2025-10-30T20:36:45.753+0000] {dag.py:3954} INFO - Setting next_dagrun for dataset_produces_1 to 2025-10-29 00:00:00+00:00, run_after=2025-10-30 00:00:00+00:00
[2025-10-30T20:36:45.755+0000] {logging_mixin.py:188} INFO - [2025-10-30T20:36:45.755+0000] {dag.py:3954} INFO - Setting next_dagrun for dataset_produces_2 to None, run_after=None
[2025-10-30T20:36:45.798+0000] {processor.py:183} INFO - Processing /home/airflow/.local/lib/python3.12/site-packages/airflow/example_dags/example_datasets.py took 0.200 seconds
[2025-10-30T20:37:15.869+0000] {processor.py:161} INFO - Started process (PID=946) to work on /home/airflow/.local/lib/python3.12/site-packages/airflow/example_dags/example_datasets.py
[2025-10-30T20:37:15.872+0000] {processor.py:830} INFO - Processing file /home/airflow/.local/lib/python3.12/site-packages/airflow/example_dags/example_datasets.py for tasks to queue
[2025-10-30T20:37:15.875+0000] {logging_mixin.py:188} INFO - [2025-10-30T20:37:15.875+0000] {dagbag.py:545} INFO - Filling up the DagBag from /home/airflow/.local/lib/python3.12/site-packages/airflow/example_dags/example_datasets.py
[2025-10-30T20:37:15.902+0000] {processor.py:840} INFO - DAG(s) 'consume_1_and_2_with_dataset_expressions', 'consume_1_or_both_2_and_3_with_dataset_expressions', 'dataset_produces_1', 'dataset_consumes_unknown_never_scheduled', 'conditional_dataset_and_time_based_timetable', 'dataset_produces_2', 'dataset_consumes_1', 'dataset_consumes_1_never_scheduled', 'dataset_consumes_1_and_2', 'consume_1_or_2_with_dataset_expressions' retrieved from /home/airflow/.local/lib/python3.12/site-packages/airflow/example_dags/example_datasets.py
[2025-10-30T20:37:15.998+0000] {logging_mixin.py:188} INFO - [2025-10-30T20:37:15.998+0000] {dag.py:3096} INFO - Sync 10 DAGs
[2025-10-30T20:37:16.040+0000] {logging_mixin.py:188} INFO - [2025-10-30T20:37:16.040+0000] {dag.py:3954} INFO - Setting next_dagrun for conditional_dataset_and_time_based_timetable to 2025-10-29 01:00:00+00:00, run_after=2025-10-29 01:00:00+00:00
[2025-10-30T20:37:16.045+0000] {logging_mixin.py:188} INFO - [2025-10-30T20:37:16.045+0000] {dag.py:3954} INFO - Setting next_dagrun for consume_1_and_2_with_dataset_expressions to None, run_after=None
[2025-10-30T20:37:16.047+0000] {logging_mixin.py:188} INFO - [2025-10-30T20:37:16.046+0000] {dag.py:3954} INFO - Setting next_dagrun for consume_1_or_2_with_dataset_expressions to None, run_after=None
[2025-10-30T20:37:16.048+0000] {logging_mixin.py:188} INFO - [2025-10-30T20:37:16.048+0000] {dag.py:3954} INFO - Setting next_dagrun for consume_1_or_both_2_and_3_with_dataset_expressions to None, run_after=None
[2025-10-30T20:37:16.050+0000] {logging_mixin.py:188} INFO - [2025-10-30T20:37:16.050+0000] {dag.py:3954} INFO - Setting next_dagrun for dataset_consumes_1 to None, run_after=None
[2025-10-30T20:37:16.051+0000] {logging_mixin.py:188} INFO - [2025-10-30T20:37:16.051+0000] {dag.py:3954} INFO - Setting next_dagrun for dataset_consumes_1_and_2 to None, run_after=None
[2025-10-30T20:37:16.053+0000] {logging_mixin.py:188} INFO - [2025-10-30T20:37:16.053+0000] {dag.py:3954} INFO - Setting next_dagrun for dataset_consumes_1_never_scheduled to None, run_after=None
[2025-10-30T20:37:16.055+0000] {logging_mixin.py:188} INFO - [2025-10-30T20:37:16.054+0000] {dag.py:3954} INFO - Setting next_dagrun for dataset_consumes_unknown_never_scheduled to None, run_after=None
[2025-10-30T20:37:16.058+0000] {logging_mixin.py:188} INFO - [2025-10-30T20:37:16.057+0000] {dag.py:3954} INFO - Setting next_dagrun for dataset_produces_1 to 2025-10-29 00:00:00+00:00, run_after=2025-10-30 00:00:00+00:00
[2025-10-30T20:37:16.059+0000] {logging_mixin.py:188} INFO - [2025-10-30T20:37:16.059+0000] {dag.py:3954} INFO - Setting next_dagrun for dataset_produces_2 to None, run_after=None
[2025-10-30T20:37:16.097+0000] {processor.py:183} INFO - Processing /home/airflow/.local/lib/python3.12/site-packages/airflow/example_dags/example_datasets.py took 0.238 seconds
[2025-10-30T20:37:46.333+0000] {processor.py:161} INFO - Started process (PID=1004) to work on /home/airflow/.local/lib/python3.12/site-packages/airflow/example_dags/example_datasets.py
[2025-10-30T20:37:46.336+0000] {processor.py:830} INFO - Processing file /home/airflow/.local/lib/python3.12/site-packages/airflow/example_dags/example_datasets.py for tasks to queue
[2025-10-30T20:37:46.339+0000] {logging_mixin.py:188} INFO - [2025-10-30T20:37:46.339+0000] {dagbag.py:545} INFO - Filling up the DagBag from /home/airflow/.local/lib/python3.12/site-packages/airflow/example_dags/example_datasets.py
[2025-10-30T20:37:46.364+0000] {processor.py:840} INFO - DAG(s) 'conditional_dataset_and_time_based_timetable', 'dataset_consumes_1', 'dataset_consumes_unknown_never_scheduled', 'dataset_consumes_1_never_scheduled', 'dataset_produces_1', 'dataset_consumes_1_and_2', 'consume_1_or_2_with_dataset_expressions', 'consume_1_or_both_2_and_3_with_dataset_expressions', 'dataset_produces_2', 'consume_1_and_2_with_dataset_expressions' retrieved from /home/airflow/.local/lib/python3.12/site-packages/airflow/example_dags/example_datasets.py
[2025-10-30T20:37:46.430+0000] {logging_mixin.py:188} INFO - [2025-10-30T20:37:46.429+0000] {dag.py:3096} INFO - Sync 10 DAGs
[2025-10-30T20:37:46.466+0000] {logging_mixin.py:188} INFO - [2025-10-30T20:37:46.466+0000] {dag.py:3954} INFO - Setting next_dagrun for conditional_dataset_and_time_based_timetable to 2025-10-29 01:00:00+00:00, run_after=2025-10-29 01:00:00+00:00
[2025-10-30T20:37:46.471+0000] {logging_mixin.py:188} INFO - [2025-10-30T20:37:46.470+0000] {dag.py:3954} INFO - Setting next_dagrun for consume_1_and_2_with_dataset_expressions to None, run_after=None
[2025-10-30T20:37:46.472+0000] {logging_mixin.py:188} INFO - [2025-10-30T20:37:46.472+0000] {dag.py:3954} INFO - Setting next_dagrun for consume_1_or_2_with_dataset_expressions to None, run_after=None
[2025-10-30T20:37:46.474+0000] {logging_mixin.py:188} INFO - [2025-10-30T20:37:46.474+0000] {dag.py:3954} INFO - Setting next_dagrun for consume_1_or_both_2_and_3_with_dataset_expressions to None, run_after=None
[2025-10-30T20:37:46.476+0000] {logging_mixin.py:188} INFO - [2025-10-30T20:37:46.475+0000] {dag.py:3954} INFO - Setting next_dagrun for dataset_consumes_1 to None, run_after=None
[2025-10-30T20:37:46.477+0000] {logging_mixin.py:188} INFO - [2025-10-30T20:37:46.477+0000] {dag.py:3954} INFO - Setting next_dagrun for dataset_consumes_1_and_2 to None, run_after=None
[2025-10-30T20:37:46.479+0000] {logging_mixin.py:188} INFO - [2025-10-30T20:37:46.478+0000] {dag.py:3954} INFO - Setting next_dagrun for dataset_consumes_1_never_scheduled to None, run_after=None
[2025-10-30T20:37:46.481+0000] {logging_mixin.py:188} INFO - [2025-10-30T20:37:46.480+0000] {dag.py:3954} INFO - Setting next_dagrun for dataset_consumes_unknown_never_scheduled to None, run_after=None
[2025-10-30T20:37:46.484+0000] {logging_mixin.py:188} INFO - [2025-10-30T20:37:46.484+0000] {dag.py:3954} INFO - Setting next_dagrun for dataset_produces_1 to 2025-10-29 00:00:00+00:00, run_after=2025-10-30 00:00:00+00:00
[2025-10-30T20:37:46.486+0000] {logging_mixin.py:188} INFO - [2025-10-30T20:37:46.485+0000] {dag.py:3954} INFO - Setting next_dagrun for dataset_produces_2 to None, run_after=None
[2025-10-30T20:37:46.527+0000] {processor.py:183} INFO - Processing /home/airflow/.local/lib/python3.12/site-packages/airflow/example_dags/example_datasets.py took 0.202 seconds
[2025-10-30T20:38:16.669+0000] {processor.py:161} INFO - Started process (PID=1062) to work on /home/airflow/.local/lib/python3.12/site-packages/airflow/example_dags/example_datasets.py
[2025-10-30T20:38:16.671+0000] {processor.py:830} INFO - Processing file /home/airflow/.local/lib/python3.12/site-packages/airflow/example_dags/example_datasets.py for tasks to queue
[2025-10-30T20:38:16.673+0000] {logging_mixin.py:188} INFO - [2025-10-30T20:38:16.673+0000] {dagbag.py:545} INFO - Filling up the DagBag from /home/airflow/.local/lib/python3.12/site-packages/airflow/example_dags/example_datasets.py
[2025-10-30T20:38:16.690+0000] {processor.py:840} INFO - DAG(s) 'dataset_consumes_1_and_2', 'dataset_produces_2', 'consume_1_or_both_2_and_3_with_dataset_expressions', 'consume_1_and_2_with_dataset_expressions', 'dataset_consumes_1', 'dataset_produces_1', 'dataset_consumes_1_never_scheduled', 'conditional_dataset_and_time_based_timetable', 'dataset_consumes_unknown_never_scheduled', 'consume_1_or_2_with_dataset_expressions' retrieved from /home/airflow/.local/lib/python3.12/site-packages/airflow/example_dags/example_datasets.py
[2025-10-30T20:38:16.754+0000] {logging_mixin.py:188} INFO - [2025-10-30T20:38:16.753+0000] {dag.py:3096} INFO - Sync 10 DAGs
[2025-10-30T20:38:16.784+0000] {logging_mixin.py:188} INFO - [2025-10-30T20:38:16.783+0000] {dag.py:3954} INFO - Setting next_dagrun for conditional_dataset_and_time_based_timetable to 2025-10-29 01:00:00+00:00, run_after=2025-10-29 01:00:00+00:00
[2025-10-30T20:38:16.789+0000] {logging_mixin.py:188} INFO - [2025-10-30T20:38:16.788+0000] {dag.py:3954} INFO - Setting next_dagrun for consume_1_and_2_with_dataset_expressions to None, run_after=None
[2025-10-30T20:38:16.790+0000] {logging_mixin.py:188} INFO - [2025-10-30T20:38:16.790+0000] {dag.py:3954} INFO - Setting next_dagrun for consume_1_or_2_with_dataset_expressions to None, run_after=None
[2025-10-30T20:38:16.792+0000] {logging_mixin.py:188} INFO - [2025-10-30T20:38:16.792+0000] {dag.py:3954} INFO - Setting next_dagrun for consume_1_or_both_2_and_3_with_dataset_expressions to None, run_after=None
[2025-10-30T20:38:16.794+0000] {logging_mixin.py:188} INFO - [2025-10-30T20:38:16.794+0000] {dag.py:3954} INFO - Setting next_dagrun for dataset_consumes_1 to None, run_after=None
[2025-10-30T20:38:16.797+0000] {logging_mixin.py:188} INFO - [2025-10-30T20:38:16.797+0000] {dag.py:3954} INFO - Setting next_dagrun for dataset_consumes_1_and_2 to None, run_after=None
[2025-10-30T20:38:16.800+0000] {logging_mixin.py:188} INFO - [2025-10-30T20:38:16.799+0000] {dag.py:3954} INFO - Setting next_dagrun for dataset_consumes_1_never_scheduled to None, run_after=None
[2025-10-30T20:38:16.801+0000] {logging_mixin.py:188} INFO - [2025-10-30T20:38:16.801+0000] {dag.py:3954} INFO - Setting next_dagrun for dataset_consumes_unknown_never_scheduled to None, run_after=None
[2025-10-30T20:38:16.805+0000] {logging_mixin.py:188} INFO - [2025-10-30T20:38:16.804+0000] {dag.py:3954} INFO - Setting next_dagrun for dataset_produces_1 to 2025-10-29 00:00:00+00:00, run_after=2025-10-30 00:00:00+00:00
[2025-10-30T20:38:16.806+0000] {logging_mixin.py:188} INFO - [2025-10-30T20:38:16.806+0000] {dag.py:3954} INFO - Setting next_dagrun for dataset_produces_2 to None, run_after=None
[2025-10-30T20:38:16.855+0000] {processor.py:183} INFO - Processing /home/airflow/.local/lib/python3.12/site-packages/airflow/example_dags/example_datasets.py took 0.193 seconds
[2025-10-30T20:38:46.964+0000] {processor.py:161} INFO - Started process (PID=1119) to work on /home/airflow/.local/lib/python3.12/site-packages/airflow/example_dags/example_datasets.py
[2025-10-30T20:38:46.967+0000] {processor.py:830} INFO - Processing file /home/airflow/.local/lib/python3.12/site-packages/airflow/example_dags/example_datasets.py for tasks to queue
[2025-10-30T20:38:46.969+0000] {logging_mixin.py:188} INFO - [2025-10-30T20:38:46.969+0000] {dagbag.py:545} INFO - Filling up the DagBag from /home/airflow/.local/lib/python3.12/site-packages/airflow/example_dags/example_datasets.py
[2025-10-30T20:38:46.989+0000] {processor.py:840} INFO - DAG(s) 'dataset_produces_2', 'consume_1_or_both_2_and_3_with_dataset_expressions', 'dataset_produces_1', 'dataset_consumes_1', 'conditional_dataset_and_time_based_timetable', 'dataset_consumes_unknown_never_scheduled', 'dataset_consumes_1_and_2', 'consume_1_or_2_with_dataset_expressions', 'dataset_consumes_1_never_scheduled', 'consume_1_and_2_with_dataset_expressions' retrieved from /home/airflow/.local/lib/python3.12/site-packages/airflow/example_dags/example_datasets.py
[2025-10-30T20:38:47.051+0000] {logging_mixin.py:188} INFO - [2025-10-30T20:38:47.051+0000] {dag.py:3096} INFO - Sync 10 DAGs
[2025-10-30T20:38:47.082+0000] {logging_mixin.py:188} INFO - [2025-10-30T20:38:47.082+0000] {dag.py:3954} INFO - Setting next_dagrun for conditional_dataset_and_time_based_timetable to 2025-10-29 01:00:00+00:00, run_after=2025-10-29 01:00:00+00:00
[2025-10-30T20:38:47.088+0000] {logging_mixin.py:188} INFO - [2025-10-30T20:38:47.087+0000] {dag.py:3954} INFO - Setting next_dagrun for consume_1_and_2_with_dataset_expressions to None, run_after=None
[2025-10-30T20:38:47.089+0000] {logging_mixin.py:188} INFO - [2025-10-30T20:38:47.089+0000] {dag.py:3954} INFO - Setting next_dagrun for consume_1_or_2_with_dataset_expressions to None, run_after=None
[2025-10-30T20:38:47.091+0000] {logging_mixin.py:188} INFO - [2025-10-30T20:38:47.091+0000] {dag.py:3954} INFO - Setting next_dagrun for consume_1_or_both_2_and_3_with_dataset_expressions to None, run_after=None
[2025-10-30T20:38:47.093+0000] {logging_mixin.py:188} INFO - [2025-10-30T20:38:47.093+0000] {dag.py:3954} INFO - Setting next_dagrun for dataset_consumes_1 to None, run_after=None
[2025-10-30T20:38:47.096+0000] {logging_mixin.py:188} INFO - [2025-10-30T20:38:47.096+0000] {dag.py:3954} INFO - Setting next_dagrun for dataset_consumes_1_and_2 to None, run_after=None
[2025-10-30T20:38:47.098+0000] {logging_mixin.py:188} INFO - [2025-10-30T20:38:47.098+0000] {dag.py:3954} INFO - Setting next_dagrun for dataset_consumes_1_never_scheduled to None, run_after=None
[2025-10-30T20:38:47.099+0000] {logging_mixin.py:188} INFO - [2025-10-30T20:38:47.099+0000] {dag.py:3954} INFO - Setting next_dagrun for dataset_consumes_unknown_never_scheduled to None, run_after=None
[2025-10-30T20:38:47.103+0000] {logging_mixin.py:188} INFO - [2025-10-30T20:38:47.103+0000] {dag.py:3954} INFO - Setting next_dagrun for dataset_produces_1 to 2025-10-29 00:00:00+00:00, run_after=2025-10-30 00:00:00+00:00
[2025-10-30T20:38:47.105+0000] {logging_mixin.py:188} INFO - [2025-10-30T20:38:47.105+0000] {dag.py:3954} INFO - Setting next_dagrun for dataset_produces_2 to None, run_after=None
[2025-10-30T20:38:47.146+0000] {processor.py:183} INFO - Processing /home/airflow/.local/lib/python3.12/site-packages/airflow/example_dags/example_datasets.py took 0.189 seconds
[2025-10-30T20:39:18.025+0000] {processor.py:161} INFO - Started process (PID=1179) to work on /home/airflow/.local/lib/python3.12/site-packages/airflow/example_dags/example_datasets.py
[2025-10-30T20:39:18.027+0000] {processor.py:830} INFO - Processing file /home/airflow/.local/lib/python3.12/site-packages/airflow/example_dags/example_datasets.py for tasks to queue
[2025-10-30T20:39:18.030+0000] {logging_mixin.py:188} INFO - [2025-10-30T20:39:18.030+0000] {dagbag.py:545} INFO - Filling up the DagBag from /home/airflow/.local/lib/python3.12/site-packages/airflow/example_dags/example_datasets.py
[2025-10-30T20:39:18.053+0000] {processor.py:840} INFO - DAG(s) 'dataset_consumes_1_and_2', 'consume_1_or_both_2_and_3_with_dataset_expressions', 'dataset_consumes_unknown_never_scheduled', 'dataset_produces_2', 'consume_1_or_2_with_dataset_expressions', 'conditional_dataset_and_time_based_timetable', 'dataset_consumes_1_never_scheduled', 'consume_1_and_2_with_dataset_expressions', 'dataset_produces_1', 'dataset_consumes_1' retrieved from /home/airflow/.local/lib/python3.12/site-packages/airflow/example_dags/example_datasets.py
[2025-10-30T20:39:18.129+0000] {logging_mixin.py:188} INFO - [2025-10-30T20:39:18.129+0000] {dag.py:3096} INFO - Sync 10 DAGs
[2025-10-30T20:39:18.165+0000] {logging_mixin.py:188} INFO - [2025-10-30T20:39:18.165+0000] {dag.py:3954} INFO - Setting next_dagrun for conditional_dataset_and_time_based_timetable to 2025-10-29 01:00:00+00:00, run_after=2025-10-29 01:00:00+00:00
[2025-10-30T20:39:18.171+0000] {logging_mixin.py:188} INFO - [2025-10-30T20:39:18.171+0000] {dag.py:3954} INFO - Setting next_dagrun for consume_1_and_2_with_dataset_expressions to None, run_after=None
[2025-10-30T20:39:18.173+0000] {logging_mixin.py:188} INFO - [2025-10-30T20:39:18.173+0000] {dag.py:3954} INFO - Setting next_dagrun for consume_1_or_2_with_dataset_expressions to None, run_after=None
[2025-10-30T20:39:18.178+0000] {logging_mixin.py:188} INFO - [2025-10-30T20:39:18.178+0000] {dag.py:3954} INFO - Setting next_dagrun for consume_1_or_both_2_and_3_with_dataset_expressions to None, run_after=None
[2025-10-30T20:39:18.180+0000] {logging_mixin.py:188} INFO - [2025-10-30T20:39:18.180+0000] {dag.py:3954} INFO - Setting next_dagrun for dataset_consumes_1 to None, run_after=None
[2025-10-30T20:39:18.182+0000] {logging_mixin.py:188} INFO - [2025-10-30T20:39:18.182+0000] {dag.py:3954} INFO - Setting next_dagrun for dataset_consumes_1_and_2 to None, run_after=None
[2025-10-30T20:39:18.185+0000] {logging_mixin.py:188} INFO - [2025-10-30T20:39:18.185+0000] {dag.py:3954} INFO - Setting next_dagrun for dataset_consumes_1_never_scheduled to None, run_after=None
[2025-10-30T20:39:18.187+0000] {logging_mixin.py:188} INFO - [2025-10-30T20:39:18.187+0000] {dag.py:3954} INFO - Setting next_dagrun for dataset_consumes_unknown_never_scheduled to None, run_after=None
[2025-10-30T20:39:18.192+0000] {logging_mixin.py:188} INFO - [2025-10-30T20:39:18.191+0000] {dag.py:3954} INFO - Setting next_dagrun for dataset_produces_1 to 2025-10-29 00:00:00+00:00, run_after=2025-10-30 00:00:00+00:00
[2025-10-30T20:39:18.194+0000] {logging_mixin.py:188} INFO - [2025-10-30T20:39:18.194+0000] {dag.py:3954} INFO - Setting next_dagrun for dataset_produces_2 to None, run_after=None
[2025-10-30T20:39:18.249+0000] {processor.py:183} INFO - Processing /home/airflow/.local/lib/python3.12/site-packages/airflow/example_dags/example_datasets.py took 0.235 seconds
[2025-10-30T20:39:48.305+0000] {processor.py:161} INFO - Started process (PID=1236) to work on /home/airflow/.local/lib/python3.12/site-packages/airflow/example_dags/example_datasets.py
[2025-10-30T20:39:48.363+0000] {processor.py:830} INFO - Processing file /home/airflow/.local/lib/python3.12/site-packages/airflow/example_dags/example_datasets.py for tasks to queue
[2025-10-30T20:39:48.403+0000] {logging_mixin.py:188} INFO - [2025-10-30T20:39:48.402+0000] {dagbag.py:545} INFO - Filling up the DagBag from /home/airflow/.local/lib/python3.12/site-packages/airflow/example_dags/example_datasets.py
[2025-10-30T20:39:48.463+0000] {processor.py:840} INFO - DAG(s) 'dataset_produces_2', 'conditional_dataset_and_time_based_timetable', 'consume_1_or_both_2_and_3_with_dataset_expressions', 'dataset_consumes_1_never_scheduled', 'consume_1_and_2_with_dataset_expressions', 'consume_1_or_2_with_dataset_expressions', 'dataset_consumes_1_and_2', 'dataset_produces_1', 'dataset_consumes_unknown_never_scheduled', 'dataset_consumes_1' retrieved from /home/airflow/.local/lib/python3.12/site-packages/airflow/example_dags/example_datasets.py
[2025-10-30T20:39:48.644+0000] {logging_mixin.py:188} INFO - [2025-10-30T20:39:48.644+0000] {dag.py:3096} INFO - Sync 10 DAGs
[2025-10-30T20:39:48.701+0000] {logging_mixin.py:188} INFO - [2025-10-30T20:39:48.701+0000] {dag.py:3954} INFO - Setting next_dagrun for conditional_dataset_and_time_based_timetable to 2025-10-29 01:00:00+00:00, run_after=2025-10-29 01:00:00+00:00
[2025-10-30T20:39:48.711+0000] {logging_mixin.py:188} INFO - [2025-10-30T20:39:48.711+0000] {dag.py:3954} INFO - Setting next_dagrun for consume_1_and_2_with_dataset_expressions to None, run_after=None
[2025-10-30T20:39:48.714+0000] {logging_mixin.py:188} INFO - [2025-10-30T20:39:48.713+0000] {dag.py:3954} INFO - Setting next_dagrun for consume_1_or_2_with_dataset_expressions to None, run_after=None
[2025-10-30T20:39:48.717+0000] {logging_mixin.py:188} INFO - [2025-10-30T20:39:48.717+0000] {dag.py:3954} INFO - Setting next_dagrun for consume_1_or_both_2_and_3_with_dataset_expressions to None, run_after=None
[2025-10-30T20:39:48.722+0000] {logging_mixin.py:188} INFO - [2025-10-30T20:39:48.721+0000] {dag.py:3954} INFO - Setting next_dagrun for dataset_consumes_1 to None, run_after=None
[2025-10-30T20:39:48.726+0000] {logging_mixin.py:188} INFO - [2025-10-30T20:39:48.726+0000] {dag.py:3954} INFO - Setting next_dagrun for dataset_consumes_1_and_2 to None, run_after=None
[2025-10-30T20:39:48.732+0000] {logging_mixin.py:188} INFO - [2025-10-30T20:39:48.732+0000] {dag.py:3954} INFO - Setting next_dagrun for dataset_consumes_1_never_scheduled to None, run_after=None
[2025-10-30T20:39:48.737+0000] {logging_mixin.py:188} INFO - [2025-10-30T20:39:48.737+0000] {dag.py:3954} INFO - Setting next_dagrun for dataset_consumes_unknown_never_scheduled to None, run_after=None
[2025-10-30T20:39:48.744+0000] {logging_mixin.py:188} INFO - [2025-10-30T20:39:48.744+0000] {dag.py:3954} INFO - Setting next_dagrun for dataset_produces_1 to 2025-10-29 00:00:00+00:00, run_after=2025-10-30 00:00:00+00:00
[2025-10-30T20:39:48.748+0000] {logging_mixin.py:188} INFO - [2025-10-30T20:39:48.747+0000] {dag.py:3954} INFO - Setting next_dagrun for dataset_produces_2 to None, run_after=None
[2025-10-30T20:39:48.848+0000] {processor.py:183} INFO - Processing /home/airflow/.local/lib/python3.12/site-packages/airflow/example_dags/example_datasets.py took 0.558 seconds
[2025-10-30T20:40:19.480+0000] {processor.py:161} INFO - Started process (PID=1294) to work on /home/airflow/.local/lib/python3.12/site-packages/airflow/example_dags/example_datasets.py
[2025-10-30T20:40:19.483+0000] {processor.py:830} INFO - Processing file /home/airflow/.local/lib/python3.12/site-packages/airflow/example_dags/example_datasets.py for tasks to queue
[2025-10-30T20:40:19.489+0000] {logging_mixin.py:188} INFO - [2025-10-30T20:40:19.488+0000] {dagbag.py:545} INFO - Filling up the DagBag from /home/airflow/.local/lib/python3.12/site-packages/airflow/example_dags/example_datasets.py
[2025-10-30T20:40:19.509+0000] {processor.py:840} INFO - DAG(s) 'consume_1_and_2_with_dataset_expressions', 'conditional_dataset_and_time_based_timetable', 'dataset_consumes_unknown_never_scheduled', 'dataset_produces_2', 'dataset_consumes_1', 'dataset_produces_1', 'consume_1_or_both_2_and_3_with_dataset_expressions', 'dataset_consumes_1_never_scheduled', 'consume_1_or_2_with_dataset_expressions', 'dataset_consumes_1_and_2' retrieved from /home/airflow/.local/lib/python3.12/site-packages/airflow/example_dags/example_datasets.py
[2025-10-30T20:40:19.581+0000] {logging_mixin.py:188} INFO - [2025-10-30T20:40:19.581+0000] {dag.py:3096} INFO - Sync 10 DAGs
[2025-10-30T20:40:19.846+0000] {logging_mixin.py:188} INFO - [2025-10-30T20:40:19.845+0000] {dag.py:3954} INFO - Setting next_dagrun for conditional_dataset_and_time_based_timetable to 2025-10-29 01:00:00+00:00, run_after=2025-10-29 01:00:00+00:00
[2025-10-30T20:40:19.855+0000] {logging_mixin.py:188} INFO - [2025-10-30T20:40:19.854+0000] {dag.py:3954} INFO - Setting next_dagrun for consume_1_and_2_with_dataset_expressions to None, run_after=None
[2025-10-30T20:40:19.858+0000] {logging_mixin.py:188} INFO - [2025-10-30T20:40:19.857+0000] {dag.py:3954} INFO - Setting next_dagrun for consume_1_or_2_with_dataset_expressions to None, run_after=None
[2025-10-30T20:40:19.861+0000] {logging_mixin.py:188} INFO - [2025-10-30T20:40:19.860+0000] {dag.py:3954} INFO - Setting next_dagrun for consume_1_or_both_2_and_3_with_dataset_expressions to None, run_after=None
[2025-10-30T20:40:19.864+0000] {logging_mixin.py:188} INFO - [2025-10-30T20:40:19.863+0000] {dag.py:3954} INFO - Setting next_dagrun for dataset_consumes_1 to None, run_after=None
[2025-10-30T20:40:19.867+0000] {logging_mixin.py:188} INFO - [2025-10-30T20:40:19.867+0000] {dag.py:3954} INFO - Setting next_dagrun for dataset_consumes_1_and_2 to None, run_after=None
[2025-10-30T20:40:19.870+0000] {logging_mixin.py:188} INFO - [2025-10-30T20:40:19.869+0000] {dag.py:3954} INFO - Setting next_dagrun for dataset_consumes_1_never_scheduled to None, run_after=None
[2025-10-30T20:40:19.873+0000] {logging_mixin.py:188} INFO - [2025-10-30T20:40:19.873+0000] {dag.py:3954} INFO - Setting next_dagrun for dataset_consumes_unknown_never_scheduled to None, run_after=None
[2025-10-30T20:40:19.879+0000] {logging_mixin.py:188} INFO - [2025-10-30T20:40:19.878+0000] {dag.py:3954} INFO - Setting next_dagrun for dataset_produces_1 to 2025-10-29 00:00:00+00:00, run_after=2025-10-30 00:00:00+00:00
[2025-10-30T20:40:19.882+0000] {logging_mixin.py:188} INFO - [2025-10-30T20:40:19.881+0000] {dag.py:3954} INFO - Setting next_dagrun for dataset_produces_2 to None, run_after=None
[2025-10-30T20:40:19.950+0000] {processor.py:183} INFO - Processing /home/airflow/.local/lib/python3.12/site-packages/airflow/example_dags/example_datasets.py took 0.479 seconds
[2025-10-30T20:40:50.231+0000] {processor.py:161} INFO - Started process (PID=1353) to work on /home/airflow/.local/lib/python3.12/site-packages/airflow/example_dags/example_datasets.py
[2025-10-30T20:40:50.234+0000] {processor.py:830} INFO - Processing file /home/airflow/.local/lib/python3.12/site-packages/airflow/example_dags/example_datasets.py for tasks to queue
[2025-10-30T20:40:50.238+0000] {logging_mixin.py:188} INFO - [2025-10-30T20:40:50.237+0000] {dagbag.py:545} INFO - Filling up the DagBag from /home/airflow/.local/lib/python3.12/site-packages/airflow/example_dags/example_datasets.py
[2025-10-30T20:40:50.338+0000] {processor.py:840} INFO - DAG(s) 'dataset_consumes_1_and_2', 'dataset_consumes_unknown_never_scheduled', 'consume_1_and_2_with_dataset_expressions', 'dataset_produces_2', 'consume_1_or_2_with_dataset_expressions', 'dataset_consumes_1', 'consume_1_or_both_2_and_3_with_dataset_expressions', 'conditional_dataset_and_time_based_timetable', 'dataset_produces_1', 'dataset_consumes_1_never_scheduled' retrieved from /home/airflow/.local/lib/python3.12/site-packages/airflow/example_dags/example_datasets.py
[2025-10-30T20:40:50.594+0000] {logging_mixin.py:188} INFO - [2025-10-30T20:40:50.593+0000] {dag.py:3096} INFO - Sync 10 DAGs
[2025-10-30T20:40:50.829+0000] {logging_mixin.py:188} INFO - [2025-10-30T20:40:50.829+0000] {dag.py:3954} INFO - Setting next_dagrun for conditional_dataset_and_time_based_timetable to 2025-10-29 01:00:00+00:00, run_after=2025-10-29 01:00:00+00:00
[2025-10-30T20:40:51.404+0000] {logging_mixin.py:188} INFO - [2025-10-30T20:40:51.404+0000] {dag.py:3954} INFO - Setting next_dagrun for consume_1_and_2_with_dataset_expressions to None, run_after=None
[2025-10-30T20:40:51.407+0000] {logging_mixin.py:188} INFO - [2025-10-30T20:40:51.407+0000] {dag.py:3954} INFO - Setting next_dagrun for consume_1_or_2_with_dataset_expressions to None, run_after=None
[2025-10-30T20:40:51.411+0000] {logging_mixin.py:188} INFO - [2025-10-30T20:40:51.410+0000] {dag.py:3954} INFO - Setting next_dagrun for consume_1_or_both_2_and_3_with_dataset_expressions to None, run_after=None
[2025-10-30T20:40:51.415+0000] {logging_mixin.py:188} INFO - [2025-10-30T20:40:51.414+0000] {dag.py:3954} INFO - Setting next_dagrun for dataset_consumes_1 to None, run_after=None
[2025-10-30T20:40:51.418+0000] {logging_mixin.py:188} INFO - [2025-10-30T20:40:51.418+0000] {dag.py:3954} INFO - Setting next_dagrun for dataset_consumes_1_and_2 to None, run_after=None
[2025-10-30T20:40:51.423+0000] {logging_mixin.py:188} INFO - [2025-10-30T20:40:51.422+0000] {dag.py:3954} INFO - Setting next_dagrun for dataset_consumes_1_never_scheduled to None, run_after=None
[2025-10-30T20:40:51.426+0000] {logging_mixin.py:188} INFO - [2025-10-30T20:40:51.426+0000] {dag.py:3954} INFO - Setting next_dagrun for dataset_consumes_unknown_never_scheduled to None, run_after=None
[2025-10-30T20:40:51.431+0000] {logging_mixin.py:188} INFO - [2025-10-30T20:40:51.430+0000] {dag.py:3954} INFO - Setting next_dagrun for dataset_produces_1 to 2025-10-29 00:00:00+00:00, run_after=2025-10-30 00:00:00+00:00
[2025-10-30T20:40:51.434+0000] {logging_mixin.py:188} INFO - [2025-10-30T20:40:51.434+0000] {dag.py:3954} INFO - Setting next_dagrun for dataset_produces_2 to None, run_after=None
[2025-10-30T20:40:51.533+0000] {processor.py:183} INFO - Processing /home/airflow/.local/lib/python3.12/site-packages/airflow/example_dags/example_datasets.py took 1.411 seconds
[2025-10-30T20:41:22.349+0000] {processor.py:161} INFO - Started process (PID=1412) to work on /home/airflow/.local/lib/python3.12/site-packages/airflow/example_dags/example_datasets.py
[2025-10-30T20:41:22.354+0000] {processor.py:830} INFO - Processing file /home/airflow/.local/lib/python3.12/site-packages/airflow/example_dags/example_datasets.py for tasks to queue
[2025-10-30T20:41:22.357+0000] {logging_mixin.py:188} INFO - [2025-10-30T20:41:22.356+0000] {dagbag.py:545} INFO - Filling up the DagBag from /home/airflow/.local/lib/python3.12/site-packages/airflow/example_dags/example_datasets.py
[2025-10-30T20:41:22.377+0000] {processor.py:840} INFO - DAG(s) 'dataset_consumes_1', 'dataset_produces_2', 'consume_1_or_both_2_and_3_with_dataset_expressions', 'dataset_produces_1', 'conditional_dataset_and_time_based_timetable', 'dataset_consumes_1_never_scheduled', 'consume_1_and_2_with_dataset_expressions', 'dataset_consumes_1_and_2', 'consume_1_or_2_with_dataset_expressions', 'dataset_consumes_unknown_never_scheduled' retrieved from /home/airflow/.local/lib/python3.12/site-packages/airflow/example_dags/example_datasets.py
[2025-10-30T20:41:22.439+0000] {logging_mixin.py:188} INFO - [2025-10-30T20:41:22.438+0000] {dag.py:3096} INFO - Sync 10 DAGs
[2025-10-30T20:41:22.479+0000] {logging_mixin.py:188} INFO - [2025-10-30T20:41:22.478+0000] {dag.py:3954} INFO - Setting next_dagrun for conditional_dataset_and_time_based_timetable to 2025-10-29 01:00:00+00:00, run_after=2025-10-29 01:00:00+00:00
[2025-10-30T20:41:22.486+0000] {logging_mixin.py:188} INFO - [2025-10-30T20:41:22.486+0000] {dag.py:3954} INFO - Setting next_dagrun for consume_1_and_2_with_dataset_expressions to None, run_after=None
[2025-10-30T20:41:22.489+0000] {logging_mixin.py:188} INFO - [2025-10-30T20:41:22.489+0000] {dag.py:3954} INFO - Setting next_dagrun for consume_1_or_2_with_dataset_expressions to None, run_after=None
[2025-10-30T20:41:22.492+0000] {logging_mixin.py:188} INFO - [2025-10-30T20:41:22.491+0000] {dag.py:3954} INFO - Setting next_dagrun for consume_1_or_both_2_and_3_with_dataset_expressions to None, run_after=None
[2025-10-30T20:41:22.495+0000] {logging_mixin.py:188} INFO - [2025-10-30T20:41:22.494+0000] {dag.py:3954} INFO - Setting next_dagrun for dataset_consumes_1 to None, run_after=None
[2025-10-30T20:41:22.498+0000] {logging_mixin.py:188} INFO - [2025-10-30T20:41:22.498+0000] {dag.py:3954} INFO - Setting next_dagrun for dataset_consumes_1_and_2 to None, run_after=None
[2025-10-30T20:41:22.500+0000] {logging_mixin.py:188} INFO - [2025-10-30T20:41:22.500+0000] {dag.py:3954} INFO - Setting next_dagrun for dataset_consumes_1_never_scheduled to None, run_after=None
[2025-10-30T20:41:22.503+0000] {logging_mixin.py:188} INFO - [2025-10-30T20:41:22.502+0000] {dag.py:3954} INFO - Setting next_dagrun for dataset_consumes_unknown_never_scheduled to None, run_after=None
[2025-10-30T20:41:22.506+0000] {logging_mixin.py:188} INFO - [2025-10-30T20:41:22.506+0000] {dag.py:3954} INFO - Setting next_dagrun for dataset_produces_1 to 2025-10-29 00:00:00+00:00, run_after=2025-10-30 00:00:00+00:00
[2025-10-30T20:41:22.510+0000] {logging_mixin.py:188} INFO - [2025-10-30T20:41:22.509+0000] {dag.py:3954} INFO - Setting next_dagrun for dataset_produces_2 to None, run_after=None
[2025-10-30T20:41:22.733+0000] {processor.py:183} INFO - Processing /home/airflow/.local/lib/python3.12/site-packages/airflow/example_dags/example_datasets.py took 0.393 seconds
[2025-10-30T20:41:52.855+0000] {processor.py:161} INFO - Started process (PID=1471) to work on /home/airflow/.local/lib/python3.12/site-packages/airflow/example_dags/example_datasets.py
[2025-10-30T20:41:52.857+0000] {processor.py:830} INFO - Processing file /home/airflow/.local/lib/python3.12/site-packages/airflow/example_dags/example_datasets.py for tasks to queue
[2025-10-30T20:41:52.859+0000] {logging_mixin.py:188} INFO - [2025-10-30T20:41:52.859+0000] {dagbag.py:545} INFO - Filling up the DagBag from /home/airflow/.local/lib/python3.12/site-packages/airflow/example_dags/example_datasets.py
[2025-10-30T20:41:52.880+0000] {processor.py:840} INFO - DAG(s) 'dataset_produces_2', 'consume_1_or_2_with_dataset_expressions', 'consume_1_and_2_with_dataset_expressions', 'dataset_consumes_unknown_never_scheduled', 'dataset_consumes_1', 'consume_1_or_both_2_and_3_with_dataset_expressions', 'dataset_consumes_1_and_2', 'conditional_dataset_and_time_based_timetable', 'dataset_consumes_1_never_scheduled', 'dataset_produces_1' retrieved from /home/airflow/.local/lib/python3.12/site-packages/airflow/example_dags/example_datasets.py
[2025-10-30T20:41:52.949+0000] {logging_mixin.py:188} INFO - [2025-10-30T20:41:52.949+0000] {dag.py:3096} INFO - Sync 10 DAGs
[2025-10-30T20:41:52.988+0000] {logging_mixin.py:188} INFO - [2025-10-30T20:41:52.988+0000] {dag.py:3954} INFO - Setting next_dagrun for conditional_dataset_and_time_based_timetable to 2025-10-29 01:00:00+00:00, run_after=2025-10-29 01:00:00+00:00
[2025-10-30T20:41:52.993+0000] {logging_mixin.py:188} INFO - [2025-10-30T20:41:52.993+0000] {dag.py:3954} INFO - Setting next_dagrun for consume_1_and_2_with_dataset_expressions to None, run_after=None
[2025-10-30T20:41:52.995+0000] {logging_mixin.py:188} INFO - [2025-10-30T20:41:52.995+0000] {dag.py:3954} INFO - Setting next_dagrun for consume_1_or_2_with_dataset_expressions to None, run_after=None
[2025-10-30T20:41:52.997+0000] {logging_mixin.py:188} INFO - [2025-10-30T20:41:52.996+0000] {dag.py:3954} INFO - Setting next_dagrun for consume_1_or_both_2_and_3_with_dataset_expressions to None, run_after=None
[2025-10-30T20:41:52.999+0000] {logging_mixin.py:188} INFO - [2025-10-30T20:41:52.999+0000] {dag.py:3954} INFO - Setting next_dagrun for dataset_consumes_1 to None, run_after=None
[2025-10-30T20:41:53.000+0000] {logging_mixin.py:188} INFO - [2025-10-30T20:41:53.000+0000] {dag.py:3954} INFO - Setting next_dagrun for dataset_consumes_1_and_2 to None, run_after=None
[2025-10-30T20:41:53.002+0000] {logging_mixin.py:188} INFO - [2025-10-30T20:41:53.002+0000] {dag.py:3954} INFO - Setting next_dagrun for dataset_consumes_1_never_scheduled to None, run_after=None
[2025-10-30T20:41:53.003+0000] {logging_mixin.py:188} INFO - [2025-10-30T20:41:53.003+0000] {dag.py:3954} INFO - Setting next_dagrun for dataset_consumes_unknown_never_scheduled to None, run_after=None
[2025-10-30T20:41:53.007+0000] {logging_mixin.py:188} INFO - [2025-10-30T20:41:53.007+0000] {dag.py:3954} INFO - Setting next_dagrun for dataset_produces_1 to 2025-10-29 00:00:00+00:00, run_after=2025-10-30 00:00:00+00:00
[2025-10-30T20:41:53.009+0000] {logging_mixin.py:188} INFO - [2025-10-30T20:41:53.009+0000] {dag.py:3954} INFO - Setting next_dagrun for dataset_produces_2 to None, run_after=None
[2025-10-30T20:41:53.054+0000] {processor.py:183} INFO - Processing /home/airflow/.local/lib/python3.12/site-packages/airflow/example_dags/example_datasets.py took 0.208 seconds
[2025-10-30T20:42:23.080+0000] {processor.py:161} INFO - Started process (PID=1529) to work on /home/airflow/.local/lib/python3.12/site-packages/airflow/example_dags/example_datasets.py
[2025-10-30T20:42:23.082+0000] {processor.py:830} INFO - Processing file /home/airflow/.local/lib/python3.12/site-packages/airflow/example_dags/example_datasets.py for tasks to queue
[2025-10-30T20:42:23.084+0000] {logging_mixin.py:188} INFO - [2025-10-30T20:42:23.084+0000] {dagbag.py:545} INFO - Filling up the DagBag from /home/airflow/.local/lib/python3.12/site-packages/airflow/example_dags/example_datasets.py
[2025-10-30T20:42:23.101+0000] {processor.py:840} INFO - DAG(s) 'dataset_produces_2', 'dataset_produces_1', 'dataset_consumes_unknown_never_scheduled', 'dataset_consumes_1_and_2', 'consume_1_or_both_2_and_3_with_dataset_expressions', 'consume_1_or_2_with_dataset_expressions', 'conditional_dataset_and_time_based_timetable', 'consume_1_and_2_with_dataset_expressions', 'dataset_consumes_1', 'dataset_consumes_1_never_scheduled' retrieved from /home/airflow/.local/lib/python3.12/site-packages/airflow/example_dags/example_datasets.py
[2025-10-30T20:42:23.165+0000] {logging_mixin.py:188} INFO - [2025-10-30T20:42:23.165+0000] {dag.py:3096} INFO - Sync 10 DAGs
[2025-10-30T20:42:23.199+0000] {logging_mixin.py:188} INFO - [2025-10-30T20:42:23.199+0000] {dag.py:3954} INFO - Setting next_dagrun for conditional_dataset_and_time_based_timetable to 2025-10-29 01:00:00+00:00, run_after=2025-10-29 01:00:00+00:00
[2025-10-30T20:42:23.205+0000] {logging_mixin.py:188} INFO - [2025-10-30T20:42:23.204+0000] {dag.py:3954} INFO - Setting next_dagrun for consume_1_and_2_with_dataset_expressions to None, run_after=None
[2025-10-30T20:42:23.207+0000] {logging_mixin.py:188} INFO - [2025-10-30T20:42:23.207+0000] {dag.py:3954} INFO - Setting next_dagrun for consume_1_or_2_with_dataset_expressions to None, run_after=None
[2025-10-30T20:42:23.209+0000] {logging_mixin.py:188} INFO - [2025-10-30T20:42:23.209+0000] {dag.py:3954} INFO - Setting next_dagrun for consume_1_or_both_2_and_3_with_dataset_expressions to None, run_after=None
[2025-10-30T20:42:23.212+0000] {logging_mixin.py:188} INFO - [2025-10-30T20:42:23.211+0000] {dag.py:3954} INFO - Setting next_dagrun for dataset_consumes_1 to None, run_after=None
[2025-10-30T20:42:23.214+0000] {logging_mixin.py:188} INFO - [2025-10-30T20:42:23.214+0000] {dag.py:3954} INFO - Setting next_dagrun for dataset_consumes_1_and_2 to None, run_after=None
[2025-10-30T20:42:23.216+0000] {logging_mixin.py:188} INFO - [2025-10-30T20:42:23.216+0000] {dag.py:3954} INFO - Setting next_dagrun for dataset_consumes_1_never_scheduled to None, run_after=None
[2025-10-30T20:42:23.218+0000] {logging_mixin.py:188} INFO - [2025-10-30T20:42:23.218+0000] {dag.py:3954} INFO - Setting next_dagrun for dataset_consumes_unknown_never_scheduled to None, run_after=None
[2025-10-30T20:42:23.221+0000] {logging_mixin.py:188} INFO - [2025-10-30T20:42:23.221+0000] {dag.py:3954} INFO - Setting next_dagrun for dataset_produces_1 to 2025-10-29 00:00:00+00:00, run_after=2025-10-30 00:00:00+00:00
[2025-10-30T20:42:23.223+0000] {logging_mixin.py:188} INFO - [2025-10-30T20:42:23.223+0000] {dag.py:3954} INFO - Setting next_dagrun for dataset_produces_2 to None, run_after=None
[2025-10-30T20:42:23.282+0000] {processor.py:183} INFO - Processing /home/airflow/.local/lib/python3.12/site-packages/airflow/example_dags/example_datasets.py took 0.209 seconds
[2025-10-30T21:06:14.855+0000] {processor.py:161} INFO - Started process (PID=75) to work on /home/airflow/.local/lib/python3.12/site-packages/airflow/example_dags/example_datasets.py
[2025-10-30T21:06:14.864+0000] {processor.py:830} INFO - Processing file /home/airflow/.local/lib/python3.12/site-packages/airflow/example_dags/example_datasets.py for tasks to queue
[2025-10-30T21:06:14.868+0000] {logging_mixin.py:188} INFO - [2025-10-30T21:06:14.867+0000] {dagbag.py:545} INFO - Filling up the DagBag from /home/airflow/.local/lib/python3.12/site-packages/airflow/example_dags/example_datasets.py
[2025-10-30T21:06:15.085+0000] {processor.py:840} INFO - DAG(s) 'dataset_consumes_1_and_2', 'conditional_dataset_and_time_based_timetable', 'dataset_consumes_1', 'dataset_consumes_unknown_never_scheduled', 'consume_1_or_2_with_dataset_expressions', 'consume_1_or_both_2_and_3_with_dataset_expressions', 'dataset_produces_2', 'consume_1_and_2_with_dataset_expressions', 'dataset_consumes_1_never_scheduled', 'dataset_produces_1' retrieved from /home/airflow/.local/lib/python3.12/site-packages/airflow/example_dags/example_datasets.py
[2025-10-30T21:06:16.249+0000] {logging_mixin.py:188} INFO - [2025-10-30T21:06:16.249+0000] {dag.py:3096} INFO - Sync 10 DAGs
[2025-10-30T21:06:16.329+0000] {logging_mixin.py:188} INFO - [2025-10-30T21:06:16.328+0000] {dag.py:3954} INFO - Setting next_dagrun for conditional_dataset_and_time_based_timetable to 2025-10-29 01:00:00+00:00, run_after=2025-10-29 01:00:00+00:00
[2025-10-30T21:06:16.340+0000] {logging_mixin.py:188} INFO - [2025-10-30T21:06:16.339+0000] {dag.py:3954} INFO - Setting next_dagrun for consume_1_and_2_with_dataset_expressions to None, run_after=None
[2025-10-30T21:06:16.344+0000] {logging_mixin.py:188} INFO - [2025-10-30T21:06:16.344+0000] {dag.py:3954} INFO - Setting next_dagrun for consume_1_or_2_with_dataset_expressions to None, run_after=None
[2025-10-30T21:06:16.348+0000] {logging_mixin.py:188} INFO - [2025-10-30T21:06:16.348+0000] {dag.py:3954} INFO - Setting next_dagrun for consume_1_or_both_2_and_3_with_dataset_expressions to None, run_after=None
[2025-10-30T21:06:16.353+0000] {logging_mixin.py:188} INFO - [2025-10-30T21:06:16.352+0000] {dag.py:3954} INFO - Setting next_dagrun for dataset_consumes_1 to None, run_after=None
[2025-10-30T21:06:16.358+0000] {logging_mixin.py:188} INFO - [2025-10-30T21:06:16.358+0000] {dag.py:3954} INFO - Setting next_dagrun for dataset_consumes_1_and_2 to None, run_after=None
[2025-10-30T21:06:16.362+0000] {logging_mixin.py:188} INFO - [2025-10-30T21:06:16.362+0000] {dag.py:3954} INFO - Setting next_dagrun for dataset_consumes_1_never_scheduled to None, run_after=None
[2025-10-30T21:06:16.366+0000] {logging_mixin.py:188} INFO - [2025-10-30T21:06:16.366+0000] {dag.py:3954} INFO - Setting next_dagrun for dataset_consumes_unknown_never_scheduled to None, run_after=None
[2025-10-30T21:06:16.399+0000] {logging_mixin.py:188} INFO - [2025-10-30T21:06:16.397+0000] {dag.py:3954} INFO - Setting next_dagrun for dataset_produces_1 to 2025-10-29 00:00:00+00:00, run_after=2025-10-30 00:00:00+00:00
[2025-10-30T21:06:16.449+0000] {logging_mixin.py:188} INFO - [2025-10-30T21:06:16.444+0000] {dag.py:3954} INFO - Setting next_dagrun for dataset_produces_2 to None, run_after=None
[2025-10-30T21:06:16.801+0000] {processor.py:183} INFO - Processing /home/airflow/.local/lib/python3.12/site-packages/airflow/example_dags/example_datasets.py took 1.980 seconds
[2025-10-30T21:06:47.017+0000] {processor.py:161} INFO - Started process (PID=135) to work on /home/airflow/.local/lib/python3.12/site-packages/airflow/example_dags/example_datasets.py
[2025-10-30T21:06:47.023+0000] {processor.py:830} INFO - Processing file /home/airflow/.local/lib/python3.12/site-packages/airflow/example_dags/example_datasets.py for tasks to queue
[2025-10-30T21:06:47.027+0000] {logging_mixin.py:188} INFO - [2025-10-30T21:06:47.026+0000] {dagbag.py:545} INFO - Filling up the DagBag from /home/airflow/.local/lib/python3.12/site-packages/airflow/example_dags/example_datasets.py
[2025-10-30T21:06:47.067+0000] {processor.py:840} INFO - DAG(s) 'consume_1_or_2_with_dataset_expressions', 'dataset_consumes_1_and_2', 'consume_1_and_2_with_dataset_expressions', 'dataset_produces_2', 'conditional_dataset_and_time_based_timetable', 'dataset_consumes_1', 'dataset_consumes_unknown_never_scheduled', 'consume_1_or_both_2_and_3_with_dataset_expressions', 'dataset_produces_1', 'dataset_consumes_1_never_scheduled' retrieved from /home/airflow/.local/lib/python3.12/site-packages/airflow/example_dags/example_datasets.py
[2025-10-30T21:06:47.209+0000] {logging_mixin.py:188} INFO - [2025-10-30T21:06:47.208+0000] {dag.py:3096} INFO - Sync 10 DAGs
[2025-10-30T21:06:47.280+0000] {logging_mixin.py:188} INFO - [2025-10-30T21:06:47.280+0000] {dag.py:3954} INFO - Setting next_dagrun for conditional_dataset_and_time_based_timetable to 2025-10-29 01:00:00+00:00, run_after=2025-10-29 01:00:00+00:00
[2025-10-30T21:06:47.292+0000] {logging_mixin.py:188} INFO - [2025-10-30T21:06:47.290+0000] {dag.py:3954} INFO - Setting next_dagrun for consume_1_and_2_with_dataset_expressions to None, run_after=None
[2025-10-30T21:06:47.299+0000] {logging_mixin.py:188} INFO - [2025-10-30T21:06:47.298+0000] {dag.py:3954} INFO - Setting next_dagrun for consume_1_or_2_with_dataset_expressions to None, run_after=None
[2025-10-30T21:06:47.306+0000] {logging_mixin.py:188} INFO - [2025-10-30T21:06:47.305+0000] {dag.py:3954} INFO - Setting next_dagrun for consume_1_or_both_2_and_3_with_dataset_expressions to None, run_after=None
[2025-10-30T21:06:47.311+0000] {logging_mixin.py:188} INFO - [2025-10-30T21:06:47.310+0000] {dag.py:3954} INFO - Setting next_dagrun for dataset_consumes_1 to None, run_after=None
[2025-10-30T21:06:47.313+0000] {logging_mixin.py:188} INFO - [2025-10-30T21:06:47.313+0000] {dag.py:3954} INFO - Setting next_dagrun for dataset_consumes_1_and_2 to None, run_after=None
[2025-10-30T21:06:47.316+0000] {logging_mixin.py:188} INFO - [2025-10-30T21:06:47.316+0000] {dag.py:3954} INFO - Setting next_dagrun for dataset_consumes_1_never_scheduled to None, run_after=None
[2025-10-30T21:06:47.319+0000] {logging_mixin.py:188} INFO - [2025-10-30T21:06:47.318+0000] {dag.py:3954} INFO - Setting next_dagrun for dataset_consumes_unknown_never_scheduled to None, run_after=None
[2025-10-30T21:06:47.323+0000] {logging_mixin.py:188} INFO - [2025-10-30T21:06:47.323+0000] {dag.py:3954} INFO - Setting next_dagrun for dataset_produces_1 to 2025-10-29 00:00:00+00:00, run_after=2025-10-30 00:00:00+00:00
[2025-10-30T21:06:47.326+0000] {logging_mixin.py:188} INFO - [2025-10-30T21:06:47.326+0000] {dag.py:3954} INFO - Setting next_dagrun for dataset_produces_2 to None, run_after=None
[2025-10-30T21:06:47.413+0000] {processor.py:183} INFO - Processing /home/airflow/.local/lib/python3.12/site-packages/airflow/example_dags/example_datasets.py took 0.410 seconds
[2025-10-30T21:07:17.825+0000] {processor.py:161} INFO - Started process (PID=193) to work on /home/airflow/.local/lib/python3.12/site-packages/airflow/example_dags/example_datasets.py
[2025-10-30T21:07:17.834+0000] {processor.py:830} INFO - Processing file /home/airflow/.local/lib/python3.12/site-packages/airflow/example_dags/example_datasets.py for tasks to queue
[2025-10-30T21:07:17.841+0000] {logging_mixin.py:188} INFO - [2025-10-30T21:07:17.840+0000] {dagbag.py:545} INFO - Filling up the DagBag from /home/airflow/.local/lib/python3.12/site-packages/airflow/example_dags/example_datasets.py
[2025-10-30T21:07:17.947+0000] {processor.py:840} INFO - DAG(s) 'dataset_consumes_1', 'consume_1_or_both_2_and_3_with_dataset_expressions', 'dataset_consumes_unknown_never_scheduled', 'dataset_consumes_1_never_scheduled', 'consume_1_or_2_with_dataset_expressions', 'conditional_dataset_and_time_based_timetable', 'dataset_produces_2', 'dataset_consumes_1_and_2', 'dataset_produces_1', 'consume_1_and_2_with_dataset_expressions' retrieved from /home/airflow/.local/lib/python3.12/site-packages/airflow/example_dags/example_datasets.py
[2025-10-30T21:07:18.264+0000] {logging_mixin.py:188} INFO - [2025-10-30T21:07:18.262+0000] {dag.py:3096} INFO - Sync 10 DAGs
[2025-10-30T21:07:18.527+0000] {logging_mixin.py:188} INFO - [2025-10-30T21:07:18.526+0000] {dag.py:3954} INFO - Setting next_dagrun for conditional_dataset_and_time_based_timetable to 2025-10-29 01:00:00+00:00, run_after=2025-10-29 01:00:00+00:00
[2025-10-30T21:07:18.541+0000] {logging_mixin.py:188} INFO - [2025-10-30T21:07:18.541+0000] {dag.py:3954} INFO - Setting next_dagrun for consume_1_and_2_with_dataset_expressions to None, run_after=None
[2025-10-30T21:07:18.545+0000] {logging_mixin.py:188} INFO - [2025-10-30T21:07:18.545+0000] {dag.py:3954} INFO - Setting next_dagrun for consume_1_or_2_with_dataset_expressions to None, run_after=None
[2025-10-30T21:07:18.550+0000] {logging_mixin.py:188} INFO - [2025-10-30T21:07:18.550+0000] {dag.py:3954} INFO - Setting next_dagrun for consume_1_or_both_2_and_3_with_dataset_expressions to None, run_after=None
[2025-10-30T21:07:18.555+0000] {logging_mixin.py:188} INFO - [2025-10-30T21:07:18.554+0000] {dag.py:3954} INFO - Setting next_dagrun for dataset_consumes_1 to None, run_after=None
[2025-10-30T21:07:18.560+0000] {logging_mixin.py:188} INFO - [2025-10-30T21:07:18.560+0000] {dag.py:3954} INFO - Setting next_dagrun for dataset_consumes_1_and_2 to None, run_after=None
[2025-10-30T21:07:18.564+0000] {logging_mixin.py:188} INFO - [2025-10-30T21:07:18.563+0000] {dag.py:3954} INFO - Setting next_dagrun for dataset_consumes_1_never_scheduled to None, run_after=None
[2025-10-30T21:07:18.568+0000] {logging_mixin.py:188} INFO - [2025-10-30T21:07:18.567+0000] {dag.py:3954} INFO - Setting next_dagrun for dataset_consumes_unknown_never_scheduled to None, run_after=None
[2025-10-30T21:07:18.575+0000] {logging_mixin.py:188} INFO - [2025-10-30T21:07:18.575+0000] {dag.py:3954} INFO - Setting next_dagrun for dataset_produces_1 to 2025-10-29 00:00:00+00:00, run_after=2025-10-30 00:00:00+00:00
[2025-10-30T21:07:18.579+0000] {logging_mixin.py:188} INFO - [2025-10-30T21:07:18.579+0000] {dag.py:3954} INFO - Setting next_dagrun for dataset_produces_2 to None, run_after=None
[2025-10-30T21:07:18.703+0000] {processor.py:183} INFO - Processing /home/airflow/.local/lib/python3.12/site-packages/airflow/example_dags/example_datasets.py took 0.898 seconds
[2025-10-30T21:07:49.129+0000] {processor.py:161} INFO - Started process (PID=256) to work on /home/airflow/.local/lib/python3.12/site-packages/airflow/example_dags/example_datasets.py
[2025-10-30T21:07:49.133+0000] {processor.py:830} INFO - Processing file /home/airflow/.local/lib/python3.12/site-packages/airflow/example_dags/example_datasets.py for tasks to queue
[2025-10-30T21:07:49.137+0000] {logging_mixin.py:188} INFO - [2025-10-30T21:07:49.136+0000] {dagbag.py:545} INFO - Filling up the DagBag from /home/airflow/.local/lib/python3.12/site-packages/airflow/example_dags/example_datasets.py
[2025-10-30T21:07:49.166+0000] {processor.py:840} INFO - DAG(s) 'dataset_consumes_1_and_2', 'consume_1_or_both_2_and_3_with_dataset_expressions', 'consume_1_and_2_with_dataset_expressions', 'dataset_consumes_unknown_never_scheduled', 'dataset_produces_2', 'dataset_produces_1', 'conditional_dataset_and_time_based_timetable', 'dataset_consumes_1', 'dataset_consumes_1_never_scheduled', 'consume_1_or_2_with_dataset_expressions' retrieved from /home/airflow/.local/lib/python3.12/site-packages/airflow/example_dags/example_datasets.py
[2025-10-30T21:07:49.240+0000] {logging_mixin.py:188} INFO - [2025-10-30T21:07:49.239+0000] {dag.py:3096} INFO - Sync 10 DAGs
[2025-10-30T21:07:49.278+0000] {logging_mixin.py:188} INFO - [2025-10-30T21:07:49.278+0000] {dag.py:3954} INFO - Setting next_dagrun for conditional_dataset_and_time_based_timetable to 2025-10-29 01:00:00+00:00, run_after=2025-10-29 01:00:00+00:00
[2025-10-30T21:07:49.284+0000] {logging_mixin.py:188} INFO - [2025-10-30T21:07:49.284+0000] {dag.py:3954} INFO - Setting next_dagrun for consume_1_and_2_with_dataset_expressions to None, run_after=None
[2025-10-30T21:07:49.286+0000] {logging_mixin.py:188} INFO - [2025-10-30T21:07:49.286+0000] {dag.py:3954} INFO - Setting next_dagrun for consume_1_or_2_with_dataset_expressions to None, run_after=None
[2025-10-30T21:07:49.289+0000] {logging_mixin.py:188} INFO - [2025-10-30T21:07:49.289+0000] {dag.py:3954} INFO - Setting next_dagrun for consume_1_or_both_2_and_3_with_dataset_expressions to None, run_after=None
[2025-10-30T21:07:49.291+0000] {logging_mixin.py:188} INFO - [2025-10-30T21:07:49.291+0000] {dag.py:3954} INFO - Setting next_dagrun for dataset_consumes_1 to None, run_after=None
[2025-10-30T21:07:49.293+0000] {logging_mixin.py:188} INFO - [2025-10-30T21:07:49.293+0000] {dag.py:3954} INFO - Setting next_dagrun for dataset_consumes_1_and_2 to None, run_after=None
[2025-10-30T21:07:49.295+0000] {logging_mixin.py:188} INFO - [2025-10-30T21:07:49.295+0000] {dag.py:3954} INFO - Setting next_dagrun for dataset_consumes_1_never_scheduled to None, run_after=None
[2025-10-30T21:07:49.297+0000] {logging_mixin.py:188} INFO - [2025-10-30T21:07:49.297+0000] {dag.py:3954} INFO - Setting next_dagrun for dataset_consumes_unknown_never_scheduled to None, run_after=None
[2025-10-30T21:07:49.302+0000] {logging_mixin.py:188} INFO - [2025-10-30T21:07:49.301+0000] {dag.py:3954} INFO - Setting next_dagrun for dataset_produces_1 to 2025-10-29 00:00:00+00:00, run_after=2025-10-30 00:00:00+00:00
[2025-10-30T21:07:49.304+0000] {logging_mixin.py:188} INFO - [2025-10-30T21:07:49.303+0000] {dag.py:3954} INFO - Setting next_dagrun for dataset_produces_2 to None, run_after=None
[2025-10-30T21:07:49.368+0000] {processor.py:183} INFO - Processing /home/airflow/.local/lib/python3.12/site-packages/airflow/example_dags/example_datasets.py took 0.250 seconds
[2025-10-30T21:08:19.682+0000] {processor.py:161} INFO - Started process (PID=315) to work on /home/airflow/.local/lib/python3.12/site-packages/airflow/example_dags/example_datasets.py
[2025-10-30T21:08:19.684+0000] {processor.py:830} INFO - Processing file /home/airflow/.local/lib/python3.12/site-packages/airflow/example_dags/example_datasets.py for tasks to queue
[2025-10-30T21:08:19.687+0000] {logging_mixin.py:188} INFO - [2025-10-30T21:08:19.687+0000] {dagbag.py:545} INFO - Filling up the DagBag from /home/airflow/.local/lib/python3.12/site-packages/airflow/example_dags/example_datasets.py
[2025-10-30T21:08:19.720+0000] {processor.py:840} INFO - DAG(s) 'dataset_consumes_1_and_2', 'dataset_consumes_1_never_scheduled', 'consume_1_or_both_2_and_3_with_dataset_expressions', 'dataset_consumes_1', 'dataset_consumes_unknown_never_scheduled', 'dataset_produces_1', 'dataset_produces_2', 'consume_1_and_2_with_dataset_expressions', 'conditional_dataset_and_time_based_timetable', 'consume_1_or_2_with_dataset_expressions' retrieved from /home/airflow/.local/lib/python3.12/site-packages/airflow/example_dags/example_datasets.py
[2025-10-30T21:08:19.798+0000] {logging_mixin.py:188} INFO - [2025-10-30T21:08:19.797+0000] {dag.py:3096} INFO - Sync 10 DAGs
[2025-10-30T21:08:19.839+0000] {logging_mixin.py:188} INFO - [2025-10-30T21:08:19.839+0000] {dag.py:3954} INFO - Setting next_dagrun for conditional_dataset_and_time_based_timetable to 2025-10-29 01:00:00+00:00, run_after=2025-10-29 01:00:00+00:00
[2025-10-30T21:08:19.846+0000] {logging_mixin.py:188} INFO - [2025-10-30T21:08:19.845+0000] {dag.py:3954} INFO - Setting next_dagrun for consume_1_and_2_with_dataset_expressions to None, run_after=None
[2025-10-30T21:08:19.849+0000] {logging_mixin.py:188} INFO - [2025-10-30T21:08:19.848+0000] {dag.py:3954} INFO - Setting next_dagrun for consume_1_or_2_with_dataset_expressions to None, run_after=None
[2025-10-30T21:08:19.852+0000] {logging_mixin.py:188} INFO - [2025-10-30T21:08:19.852+0000] {dag.py:3954} INFO - Setting next_dagrun for consume_1_or_both_2_and_3_with_dataset_expressions to None, run_after=None
[2025-10-30T21:08:19.855+0000] {logging_mixin.py:188} INFO - [2025-10-30T21:08:19.855+0000] {dag.py:3954} INFO - Setting next_dagrun for dataset_consumes_1 to None, run_after=None
[2025-10-30T21:08:19.858+0000] {logging_mixin.py:188} INFO - [2025-10-30T21:08:19.858+0000] {dag.py:3954} INFO - Setting next_dagrun for dataset_consumes_1_and_2 to None, run_after=None
[2025-10-30T21:08:19.861+0000] {logging_mixin.py:188} INFO - [2025-10-30T21:08:19.860+0000] {dag.py:3954} INFO - Setting next_dagrun for dataset_consumes_1_never_scheduled to None, run_after=None
[2025-10-30T21:08:19.863+0000] {logging_mixin.py:188} INFO - [2025-10-30T21:08:19.863+0000] {dag.py:3954} INFO - Setting next_dagrun for dataset_consumes_unknown_never_scheduled to None, run_after=None
[2025-10-30T21:08:19.867+0000] {logging_mixin.py:188} INFO - [2025-10-30T21:08:19.866+0000] {dag.py:3954} INFO - Setting next_dagrun for dataset_produces_1 to 2025-10-29 00:00:00+00:00, run_after=2025-10-30 00:00:00+00:00
[2025-10-30T21:08:19.869+0000] {logging_mixin.py:188} INFO - [2025-10-30T21:08:19.869+0000] {dag.py:3954} INFO - Setting next_dagrun for dataset_produces_2 to None, run_after=None
[2025-10-30T21:08:19.924+0000] {processor.py:183} INFO - Processing /home/airflow/.local/lib/python3.12/site-packages/airflow/example_dags/example_datasets.py took 0.250 seconds
[2025-10-30T21:09:02.975+0000] {processor.py:161} INFO - Started process (PID=374) to work on /home/airflow/.local/lib/python3.12/site-packages/airflow/example_dags/example_datasets.py
[2025-10-30T21:09:02.994+0000] {processor.py:830} INFO - Processing file /home/airflow/.local/lib/python3.12/site-packages/airflow/example_dags/example_datasets.py for tasks to queue
[2025-10-30T21:09:03.031+0000] {logging_mixin.py:188} INFO - [2025-10-30T21:09:03.030+0000] {dagbag.py:545} INFO - Filling up the DagBag from /home/airflow/.local/lib/python3.12/site-packages/airflow/example_dags/example_datasets.py
[2025-10-30T21:09:03.340+0000] {processor.py:840} INFO - DAG(s) 'conditional_dataset_and_time_based_timetable', 'dataset_produces_1', 'dataset_produces_2', 'consume_1_and_2_with_dataset_expressions', 'dataset_consumes_1_never_scheduled', 'dataset_consumes_1_and_2', 'consume_1_or_2_with_dataset_expressions', 'consume_1_or_both_2_and_3_with_dataset_expressions', 'dataset_consumes_1', 'dataset_consumes_unknown_never_scheduled' retrieved from /home/airflow/.local/lib/python3.12/site-packages/airflow/example_dags/example_datasets.py
[2025-10-30T21:09:03.646+0000] {logging_mixin.py:188} INFO - [2025-10-30T21:09:03.644+0000] {dag.py:3096} INFO - Sync 10 DAGs
[2025-10-30T21:09:03.750+0000] {logging_mixin.py:188} INFO - [2025-10-30T21:09:03.749+0000] {dag.py:3954} INFO - Setting next_dagrun for conditional_dataset_and_time_based_timetable to 2025-10-29 01:00:00+00:00, run_after=2025-10-29 01:00:00+00:00
[2025-10-30T21:09:03.766+0000] {logging_mixin.py:188} INFO - [2025-10-30T21:09:03.765+0000] {dag.py:3954} INFO - Setting next_dagrun for consume_1_and_2_with_dataset_expressions to None, run_after=None
[2025-10-30T21:09:03.771+0000] {logging_mixin.py:188} INFO - [2025-10-30T21:09:03.770+0000] {dag.py:3954} INFO - Setting next_dagrun for consume_1_or_2_with_dataset_expressions to None, run_after=None
[2025-10-30T21:09:03.775+0000] {logging_mixin.py:188} INFO - [2025-10-30T21:09:03.774+0000] {dag.py:3954} INFO - Setting next_dagrun for consume_1_or_both_2_and_3_with_dataset_expressions to None, run_after=None
[2025-10-30T21:09:03.796+0000] {logging_mixin.py:188} INFO - [2025-10-30T21:09:03.787+0000] {dag.py:3954} INFO - Setting next_dagrun for dataset_consumes_1 to None, run_after=None
[2025-10-30T21:09:03.831+0000] {logging_mixin.py:188} INFO - [2025-10-30T21:09:03.830+0000] {dag.py:3954} INFO - Setting next_dagrun for dataset_consumes_1_and_2 to None, run_after=None
[2025-10-30T21:09:03.839+0000] {logging_mixin.py:188} INFO - [2025-10-30T21:09:03.839+0000] {dag.py:3954} INFO - Setting next_dagrun for dataset_consumes_1_never_scheduled to None, run_after=None
[2025-10-30T21:09:03.844+0000] {logging_mixin.py:188} INFO - [2025-10-30T21:09:03.843+0000] {dag.py:3954} INFO - Setting next_dagrun for dataset_consumes_unknown_never_scheduled to None, run_after=None
[2025-10-30T21:09:03.850+0000] {logging_mixin.py:188} INFO - [2025-10-30T21:09:03.850+0000] {dag.py:3954} INFO - Setting next_dagrun for dataset_produces_1 to 2025-10-29 00:00:00+00:00, run_after=2025-10-30 00:00:00+00:00
[2025-10-30T21:09:03.855+0000] {logging_mixin.py:188} INFO - [2025-10-30T21:09:03.854+0000] {dag.py:3954} INFO - Setting next_dagrun for dataset_produces_2 to None, run_after=None
[2025-10-30T21:09:04.004+0000] {processor.py:183} INFO - Processing /home/airflow/.local/lib/python3.12/site-packages/airflow/example_dags/example_datasets.py took 1.090 seconds
[2025-10-30T21:09:34.533+0000] {processor.py:161} INFO - Started process (PID=431) to work on /home/airflow/.local/lib/python3.12/site-packages/airflow/example_dags/example_datasets.py
[2025-10-30T21:09:34.552+0000] {processor.py:830} INFO - Processing file /home/airflow/.local/lib/python3.12/site-packages/airflow/example_dags/example_datasets.py for tasks to queue
[2025-10-30T21:09:34.558+0000] {logging_mixin.py:188} INFO - [2025-10-30T21:09:34.557+0000] {dagbag.py:545} INFO - Filling up the DagBag from /home/airflow/.local/lib/python3.12/site-packages/airflow/example_dags/example_datasets.py
[2025-10-30T21:09:34.714+0000] {processor.py:840} INFO - DAG(s) 'dataset_produces_2', 'consume_1_and_2_with_dataset_expressions', 'dataset_consumes_1_never_scheduled', 'conditional_dataset_and_time_based_timetable', 'dataset_produces_1', 'consume_1_or_2_with_dataset_expressions', 'dataset_consumes_unknown_never_scheduled', 'dataset_consumes_1', 'consume_1_or_both_2_and_3_with_dataset_expressions', 'dataset_consumes_1_and_2' retrieved from /home/airflow/.local/lib/python3.12/site-packages/airflow/example_dags/example_datasets.py
[2025-10-30T21:09:34.948+0000] {logging_mixin.py:188} INFO - [2025-10-30T21:09:34.939+0000] {dag.py:3096} INFO - Sync 10 DAGs
[2025-10-30T21:09:35.102+0000] {logging_mixin.py:188} INFO - [2025-10-30T21:09:35.094+0000] {dag.py:3954} INFO - Setting next_dagrun for conditional_dataset_and_time_based_timetable to 2025-10-29 01:00:00+00:00, run_after=2025-10-29 01:00:00+00:00
[2025-10-30T21:09:35.114+0000] {logging_mixin.py:188} INFO - [2025-10-30T21:09:35.114+0000] {dag.py:3954} INFO - Setting next_dagrun for consume_1_and_2_with_dataset_expressions to None, run_after=None
[2025-10-30T21:09:35.119+0000] {logging_mixin.py:188} INFO - [2025-10-30T21:09:35.118+0000] {dag.py:3954} INFO - Setting next_dagrun for consume_1_or_2_with_dataset_expressions to None, run_after=None
[2025-10-30T21:09:35.123+0000] {logging_mixin.py:188} INFO - [2025-10-30T21:09:35.122+0000] {dag.py:3954} INFO - Setting next_dagrun for consume_1_or_both_2_and_3_with_dataset_expressions to None, run_after=None
[2025-10-30T21:09:35.128+0000] {logging_mixin.py:188} INFO - [2025-10-30T21:09:35.127+0000] {dag.py:3954} INFO - Setting next_dagrun for dataset_consumes_1 to None, run_after=None
[2025-10-30T21:09:35.132+0000] {logging_mixin.py:188} INFO - [2025-10-30T21:09:35.132+0000] {dag.py:3954} INFO - Setting next_dagrun for dataset_consumes_1_and_2 to None, run_after=None
[2025-10-30T21:09:35.136+0000] {logging_mixin.py:188} INFO - [2025-10-30T21:09:35.135+0000] {dag.py:3954} INFO - Setting next_dagrun for dataset_consumes_1_never_scheduled to None, run_after=None
[2025-10-30T21:09:35.140+0000] {logging_mixin.py:188} INFO - [2025-10-30T21:09:35.139+0000] {dag.py:3954} INFO - Setting next_dagrun for dataset_consumes_unknown_never_scheduled to None, run_after=None
[2025-10-30T21:09:35.148+0000] {logging_mixin.py:188} INFO - [2025-10-30T21:09:35.147+0000] {dag.py:3954} INFO - Setting next_dagrun for dataset_produces_1 to 2025-10-29 00:00:00+00:00, run_after=2025-10-30 00:00:00+00:00
[2025-10-30T21:09:35.152+0000] {logging_mixin.py:188} INFO - [2025-10-30T21:09:35.152+0000] {dag.py:3954} INFO - Setting next_dagrun for dataset_produces_2 to None, run_after=None
[2025-10-30T21:09:35.273+0000] {processor.py:183} INFO - Processing /home/airflow/.local/lib/python3.12/site-packages/airflow/example_dags/example_datasets.py took 0.766 seconds
